window_label,window_years,start_year,end_year,center_year,analysis,comparison,exposure_definition,outcome_name,outcome_definition,zolpidem_cases,zolpidem_fall_cases,zolpidem_fall_reporting_rate,a,b,c,d,n,exposed_n,unexposed_n,reporting_rate_exposed,reporting_rate_unexposed,ror,ror_ci_low,ror_ci_high,prr,prr_ci_low,prr_ci_high,chi_square_yates,p_value,expected_a,ic,ic025,ic975,ebgm,eb05,eb95,signal_flag_mhra,signal_flag_ror,signal_flag_ic,signal_flag_ebgm,stability_status
2004-2006,3,2004,2006,2005.0,primary_ps_ss,zolpidem_suspect_vs_all_other_suspect_drugs_excluding_mixed_zdrug_cases,is_zolpidem_suspect,strict_fall,OCMQ-compatible narrow fall event,384,55,0.14322916666666666,55,329,5290,145954,151628,384,151244,0.14322916666666666,0.03497659411282431,4.612401675467275,3.4622202704349947,6.144683917866503,4.095000393824826,3.2017902280612596,5.23739128143302,128.82077859048775,7.422704927124969e-30,13.536286174057562,1.9833265044119002,1.5766699843677738,2.3391518897643087,3.8180832468909984,3.0465271954077338,4.736473340388758,True,True,True,True,stable
2005-2007,3,2005,2007,2006.0,primary_ps_ss,zolpidem_suspect_vs_all_other_suspect_drugs_excluding_mixed_zdrug_cases,is_zolpidem_suspect,strict_fall,OCMQ-compatible narrow fall event,423,75,0.1773049645390071,75,348,5252,146623,152298,423,151875,0.1773049645390071,0.034581069958847736,6.016714486435381,4.680979319135749,7.733606739789049,5.127226102315633,4.168568831147053,6.306348430147676,250.35491114653664,2.1730317162813044e-56,14.795473348303982,2.3033718898342546,1.9582253092830209,2.611194579332337,4.779885363141843,3.941071687749704,5.7538714327947895,True,True,True,True,stable
2006-2008,3,2006,2008,2007.0,primary_ps_ss,zolpidem_suspect_vs_all_other_suspect_drugs_excluding_mixed_zdrug_cases,is_zolpidem_suspect,strict_fall,OCMQ-compatible narrow fall event,471,93,0.19745222929936307,93,378,5180,144691,150342,471,149871,0.19745222929936307,0.034563057562837375,6.87231261874119,5.468163877330544,8.63702730737572,5.712811401027961,4.75254703383137,6.867099656540309,363.3069701760094,5.364258867849528e-81,16.519555413656864,2.4577730136926035,2.1495167356911065,2.735908882926466,5.336918855375459,4.488753249040622,6.306975730633008,True,True,True,True,stable
2007-2009,3,2007,2009,2008.0,primary_ps_ss,zolpidem_suspect_vs_all_other_suspect_drugs_excluding_mixed_zdrug_cases,is_zolpidem_suspect,strict_fall,OCMQ-compatible narrow fall event,511,95,0.18590998043052837,95,416,4943,139955,145409,511,144898,0.18590998043052837,0.03411365236235145,6.465886587870959,5.164813327575071,8.09471450671745,5.449723719284382,4.536106251601758,6.547352943076128,346.2778122289031,2.739750088797663e-77,17.704667524018458,2.3911923403928657,2.086354573354552,2.6665420520839485,5.10570081880198,4.302241451111125,6.023330259031106,True,True,True,True,stable
2008-2010,3,2008,2010,2009.0,primary_ps_ss,zolpidem_suspect_vs_all_other_suspect_drugs_excluding_mixed_zdrug_cases,is_zolpidem_suspect,strict_fall,OCMQ-compatible narrow fall event,540,84,0.15555555555555556,84,456,6343,173116,179999,540,179459,0.15555555555555556,0.035345120612507594,5.027556278367367,3.978363367087335,6.353447334966939,4.401047523954666,3.610491299538761,5.364704606982963,222.4789542885657,2.604197362702288e-50,19.28110711726176,2.0948281676797444,1.7696579729089743,2.386660898723703,4.166463526741137,3.47242457535991,4.965788447889834,True,True,True,True,stable
2009-2011,3,2009,2011,2010.0,primary_ps_ss,zolpidem_suspect_vs_all_other_suspect_drugs_excluding_mixed_zdrug_cases,is_zolpidem_suspect,strict_fall,OCMQ-compatible narrow fall event,635,82,0.12913385826771653,82,553,8871,228913,238419,635,237784,0.12913385826771653,0.037306967668135786,3.8263667928269838,3.031353471199354,4.829883077758107,3.4613871439894837,2.8254069082047852,4.240522285757532,145.22782963110345,1.914926014852348e-33,23.845226261329845,1.7607552104712063,1.431440726088728,2.0559217377854457,3.3205777307600313,2.76126813710463,3.965830374531127,True,True,True,True,stable
2010-2012,3,2010,2012,2011.0,primary_ps_ss,zolpidem_suspect_vs_all_other_suspect_drugs_excluding_mixed_zdrug_cases,is_zolpidem_suspect,strict_fall,OCMQ-compatible narrow fall event,729,101,0.13854595336076816,101,628,12076,303618,316423,729,315694,0.13854595336076816,0.03825223159135112,4.043580940666648,3.274677155610122,4.993025585960768,3.6219051176113237,3.019657235319433,4.344266802053576,195.01591009633756,2.55587201348761e-44,28.054322852637135,1.8296986498809564,1.534482093296385,2.097174342378859,3.493470180588832,2.9591265905550936,4.1013175594452935,True,True,True,True,stable
2011-2013,3,2011,2013,2012.0,primary_ps_ss,zolpidem_suspect_vs_all_other_suspect_drugs_excluding_mixed_zdrug_cases,is_zolpidem_suspect,strict_fall,OCMQ-compatible narrow fall event,920,135,0.14673913043478262,135,785,14513,367397,382830,920,381910,0.14673913043478262,0.038001099735539785,4.353539830970783,3.624141687887885,5.229737325997021,3.8614443122957236,3.3015889525803725,4.516235179823771,291.9538563475905,1.8656644884560345e-65,35.20142099626466,1.9242394485856629,1.6705004038345999,2.1572105671700674,3.742955491014407,3.2430489300739818,4.301864171235311,True,True,True,True,stable
2012-2014,3,2012,2014,2013.0,primary_ps_ss,zolpidem_suspect_vs_all_other_suspect_drugs_excluding_mixed_zdrug_cases,is_zolpidem_suspect,strict_fall,OCMQ-compatible narrow fall event,1069,155,0.1449953227315248,155,914,16034,431321,448424,1069,447355,0.1449953227315248,0.03584178113578702,4.561883882417259,3.844909499632853,5.412555109202329,4.045427379353952,3.494621405101115,4.683048829763881,362.00593763115603,1.0299120401153699e-80,38.59303025707812,1.9919312572208092,1.7557710611995079,2.209998701394968,3.927465691346846,3.4359533362172074,4.472929409292122,True,True,True,True,stable
2013-2015,3,2013,2015,2014.0,primary_ps_ss,zolpidem_suspect_vs_all_other_suspect_drugs_excluding_mixed_zdrug_cases,is_zolpidem_suspect,strict_fall,OCMQ-compatible narrow fall event,1252,168,0.134185303514377,168,1084,19021,557637,577910,1252,576658,0.134185303514377,0.03298488879023615,4.5435805948407,3.859589181239981,5.348788084015868,4.068084157194344,3.5316791470553137,4.685960423050971,395.41960171030763,5.470713615316317e-88,41.571573428388504,2.0018309120459947,1.7753331340776444,2.211633775753096,3.9580460318672466,3.481203776630081,4.485066600505966,True,True,True,True,stable
2014-2016,3,2014,2016,2015.0,primary_ps_ss,zolpidem_suspect_vs_all_other_suspect_drugs_excluding_mixed_zdrug_cases,is_zolpidem_suspect,strict_fall,OCMQ-compatible narrow fall event,1273,170,0.1335428122545169,170,1103,21446,643466,666185,1273,664912,0.1335428122545169,0.032253892244387225,4.624371452590576,3.9324937724498925,5.4379771638423255,4.140362696156642,3.597492782447423,4.7651529252167535,411.9887606553639,1.3527790775292113e-91,41.3055952925989,2.0280037875086614,1.8028910208086397,2.236617746170542,4.03020553661394,3.5473813763991915,4.563523722858469,True,True,True,True,stable
2015-2017,3,2015,2017,2016.0,primary_ps_ss,zolpidem_suspect_vs_all_other_suspect_drugs_excluding_mixed_zdrug_cases,is_zolpidem_suspect,strict_fall,OCMQ-compatible narrow fall event,1350,154,0.11407407407407408,154,1196,24066,722778,748194,1350,746844,0.11407407407407408,0.03222359689573726,3.867145867259685,3.268149816569818,4.575927664895094,3.540078857216728,3.049477369031831,4.109608565251196,285.6122429748291,4.494005703567059e-64,43.7012325680238,1.8054483327446018,1.5684933532601453,2.0241932760768404,3.456286567720733,3.0224179199626255,3.9379411889998286,True,True,True,True,stable
2016-2018,3,2016,2018,2017.0,primary_ps_ss,zolpidem_suspect_vs_all_other_suspect_drugs_excluding_mixed_zdrug_cases,is_zolpidem_suspect,strict_fall,OCMQ-compatible narrow fall event,1642,202,0.12302070645554203,202,1440,25988,776891,804521,1642,802879,0.12302070645554203,0.03236851381092294,4.19349480743249,3.617403019483383,4.861332454594652,3.8006288201600404,3.3383266580638264,4.326952065562342,424.70648219293,2.306949932546127e-94,53.45289930281497,1.9081495140257543,1.7022584404863494,2.100152041415367,3.718814027411666,3.3083008458302707,4.1685595366730475,True,True,True,True,stable
2017-2019,3,2017,2019,2018.0,primary_ps_ss,zolpidem_suspect_vs_all_other_suspect_drugs_excluding_mixed_zdrug_cases,is_zolpidem_suspect,strict_fall,OCMQ-compatible narrow fall event,1900,224,0.11789473684210526,224,1676,28025,827933,857858,1900,855958,0.11789473684210526,0.03274109243677844,3.9484221171431066,3.4327914197190426,4.541504364521169,3.600818667543077,3.1823726740976257,4.0742855737985595,428.99970808763356,2.68288509939331e-95,62.56641542073397,1.831771604451864,1.6365834555275711,2.0144336559225486,3.531742101723571,3.1606100298746873,3.936482865001852,True,True,True,True,stable
2018-2020,3,2018,2020,2019.0,primary_ps_ss,zolpidem_suspect_vs_all_other_suspect_drugs_excluding_mixed_zdrug_cases,is_zolpidem_suspect,strict_fall,OCMQ-compatible narrow fall event,1953,265,0.13568868407578086,265,1688,29904,859337,891194,1953,889241,0.13568868407578086,0.03362867883959467,4.511361811984765,3.9613244138682027,5.137772944670419,4.034909748402603,3.605625143729216,4.5153048441735155,617.5072931210783,2.605634940942844e-136,66.11361499291961,1.9948228795915577,1.815830924349894,2.1632248099976845,3.955980570622879,3.5723552593157746,4.3714397150501645,True,True,True,True,stable
2019-2021,3,2019,2021,2020.0,primary_ps_ss,zolpidem_suspect_vs_all_other_suspect_drugs_excluding_mixed_zdrug_cases,is_zolpidem_suspect,strict_fall,OCMQ-compatible narrow fall event,1582,199,0.12579013906447534,199,1383,29090,864213,894885,1582,893303,0.12579013906447534,0.03256453857201868,4.274722922130362,3.6827498428625542,4.961851019124115,3.8627950703579583,3.3905487769710425,4.4008173122085665,430.59417237640514,1.2066093393890745e-95,51.77782396620795,1.9321177502876463,1.7246282115462053,2.1255096450998496,3.7800006491816873,3.359753656129783,4.240724931340614,True,True,True,True,stable
2020-2022,3,2020,2022,2021.0,primary_ps_ss,zolpidem_suspect_vs_all_other_suspect_drugs_excluding_mixed_zdrug_cases,is_zolpidem_suspect,strict_fall,OCMQ-compatible narrow fall event,1377,179,0.1299927378358751,179,1198,27778,900880,930035,1377,928658,0.1299927378358751,0.029911980513816713,4.845763170455571,4.139564760630026,5.67243709470796,4.345841886859676,3.7889363546188712,4.9846025211167335,468.91459697992303,5.520277707227147e-104,41.3928389791782,2.0992082833682137,1.8800315505563296,2.302714535603107,4.234211165082147,3.7391913187200463,4.779622125772631,True,True,True,True,stable
2021-2023,3,2021,2023,2022.0,primary_ps_ss,zolpidem_suspect_vs_all_other_suspect_drugs_excluding_mixed_zdrug_cases,is_zolpidem_suspect,strict_fall,OCMQ-compatible narrow fall event,1181,129,0.10922946655376799,129,1052,25364,907498,934043,1181,932862,0.10922946655376799,0.02718944495541677,4.387346171304738,3.652662256787125,5.269801879737319,4.017348155980173,3.4120018960719825,4.730092977069322,295.948561929475,2.5145656944854525e-66,32.23324086792578,1.9841237443237607,1.7243080518503433,2.222207534582518,3.8967105935295026,3.365042271162834,4.492649237349135,True,True,True,True,stable
2022-2024,3,2022,2024,2023.0,primary_ps_ss,zolpidem_suspect_vs_all_other_suspect_drugs_excluding_mixed_zdrug_cases,is_zolpidem_suspect,strict_fall,OCMQ-compatible narrow fall event,1216,147,0.12088815789473684,147,1069,24707,908461,934384,1216,933168,0.12088815789473684,0.02647647583286182,5.05621930181692,4.253496561099357,6.0104324197357215,4.565870422403197,3.9217519764702953,5.31578050811349,414.43921245520477,3.961288318943783e-92,32.344800424664804,2.1669780500557345,1.9242287307584065,2.3906517435481285,4.423486738723126,3.8558911035212495,5.055141760407203,True,True,True,True,stable
2023-2025,3,2023,2025,2024.0,primary_ps_ss,zolpidem_suspect_vs_all_other_suspect_drugs_excluding_mixed_zdrug_cases,is_zolpidem_suspect,strict_fall,OCMQ-compatible narrow fall event,1242,172,0.13848631239935588,172,1070,26515,908869,936626,1242,935384,0.13848631239935588,0.028346646938583513,5.510034630371453,4.688419821833644,6.4756320426993375,4.885456565617918,4.250520266321959,5.615238690578531,539.5955343473215,2.3089961998806583e-119,35.38792858622332,2.265025802072933,2.041273258531852,2.4724710901861155,4.740589757284286,4.1757962744305495,5.364089238410766,True,True,True,True,stable
2004-2006,3,2004,2006,2005.0,sensitivity_ps_only,zolpidem_primary_suspect_vs_all_other_primary_suspect_drugs_excluding_mixed_zdrug_cases,is_zolpidem_suspect_ps,strict_fall,OCMQ-compatible narrow fall event,209,35,0.1674641148325359,35,174,5310,146112,151631,209,151422,0.1674641148325359,0.03506755953560249,5.534904863952205,3.845671147734646,7.966144445566519,4.775471035060687,3.525598848801483,6.468439713286193,103.7207301693976,2.3294112506036728e-24,7.367259993009345,2.1738858576971296,1.6561788169385485,2.6119343068979415,4.242867270177272,3.1947335811223008,5.545917687549264,True,True,True,True,stable
2005-2007,3,2005,2007,2006.0,sensitivity_ps_only,zolpidem_primary_suspect_vs_all_other_primary_suspect_drugs_excluding_mixed_zdrug_cases,is_zolpidem_suspect_ps,strict_fall,OCMQ-compatible narrow fall event,254,51,0.20078740157480315,51,203,5276,146772,152302,254,152048,0.20078740157480315,0.034699568557297694,6.988960139230721,5.1351276745659336,9.512044670220346,5.786452394739513,4.520995215988002,7.4061196079521565,202.34660921426658,6.423382616557542e-46,8.884046171422568,2.4562904154452605,2.032985915231893,2.8247976585457684,5.210498627917486,4.121174938992038,6.5157479888967105,True,True,True,True,stable
2006-2008,3,2006,2008,2007.0,sensitivity_ps_only,zolpidem_primary_suspect_vs_all_other_primary_suspect_drugs_excluding_mixed_zdrug_cases,is_zolpidem_suspect_ps,strict_fall,OCMQ-compatible narrow fall event,297,58,0.19528619528619529,58,239,5215,144835,150347,297,150050,0.19528619528619529,0.03475508163945352,6.739835604568412,5.052153695220187,8.991290985384063,5.6189249477840075,4.453712514604803,7.088988672999488,220.9952902369484,5.486401530624558e-50,10.416443294512028,2.4219337388767377,2.0265742808287297,2.769079291797891,5.124250233586623,4.113290143721788,6.322182326161818,True,True,True,True,stable
2007-2009,3,2007,2009,2008.0,sensitivity_ps_only,zolpidem_primary_suspect_vs_all_other_primary_suspect_drugs_excluding_mixed_zdrug_cases,is_zolpidem_suspect_ps,strict_fall,OCMQ-compatible narrow fall event,331,58,0.17522658610271905,58,273,4980,140104,145415,331,145084,0.17522658610271905,0.034324942791762014,5.977045177045177,4.495769087782781,7.9463754367459885,5.104934541792548,4.034539484976613,6.459313825785437,191.84523918906973,1.2576655417663133e-43,11.467716535433071,2.2892887152943624,1.8939292572463542,2.636434268215515,4.692175351627021,3.76645904213637,5.789098253803494,True,True,True,True,stable
2008-2010,3,2008,2010,2009.0,sensitivity_ps_only,zolpidem_primary_suspect_vs_all_other_primary_suspect_drugs_excluding_mixed_zdrug_cases,is_zolpidem_suspect_ps,strict_fall,OCMQ-compatible narrow fall event,335,50,0.14925373134328357,50,285,6377,173294,180006,335,179671,0.14925373134328357,0.03549265045555487,4.767517036278952,3.526372999366338,6.445494760563987,4.20520106071493,3.2528235690852423,5.436420262415577,122.40493802751382,1.882208409232664e-28,11.960962412364033,2.0188678898135195,1.5910798425381718,2.3907685216952457,3.8963792522433787,3.0745201185045183,4.882899284961651,True,True,True,True,stable
2009-2011,3,2009,2011,2010.0,sensitivity_ps_only,zolpidem_primary_suspect_vs_all_other_primary_suspect_drugs_excluding_mixed_zdrug_cases,is_zolpidem_suspect_ps,strict_fall,OCMQ-compatible narrow fall event,381,53,0.13910761154855644,53,328,8900,229143,238424,381,238043,0.13910761154855644,0.037388202971731996,4.160242189640997,3.110046027644271,5.565067179915247,3.7206284467250588,2.8958023508780713,4.780393950016028,106.10709089470203,6.985621839511752e-25,14.306835721236117,1.8532755275267692,1.4385397415175885,2.2152715760282486,3.4952213343502425,2.7770240521406846,4.352854637258329,True,True,True,True,stable
2010-2012,3,2010,2012,2011.0,sensitivity_ps_only,zolpidem_primary_suspect_vs_all_other_primary_suspect_drugs_excluding_mixed_zdrug_cases,is_zolpidem_suspect_ps,strict_fall,OCMQ-compatible narrow fall event,429,63,0.14685314685314685,63,366,12116,303881,316426,429,315997,0.14685314685314685,0.0383421361595205,4.3172156855316635,3.3023971785615065,5.6438854164474925,3.8300721233207202,3.0469183042295334,4.8145211013617635,133.39189374444328,7.4215863947196465e-31,16.511889035667107,1.9002132421197337,1.5217928467913313,2.2342301996129525,3.6261454154694994,2.937073303323099,4.43712041958933,True,True,True,True,stable
2011-2013,3,2011,2013,2012.0,sensitivity_ps_only,zolpidem_primary_suspect_vs_all_other_primary_suspect_drugs_excluding_mixed_zdrug_cases,is_zolpidem_suspect_ps,strict_fall,OCMQ-compatible narrow fall event,517,67,0.12959381044487428,67,450,14583,367728,382828,517,382311,0.12959381044487428,0.03814433798661299,3.754413586596265,2.902984702539187,4.855561714427725,3.3974586343681223,2.715736288049333,4.250311498593057,114.84994824291248,8.488341581685465e-27,19.784472400137922,1.7345117236815693,1.3682066755881455,2.059053843082995,3.2476464142827424,2.6475542860215886,3.9504539181156986,True,True,True,True,stable
2012-2014,3,2012,2014,2013.0,sensitivity_ps_only,zolpidem_primary_suspect_vs_all_other_primary_suspect_drugs_excluding_mixed_zdrug_cases,is_zolpidem_suspect_ps,strict_fall,OCMQ-compatible narrow fall event,580,69,0.11896551724137931,69,511,16122,431723,448425,580,447845,0.11896551724137931,0.03599906217552948,3.615883754279684,2.8107816500174616,4.6515940946115535,3.3046837904084803,2.6467862148353087,4.126111468080202,112.19508881500765,3.2382543042394626e-26,20.941695935775215,1.6965939572378406,1.335933946527374,2.0166969294812067,3.167512652836128,2.5900308068186826,3.8422953892707556,True,True,True,True,stable
2013-2015,3,2013,2015,2014.0,sensitivity_ps_only,zolpidem_primary_suspect_vs_all_other_primary_suspect_drugs_excluding_mixed_zdrug_cases,is_zolpidem_suspect_ps,strict_fall,OCMQ-compatible narrow fall event,669,68,0.10164424514200299,68,601,19120,558123,577912,669,577243,0.10164424514200299,0.033122965544839865,3.3027558671391475,2.569142462094953,4.245851088003583,3.0686939852774704,2.4486569076508373,3.8457338575506603,95.61659283186484,1.394328530643007e-22,22.212329904899015,1.5926282780728844,1.2291779655791757,1.91492743932262,2.9510440586175775,2.4094299637172947,3.584631521929684,True,True,True,True,stable
2014-2016,3,2014,2016,2015.0,sensitivity_ps_only,zolpidem_primary_suspect_vs_all_other_primary_suspect_drugs_excluding_mixed_zdrug_cases,is_zolpidem_suspect_ps,strict_fall,OCMQ-compatible narrow fall event,688,68,0.09883720930232558,68,620,21547,643957,666192,688,665504,0.09883720930232558,0.03237696542770592,3.2778364475557558,2.5508731199219037,4.211974203269615,3.0527014498322216,2.4351579595040223,3.8268507820764857,94.59584457883992,2.335080010678055e-22,22.322573672454787,1.5856424963973579,1.2221921839036494,1.9079416576470936,2.9370947312485605,2.3980407988424215,3.5676872819917285,True,True,True,True,stable
2015-2017,3,2015,2017,2016.0,sensitivity_ps_only,zolpidem_primary_suspect_vs_all_other_primary_suspect_drugs_excluding_mixed_zdrug_cases,is_zolpidem_suspect_ps,strict_fall,OCMQ-compatible narrow fall event,710,63,0.08873239436619719,63,647,24156,723333,748199,710,747489,0.08873239436619719,0.032316194619586375,2.915744914623725,2.250444790650289,3.777728048461698,2.745756281354296,2.1684305536967186,3.476789950106476,70.28848341980925,5.1235941065235894e-17,22.98250866413882,1.435170050388212,1.05674965505981,1.7691870078814311,2.6477903972509664,2.144633928740051,3.2399596520079568,True,True,True,True,stable
2016-2018,3,2016,2018,2017.0,sensitivity_ps_only,zolpidem_primary_suspect_vs_all_other_primary_suspect_drugs_excluding_mixed_zdrug_cases,is_zolpidem_suspect_ps,strict_fall,OCMQ-compatible narrow fall event,872,83,0.09518348623853211,83,789,26112,777559,804543,872,803671,0.09518348623853211,0.032490907348902726,3.1325232614037377,2.4976043166416875,3.928845701399893,2.9295422628985652,2.386566020938291,3.5960529877714014,106.70741934324975,5.159912236996197e-25,28.391322775787,1.5311399390500076,1.2039169238787382,1.8246251107606997,2.840991527599842,2.3651267952185497,3.3895068018758527,True,True,True,True,stable
2017-2019,3,2017,2019,2018.0,sensitivity_ps_only,zolpidem_primary_suspect_vs_all_other_primary_suspect_drugs_excluding_mixed_zdrug_cases,is_zolpidem_suspect_ps,strict_fall,OCMQ-compatible narrow fall event,991,102,0.1029263370332997,102,889,28152,828751,857894,991,856903,0.1029263370332997,0.03285319341862498,3.377638936437293,2.7509131904256434,4.147148235954347,3.132917269922052,2.605945518643291,3.766452732782312,150.41411787028727,1.407486461835574e-34,32.63773146799022,1.6290771622247475,1.335378637619766,1.8953060888455335,3.0471854677727053,2.5832328865178393,3.5746267751206493,True,True,True,True,stable
2018-2020,3,2018,2020,2019.0,sensitivity_ps_only,zolpidem_primary_suspect_vs_all_other_primary_suspect_drugs_excluding_mixed_zdrug_cases,is_zolpidem_suspect_ps,strict_fall,OCMQ-compatible narrow fall event,1025,118,0.1151219512195122,118,907,30056,860158,891239,1025,890214,0.1151219512195122,0.03376266830222845,3.7232463385509855,3.0723431610595004,4.512049133454481,3.409740906405604,2.876411759151028,4.041957140464209,204.70496384501422,1.9640905674285724e-46,34.70264429631109,1.7511313510037287,1.4789608886625731,1.999548581863858,3.3190917353374827,2.8469318996359503,3.851073676095212,True,True,True,True,stable
2019-2021,3,2019,2021,2020.0,sensitivity_ps_only,zolpidem_primary_suspect_vs_all_other_primary_suspect_drugs_excluding_mixed_zdrug_cases,is_zolpidem_suspect_ps,strict_fall,OCMQ-compatible narrow fall event,829,96,0.1158021712907117,96,733,29193,864880,894902,829,894073,0.1158021712907117,0.03265169622614708,3.8801131052880464,3.1355559553398757,4.801469954375648,3.5465897541328566,2.937461225727766,4.282030609954294,178.2686368486986,1.1573295042473215e-40,27.132111672563028,1.8041831238740529,1.5010132071815059,2.0781713086078146,3.430259089505084,2.8930702335892207,4.043358668838879,True,True,True,True,stable
2020-2022,3,2020,2022,2021.0,sensitivity_ps_only,zolpidem_primary_suspect_vs_all_other_primary_suspect_drugs_excluding_mixed_zdrug_cases,is_zolpidem_suspect_ps,strict_fall,OCMQ-compatible narrow fall event,719,75,0.1043115438108484,75,644,27887,901003,929609,719,928890,0.1043115438108484,0.03002185404084445,3.7627021050125316,2.9615224887775002,4.7806245553482345,3.4745203833491938,2.803734908336548,4.305789344924732,133.37378821132816,7.489578266625106e-31,21.627025986194194,1.7706670877090025,1.4255205071577683,2.0784897772070843,3.3367421731659164,2.7511831579452,4.016662327684204,True,True,True,True,stable
2021-2023,3,2021,2023,2022.0,sensitivity_ps_only,zolpidem_primary_suspect_vs_all_other_primary_suspect_drugs_excluding_mixed_zdrug_cases,is_zolpidem_suspect_ps,strict_fall,OCMQ-compatible narrow fall event,662,56,0.08459214501510574,56,606,25440,907334,933436,662,932774,0.08459214501510574,0.027273487468561515,3.295835149552691,2.50584452290378,4.334877616604673,3.101625529650953,2.4134087703814457,3.98609677906411,79.66216360639507,4.442266628296004e-19,18.081959555877425,1.604348218741652,1.2015619248842457,1.9572067978942427,2.9609504863516594,2.3674484552232875,3.666310409282856,True,True,True,True,stable
2022-2024,3,2022,2024,2023.0,sensitivity_ps_only,zolpidem_primary_suspect_vs_all_other_primary_suspect_drugs_excluding_mixed_zdrug_cases,is_zolpidem_suspect_ps,strict_fall,OCMQ-compatible narrow fall event,676,44,0.0650887573964497,44,632,24813,908322,933811,676,933135,0.0650887573964497,0.026591007732000193,2.5485675893659256,1.8770052354408129,3.460404177317627,2.447773249229682,1.838981763953416,3.2581040209794114,37.16786281747669,1.0838534419884406e-09,17.99436074323391,1.2667199014459958,0.8087605722568736,1.6612165266132253,2.342849904678421,1.8196461402403161,2.978391104392906,True,True,True,False,stable
2023-2025,3,2023,2025,2024.0,sensitivity_ps_only,zolpidem_primary_suspect_vs_all_other_primary_suspect_drugs_excluding_mixed_zdrug_cases,is_zolpidem_suspect_ps,strict_fall,OCMQ-compatible narrow fall event,741,49,0.06612685560053981,49,692,26636,909182,936559,741,935818,0.06612685560053981,0.028462799390479774,2.4169730522470783,1.8085332022217928,3.230108647224129,2.3232730798312797,1.7720450736635531,3.0459709426632386,36.59618224126093,1.4531604286221928e-09,21.11301583776356,1.1955281281169425,0.7631144847030146,1.5709199422617022,2.2385386987041636,1.7620722957185475,2.811514139822993,True,True,True,False,stable
