年龄段,报告国家,报告数,百分比,年龄段总报告数
65-74岁,US,32941,60.76,54217
65-74岁,CA,4772,8.8,54217
65-74岁,UNKNOWN,3052,5.63,54217
65-74岁,JP,1751,3.23,54217
65-74岁,FR,1679,3.1,54217
65-74岁,GB,1675,3.09,54217
65-74岁,DE,1588,2.93,54217
65-74岁,BR,806,1.49,54217
65-74岁,AR,538,0.99,54217
65-74岁,AU,479,0.88,54217
65-74岁,IT,470,0.87,54217
65-74岁,ES,405,0.75,54217
65-74岁,NL,377,0.7,54217
65-74岁,CO,354,0.65,54217
65-74岁,EU,267,0.49,54217
65-74岁,CH,216,0.4,54217
65-74岁,IL,170,0.31,54217
65-74岁,BE,153,0.28,54217
65-74岁,MX,150,0.28,54217
65-74岁,TW,147,0.27,54217
65-74岁,SE,143,0.26,54217
65-74岁,CN,140,0.26,54217
65-74岁,DK,135,0.25,54217
65-74岁,IE,126,0.23,54217
65-74岁,IN,97,0.18,54217
65-74岁,ZA,86,0.16,54217
65-74岁,GR,86,0.16,54217
65-74岁,AT,74,0.14,54217
65-74岁,MEXICO,72,0.13,54217
65-74岁,PT,68,0.13,54217
65-74岁,FI,67,0.12,54217
65-74岁,PL,67,0.12,54217
65-74岁,KR,57,0.11,54217
65-74岁,CL,56,0.1,54217
65-74岁,TR,56,0.1,54217
65-74岁,RO,55,0.1,54217
65-74岁,CZ,51,0.09,54217
65-74岁,PR,46,0.08,54217
65-74岁,HU,41,0.08,54217
65-74岁,PE,37,0.07,54217
65-74岁,"KOREA, REPUBLIC OF",35,0.06,54217
65-74岁,NO,30,0.06,54217
65-74岁,TH,29,0.05,54217
65-74岁,SI,26,0.05,54217
65-74岁,SWEDEN,26,0.05,54217
65-74岁,NZ,24,0.04,54217
65-74岁,VENEZUELA,22,0.04,54217
65-74岁,RU,21,0.04,54217
65-74岁,SG,20,0.04,54217
65-74岁,VE,18,0.03,54217
65-74岁,HR,17,0.03,54217
65-74岁,EG,16,0.03,54217
65-74岁,UY,14,0.03,54217
65-74岁,CR,14,0.03,54217
65-74岁,LB,14,0.03,54217
65-74岁,ISRAEL,13,0.02,54217
65-74岁,"TAIWAN, PROVINCE OF CHINA",13,0.02,54217
65-74岁,MY,12,0.02,54217
65-74岁,IRELAND,12,0.02,54217
65-74岁,EC,11,0.02,54217
65-74岁,BG,11,0.02,54217
65-74岁,FINLAND,11,0.02,54217
65-74岁,AUSTRIA,10,0.02,54217
65-74岁,SINGAPORE,10,0.02,54217
65-74岁,CHILE,10,0.02,54217
65-74岁,LU,10,0.02,54217
65-74岁,PH,10,0.02,54217
65-74岁,NEW ZEALAND,10,0.02,54217
65-74岁,PA,10,0.02,54217
65-74岁,ECUADOR,10,0.02,54217
65-74岁,RUSSIAN FEDERATION,10,0.02,54217
65-74岁,DO,9,0.02,54217
65-74岁,SK,7,0.01,54217
65-74岁,PK,7,0.01,54217
65-74岁,NORWAY,6,0.01,54217
65-74岁,GT,6,0.01,54217
65-74岁,GREECE,5,0.01,54217
65-74岁,AE,5,0.01,54217
65-74岁,HK,5,0.01,54217
65-74岁,HN,5,0.01,54217
65-74岁,UA,5,0.01,54217
65-74岁,PUERTO RICO,5,0.01,54217
65-74岁,POLAND,5,0.01,54217
65-74岁,CZECH REPUBLIC,5,0.01,54217
65-74岁,IR,4,0.01,54217
65-74岁,SA,4,0.01,54217
65-74岁,CY,4,0.01,54217
65-74岁,EE,4,0.01,54217
65-74岁,VN,4,0.01,54217
65-74岁,KW,4,0.01,54217
65-74岁,TURKEY,4,0.01,54217
65-74岁,JM,3,0.01,54217
65-74岁,RS,3,0.01,54217
65-74岁,MA,3,0.01,54217
65-74岁,LV,3,0.01,54217
65-74岁,AF,2,0.0,54217
65-74岁,A1,2,0.0,54217
65-74岁,SZ,2,0.0,54217
65-74岁,AM,2,0.0,54217
65-74岁,EGYPT,2,0.0,54217
65-74岁,HUNGARY,2,0.0,54217
65-74岁,UZ,2,0.0,54217
65-74岁,SLOVAKIA (SLOVAK REPUBLIC),2,0.0,54217
65-74岁,JO,2,0.0,54217
65-74岁,LEBANON,2,0.0,54217
65-74岁,UM,2,0.0,54217
65-74岁,AL,1,0.0,54217
65-74岁,LK,1,0.0,54217
65-74岁,KH,1,0.0,54217
65-74岁,GUATEMALA,1,0.0,54217
65-74岁,HONG KONG,1,0.0,54217
65-74岁,IS,1,0.0,54217
65-74岁,ICELAND,1,0.0,54217
65-74岁,BD,1,0.0,54217
65-74岁,CROATIA (LOCAL NAME: HRVATSKA),1,0.0,54217
65-74岁,BI,1,0.0,54217
65-74岁,BULGARIA,1,0.0,54217
65-74岁,DZ,1,0.0,54217
65-74岁,COSTA RICA,1,0.0,54217
65-74岁,ID,1,0.0,54217
65-74岁,EUROPEAN UNION,1,0.0,54217
65-74岁,QA,1,0.0,54217
65-74岁,PAKISTAN,1,0.0,54217
65-74岁,PERU,1,0.0,54217
65-74岁,PHILIPPINES,1,0.0,54217
65-74岁,MM,1,0.0,54217
65-74岁,MK,1,0.0,54217
65-74岁,NI,1,0.0,54217
65-74岁,NG,1,0.0,54217
65-74岁,MALAYSIA,1,0.0,54217
65-74岁,SLOVENIA,1,0.0,54217
65-74岁,SRI LANKA,1,0.0,54217
65-74岁,SV,1,0.0,54217
65-74岁,THAILAND,1,0.0,54217
65-74岁,TT,1,0.0,54217
65-74岁,TUNISIA,1,0.0,54217
65-74岁,TN,1,0.0,54217
75-84岁,US,28166,52.14,54018
75-84岁,CA,4559,8.44,54018
75-84岁,FR,3386,6.27,54018
75-84岁,UNKNOWN,2800,5.18,54018
75-84岁,JP,2650,4.91,54018
75-84岁,DE,2545,4.71,54018
75-84岁,GB,2336,4.32,54018
75-84岁,BR,722,1.34,54018
75-84岁,IT,716,1.33,54018
75-84岁,AU,703,1.3,54018
75-84岁,ES,565,1.05,54018
75-84岁,NL,490,0.91,54018
75-84岁,AR,422,0.78,54018
75-84岁,EU,352,0.65,54018
75-84岁,CH,329,0.61,54018
75-84岁,CO,291,0.54,54018
75-84岁,IL,247,0.46,54018
75-84岁,SE,211,0.39,54018
75-84岁,DK,161,0.3,54018
75-84岁,BE,158,0.29,54018
75-84岁,MX,139,0.26,54018
75-84岁,TW,136,0.25,54018
75-84岁,GR,121,0.22,54018
75-84岁,ZA,109,0.2,54018
75-84岁,CN,104,0.19,54018
75-84岁,IE,100,0.19,54018
75-84岁,PL,97,0.18,54018
75-84岁,AT,92,0.17,54018
75-84岁,FI,82,0.15,54018
75-84岁,MEXICO,76,0.14,54018
75-84岁,PT,59,0.11,54018
75-84岁,PR,53,0.1,54018
75-84岁,TR,48,0.09,54018
75-84岁,SI,47,0.09,54018
75-84岁,CZ,45,0.08,54018
75-84岁,PE,44,0.08,54018
75-84岁,CL,44,0.08,54018
75-84岁,SWEDEN,43,0.08,54018
75-84岁,IN,42,0.08,54018
75-84岁,HU,39,0.07,54018
75-84岁,KR,38,0.07,54018
75-84岁,RO,37,0.07,54018
75-84岁,TH,32,0.06,54018
75-84岁,NZ,30,0.06,54018
75-84岁,VENEZUELA,27,0.05,54018
75-84岁,NO,26,0.05,54018
75-84岁,NORWAY,23,0.04,54018
75-84岁,HR,23,0.04,54018
75-84岁,"KOREA, REPUBLIC OF",21,0.04,54018
75-84岁,"TAIWAN, PROVINCE OF CHINA",20,0.04,54018
75-84岁,NEW ZEALAND,19,0.04,54018
75-84岁,AUSTRIA,18,0.03,54018
75-84岁,SG,18,0.03,54018
75-84岁,RU,18,0.03,54018
75-84岁,CR,17,0.03,54018
75-84岁,ISRAEL,15,0.03,54018
75-84岁,SK,14,0.03,54018
75-84岁,HN,13,0.02,54018
75-84岁,VE,13,0.02,54018
75-84岁,LB,12,0.02,54018
75-84岁,FINLAND,10,0.02,54018
75-84岁,IRELAND,10,0.02,54018
75-84岁,UY,10,0.02,54018
75-84岁,GT,10,0.02,54018
75-84岁,EG,9,0.02,54018
75-84岁,PA,8,0.01,54018
75-84岁,CY,7,0.01,54018
75-84岁,GREECE,7,0.01,54018
75-84岁,MY,7,0.01,54018
75-84岁,CHILE,7,0.01,54018
75-84岁,HK,6,0.01,54018
75-84岁,LU,6,0.01,54018
75-84岁,MALAYSIA,6,0.01,54018
75-84岁,BG,6,0.01,54018
75-84岁,DO,6,0.01,54018
75-84岁,EC,6,0.01,54018
75-84岁,PH,6,0.01,54018
75-84岁,LT,5,0.01,54018
75-84岁,SV,5,0.01,54018
75-84岁,VN,5,0.01,54018
75-84岁,SINGAPORE,5,0.01,54018
75-84岁,HUNGARY,5,0.01,54018
75-84岁,QA,4,0.01,54018
75-84岁,PHILIPPINES,4,0.01,54018
75-84岁,ECUADOR,4,0.01,54018
75-84岁,RS,4,0.01,54018
75-84岁,LV,3,0.01,54018
75-84岁,IS,3,0.01,54018
75-84岁,A1,3,0.01,54018
75-84岁,MT,3,0.01,54018
75-84岁,CZECH REPUBLIC,3,0.01,54018
75-84岁,THAILAND,3,0.01,54018
75-84岁,CROATIA (LOCAL NAME: HRVATSKA),3,0.01,54018
75-84岁,EE,3,0.01,54018
75-84岁,PK,3,0.01,54018
75-84岁,AE,2,0.0,54018
75-84岁,UZ,2,0.0,54018
75-84岁,SLOVENIA,2,0.0,54018
75-84岁,ROMANIA,2,0.0,54018
75-84岁,ID,2,0.0,54018
75-84岁,TURKEY,2,0.0,54018
75-84岁,ESTONIA,2,0.0,54018
75-84岁,PAKISTAN,2,0.0,54018
75-84岁,PUERTO RICO,2,0.0,54018
75-84岁,PERU,2,0.0,54018
75-84岁,NP,2,0.0,54018
75-84岁,POLAND,2,0.0,54018
75-84岁,RUSSIAN FEDERATION,2,0.0,54018
75-84岁,UM,2,0.0,54018
75-84岁,TT,2,0.0,54018
75-84岁,BB,1,0.0,54018
75-84岁,BI,1,0.0,54018
75-84岁,BULGARIA,1,0.0,54018
75-84岁,LITHUANIA,1,0.0,54018
75-84岁,"KOREA, DEMOCRATIC PEOPLE'S REPUBLIC OF",1,0.0,54018
75-84岁,KE,1,0.0,54018
75-84岁,HONG KONG,1,0.0,54018
75-84岁,GUATEMALA,1,0.0,54018
75-84岁,CYPRUS,1,0.0,54018
75-84岁,DZ,1,0.0,54018
75-84岁,EL SALVADOR,1,0.0,54018
75-84岁,EGYPT,1,0.0,54018
75-84岁,EUROPEAN UNION,1,0.0,54018
75-84岁,GH,1,0.0,54018
75-84岁,BY,1,0.0,54018
75-84岁,LS,1,0.0,54018
75-84岁,KY,1,0.0,54018
75-84岁,LEBANON,1,0.0,54018
75-84岁,KW,1,0.0,54018
75-84岁,JM,1,0.0,54018
75-84岁,NI,1,0.0,54018
75-84岁,NICARAGUA,1,0.0,54018
75-84岁,PY,1,0.0,54018
75-84岁,PANAMA,1,0.0,54018
75-84岁,MA,1,0.0,54018
75-84岁,MACAU,1,0.0,54018
75-84岁,MALTA,1,0.0,54018
75-84岁,ME,1,0.0,54018
75-84岁,SZ,1,0.0,54018
75-84岁,TUNISIA,1,0.0,54018
≥85岁,US,10817,45.01,24031
≥85岁,FR,3213,13.37,24031
≥85岁,CA,1677,6.98,24031
≥85岁,GB,1447,6.02,24031
≥85岁,JP,1442,6.0,24031
≥85岁,DE,1091,4.54,24031
≥85岁,UNKNOWN,1009,4.2,24031
≥85岁,IT,375,1.56,24031
≥85岁,AU,365,1.52,24031
≥85岁,BR,345,1.44,24031
≥85岁,CH,237,0.99,24031
≥85岁,NL,221,0.92,24031
≥85岁,ES,209,0.87,24031
≥85岁,EU,138,0.57,24031
≥85岁,DK,119,0.5,24031
≥85岁,SE,112,0.47,24031
≥85岁,CO,109,0.45,24031
≥85岁,IL,94,0.39,24031
≥85岁,AR,92,0.38,24031
≥85岁,MX,63,0.26,24031
≥85岁,BE,57,0.24,24031
≥85岁,CZ,57,0.24,24031
≥85岁,FI,49,0.2,24031
≥85岁,ZA,47,0.2,24031
≥85岁,AT,41,0.17,24031
≥85岁,MEXICO,40,0.17,24031
≥85岁,PL,38,0.16,24031
≥85岁,TW,37,0.15,24031
≥85岁,PE,36,0.15,24031
≥85岁,IE,33,0.14,24031
≥85岁,CN,31,0.13,24031
≥85岁,SI,29,0.12,24031
≥85岁,GR,26,0.11,24031
≥85岁,PT,23,0.1,24031
≥85岁,PR,20,0.08,24031
≥85岁,SWEDEN,16,0.07,24031
≥85岁,NO,14,0.06,24031
≥85岁,NZ,14,0.06,24031
≥85岁,CR,14,0.06,24031
≥85岁,VENEZUELA,13,0.05,24031
≥85岁,IN,12,0.05,24031
≥85岁,KR,12,0.05,24031
≥85岁,TH,10,0.04,24031
≥85岁,HU,10,0.04,24031
≥85岁,HR,10,0.04,24031
≥85岁,SK,9,0.04,24031
≥85岁,RU,8,0.03,24031
≥85岁,VE,7,0.03,24031
≥85岁,"TAIWAN, PROVINCE OF CHINA",7,0.03,24031
≥85岁,CL,6,0.02,24031
≥85岁,EC,6,0.02,24031
≥85岁,FINLAND,6,0.02,24031
≥85岁,ECUADOR,6,0.02,24031
≥85岁,ISRAEL,5,0.02,24031
≥85岁,PERU,4,0.02,24031
≥85岁,NEW ZEALAND,4,0.02,24031
≥85岁,PA,4,0.02,24031
≥85岁,TR,4,0.02,24031
≥85岁,RO,4,0.02,24031
≥85岁,IRELAND,4,0.02,24031
≥85岁,HN,4,0.02,24031
≥85岁,LB,4,0.02,24031
≥85岁,AUSTRIA,4,0.02,24031
≥85岁,EG,3,0.01,24031
≥85岁,GT,3,0.01,24031
≥85岁,HK,3,0.01,24031
≥85岁,MY,3,0.01,24031
≥85岁,PH,3,0.01,24031
≥85岁,"KOREA, REPUBLIC OF",3,0.01,24031
≥85岁,NORWAY,3,0.01,24031
≥85岁,IS,3,0.01,24031
≥85岁,AE,2,0.01,24031
≥85岁,BY,2,0.01,24031
≥85岁,COSTA RICA,2,0.01,24031
≥85岁,CY,2,0.01,24031
≥85岁,CHILE,2,0.01,24031
≥85岁,VN,2,0.01,24031
≥85岁,SG,2,0.01,24031
≥85岁,MALAYSIA,2,0.01,24031
≥85岁,LT,2,0.01,24031
≥85岁,LV,2,0.01,24031
≥85岁,HONG KONG,1,0.0,24031
≥85岁,EE,1,0.0,24031
≥85岁,GUATEMALA,1,0.0,24031
≥85岁,ALGERIA,1,0.0,24031
≥85岁,BB,1,0.0,24031
≥85岁,A1,1,0.0,24031
≥85岁,DOMINICAN REPUBLIC,1,0.0,24031
≥85岁,DO,1,0.0,24031
≥85岁,CYPRUS,1,0.0,24031
≥85岁,BD,1,0.0,24031
≥85岁,BG,1,0.0,24031
≥85岁,LU,1,0.0,24031
≥85岁,ME,1,0.0,24031
≥85岁,JAMAICA,1,0.0,24031
≥85岁,JM,1,0.0,24031
≥85岁,IR,1,0.0,24031
≥85岁,HUNGARY,1,0.0,24031
≥85岁,PK,1,0.0,24031
≥85岁,PY,1,0.0,24031
≥85岁,SLOVAKIA (SLOVAK REPUBLIC),1,0.0,24031
≥85岁,SAUDI ARABIA,1,0.0,24031
≥85岁,POLAND,1,0.0,24031
≥85岁,SV,1,0.0,24031
≥85岁,TURKEY,1,0.0,24031
≥85岁,TT,1,0.0,24031
≥85岁,THAILAND,1,0.0,24031
≥85岁,VIET NAM,1,0.0,24031
