feature,coefficient,odds_ratio
bool__pheno_gait_balance_motor,1.3532698347566354,3.870059318711446
bool__pheno_dizziness_vertigo_syncope,1.0212409340989361,2.7766382520388873
bool__pheno_consciousness_cognition,0.9127895797898609,2.491262424505072
bool__indi_soc_nervous_system_disorders,0.716303465784043,2.046852946969985
bool__event_date_known,0.6839740439344101,1.981737616477868
bool__pheno_hypotension,0.6081087651635454,1.8369540001313782
categorical__rept_cod_EXP,0.5783609720191941,1.7831134614953112
bool__indi_soc_musculoskeletal_and_connective_tissue_disorders,0.573146053173625,1.7738388736315072
categorical__reporter_country_FRANCE,0.4424159111026996,1.5564629560570609
categorical__occr_country_CA,0.39569818928588957,1.4854209339384774
bool__indi_insomnia,0.33634877078200975,1.399827158495346
categorical__occr_country_DE,0.31366312078988356,1.3684286637214762
categorical__reporter_country_COUNTRY NOT SPECIFIED,0.3083822229306828,1.3612211794649656
bool__indi_soc_general_disorders_and_administration_site_conditions,0.30044142857665984,1.3504548053636727
categorical__reporter_country_AR,0.2988875715305555,1.3483580211222823
bool__zolpidem_as_suspect,0.28916721327114037,1.3353149922495164
categorical__reporter_country_CA,0.2890703784628985,1.3351856935387085
categorical__reporter_country_UNITED STATES,0.28801789152825014,1.3337811672933437
numeric__log_drug_n,0.27398970586743365,1.315201263312883
categorical__occr_country_AU,0.2657797901787907,1.3044477748454515
numeric__age_years,0.2636484565239433,1.3016705220794018
bool__indi_soc_cardiac_disorders,0.2565424097917007,1.292453577324396
categorical__reporter_country_AU,0.2516682329987094,1.2861692579752386
categorical__occr_country_AR,0.2493610083321366,1.2832051972297616
bool__is_antidepressant,0.24281280811193018,1.2748299639536125
bool__indi_soc_psychiatric_disorders,0.22427814352973147,1.2514190451359566
categorical__occr_country_BR,0.21479761583411214,1.2396109939404845
categorical__reporter_country_US,0.21014584288113192,1.2338579962402907
bool__has_ss_drug,0.20319643666427586,1.2253131410343638
bool__indi_soc_renal_and_urinary_disorders,0.1798434818350739,1.1970299915210287
categorical__occr_country_FR,0.16928597810448642,1.1844588197821297
categorical__reporter_country_DE,0.16216986978161377,1.1760600014095222
bool__indi_soc_vascular_disorders,0.15669393301829243,1.1696375716700034
bool__zolpidem_as_ps,0.15608462919213564,1.1689251240929268
categorical__occr_country_US,0.1556801967841797,1.168452468475337
categorical__occr_country_IL,0.1524839733020054,1.164723795268517
categorical__reporter_country_BR,0.14707980074511423,1.1584464042276004
categorical__reporter_country_IL,0.14367524704620907,1.1545091173924187
categorical__distinct_drug_n_bucket_0-1,0.14363871369174952,1.1544669400720504
categorical__sex_clean_F,0.14098696121733018,1.1514096349068748
categorical__rpsr_cod_FGN|HP|SDY,0.13321687680803282,1.1424977527296283
bool__indi_depression,0.12372700554977042,1.1317068791272726
categorical__rept_cod_DIR,0.1228613105030595,1.130727590031702
categorical__reporter_country_CANADA,0.1226224114953768,1.1304574925967732
categorical__reporter_country_MEXICO,0.11149325676850201,1.1179462054100482
bool__indi_soc_surgical_and_medical_procedures,0.1016679835871028,1.1070158632693465
categorical__rpsr_cod_CSM|HP,0.10119985058006259,1.1064977538859466
categorical__occr_country_IE,0.1006347252631749,1.105872620648093
bool__pheno_sedation_somnolence,0.096258759336971,1.1010439325341506
categorical__occr_country_unknown,0.09551164082952003,1.1002216294518135
numeric__cns_coprescription_count,0.09128206912836362,1.0955779904076395
categorical__occr_country_TW,0.08784111002894356,1.091814629850543
categorical__e_sub_N,0.0838107463958471,1.0874230755972254
bool__other_zdrug_as_suspect,0.08121143376642674,1.0846001934293203
categorical__occr_country_GB,0.07724176189568167,1.0803032209785381
categorical__reporter_country_FR,0.0727554419595563,1.0754674905289154
categorical__distinct_drug_n_bucket_2,0.07267426598552025,1.0753801919511492
categorical__reporter_country_BRAZIL,0.07183582806037334,1.0744789302930402
categorical__reporter_country_TW,0.07001735401040991,1.0725267937338587
categorical__reporter_country_IE,0.06964889739474459,1.0721316869355562
categorical__occr_country_ZA,0.0689347296103993,1.0713662783717721
categorical__drug_n_bucket_5-9,0.06434505620869051,1.0664603240365353
bool__is_antipsychotic,0.06293987828212584,1.0649628099129445
bool__indi_soc_congenital_familial_and_genetic_disorders,0.05764517254780791,1.059339046440815
categorical__rpsr_cod_FGN|HP|OTH|SDY,0.053515772806143704,1.05497363153094
categorical__rpsr_cod_HP|SDY,0.05318183379127379,1.054621393491998
categorical__reporter_country_BELGIUM,0.052974508033646776,1.0544027659769233
bool__is_zolpidem,0.05270345604441834,1.0541170067393117
categorical__rpsr_cod_CSM|SDY,0.05197177136837953,1.0533460075772616
categorical__occr_country_CR,0.04989600360578434,1.0511617736573406
"categorical__reporter_country_KOREA, REPUBLIC OF",0.04905813726861579,1.0502814094575412
categorical__reporter_country_CO,0.04849284919486963,1.0496878656801125
categorical__occr_country_BE,0.0483194374711464,1.0495058532799517
categorical__rpsr_cod_unknown,0.04742759025905971,1.0485702716705732
categorical__rpsr_cod_HP|OTH,0.045093074411833106,1.0461252228674687
bool__indi_soc_endocrine_disorders,0.04417702595920377,1.045167360267063
categorical__rpsr_cod_FGN|HP|LIT,0.04407137764089696,1.045056945925749
categorical__age_group_>=85,0.04121951821563733,1.0420808361649971
categorical__occr_country_NZ,0.04019115064910975,1.0410097448635562
bool__indi_soc_reproductive_system_and_breast_disorders,0.03920064473071006,1.03997912904995
bool__indi_soc_respiratory_thoracic_and_mediastinal_disorders,0.039123152864092,1.0398985422484475
categorical__reporter_country_SWITZERLAND,0.03904796905539743,1.0398203616543795
categorical__reporter_country_ZA,0.038562369347173574,1.0393155477688125
categorical__reporter_country_CR,0.037142567568166404,1.0378409727549631
numeric__concomitant_drug_n,0.03461429806771038,1.0352203452994098
categorical__occr_country_FI,0.03396974637638276,1.034553307268289
categorical__reporter_country_MX,0.03309490828219791,1.0336486364025925
categorical__occr_country_MX,0.031676885887467074,1.0321839382207354
categorical__reporter_country_NZ,0.031102754519652213,1.0315914991296546
categorical__reporter_country_PK,0.028452608167289742,1.028861250058857
categorical__occr_country_PR,0.028337362224135312,1.0287426848059322
categorical__rpsr_cod_CSM|DT,0.02690925768693533,1.0272745812623298
bool__any_cns_coprescription,0.025529603651063142,1.0258582749713425
categorical__occr_country_CO,0.02493980745354633,1.0252534060538012
categorical__rpsr_cod_CSM|FGN|OTH,0.023304687002097778,1.023578363063373
categorical__reporter_country_VENEZUELA,0.022955098060812668,1.0232205939268177
categorical__reporter_country_PR,0.02178505333299273,1.0220240801892948
categorical__reporter_country_CHILE,0.021206591417977524,1.021433049143633
categorical__reporter_country_DENMARK,0.021141538971021282,1.021366604585598
categorical__reporter_country_FI,0.02086539889702322,1.0210846032735523
categorical__drug_n_bucket_3-4,0.020850835634522502,1.021069733058719
numeric__drug_n,0.020805256318544053,1.0210231944593267
bool__has_ps_drug,0.020040364494512256,1.0202425207692611
categorical__cns_coprescription_bucket_1,0.01976336787043558,1.019959956171795
categorical__drug_n_bucket_20+,0.018083185956577045,1.0182476767738284
categorical__rpsr_cod_CSM|FGN,0.018044419153840755,1.018208203332141
categorical__rpsr_cod_CR|HP,0.01783608588837672,1.0179960987872017
categorical__quarter_Q2,0.016732595343126218,1.016873369291708
categorical__cns_coprescription_bucket_2,0.016583243188403,1.0167215084035812
categorical__rpsr_cod_HP,0.01603323521274084,1.01616245722033
categorical__occr_country_DO,0.01581827197729444,1.0159440431271278
categorical__age_group_75-84,0.015799045417764664,1.0159245102062797
categorical__occr_country_PK,0.015564217434614155,1.0156859707114854
categorical__reporter_country_JP,0.015077373383299375,1.0151916103865966
numeric__interacting_drug_n,0.013967390636359102,1.0140653903722525
bool__indi_soc_ear_and_labyrinth_disorders,0.013874335810884944,1.0139710310846937
categorical__rpsr_cod_UF,0.01271044401574005,1.0127915650396722
categorical__reporter_country_SINGAPORE,0.012585114996827407,1.0126646408202729
categorical__rpsr_cod_CSM|FGN|SDY,0.012466149686958626,1.0125441760231926
categorical__rpsr_cod_CSM|HP|SDY,0.011812226562955984,1.0118822664150031
numeric__zdrug_count,0.0117073238866084,1.011776122824578
categorical__reporter_country_NEW ZEALAND,0.01158255285036435,1.0116498903445288
"categorical__reporter_country_TAIWAN, PROVINCE OF CHINA",0.010703731337171283,1.0107612212050487
categorical__rpsr_cod_CSM|OTH,0.009938671118544197,1.009988223736684
categorical__occr_country_EC,0.009926460798533807,1.0099758915325558
categorical__reporter_country_DO,0.009619551884995808,1.0096659684904907
categorical__reporter_country_MALAYSIA,0.00954883766366914,1.0095945732720872
categorical__occr_country_LU,0.0092590366192904,1.0093020341014798
categorical__quarter_Q3,0.009254142226602171,1.0092970941930728
categorical__reporter_country_EUROPEAN UNION,0.009066762656669837,1.0091079902552895
categorical__occr_country_EG,0.008851592712587258,1.0088908839036714
categorical__rpsr_cod_FGN|LIT,0.008813884947558883,1.0088528416005316
categorical__reporter_country_PY,0.008754037504468267,1.0087924661441834
categorical__reporter_country_LU,0.008651067948480475,1.008688596579654
categorical__reporter_country_UZ,0.008438478996319807,1.0084741833196034
categorical__rpsr_cod_CR|CSM|FGN|OTH,0.008390188493687546,1.0084254847702474
categorical__occr_country_PY,0.008228742718815069,1.0082626918779234
categorical__rpsr_cod_DT|FGN|LIT,0.007977781502475885,1.008009688794689
bool__very_high_drug_burden_20,0.0077871924666611005,1.0078175915064096
categorical__distinct_drug_n_bucket_20+,0.0077871924666611005,1.0078175915064096
categorical__rpsr_cod_CR|CSM|OTH,0.007751468948597423,1.00778158935954
categorical__rpsr_cod_CR|DT|HP,0.007705738614149575,1.0077355042241605
categorical__reporter_country_AF,0.0070714122210985214,1.0070964736950092
categorical__reporter_country_EG,0.006925275194290103,1.0069493103639018
categorical__reporter_country_NI,0.006834296358897842,1.006857703455554
categorical__occr_country_NI,0.006834296358897842,1.006857703455554
categorical__reporter_country_RUSSIAN FEDERATION,0.006795287365697703,1.0068184277163048
categorical__occr_country_A1,0.00659287425452439,1.0066146550897856
categorical__occr_country_JM,0.006469894462197161,1.0064908694402719
categorical__reporter_country_JM,0.006469894462197161,1.0064908694402719
categorical__occr_country_BY,0.006465966505448008,1.0064869159954328
categorical__rpsr_cod_FGN|HP|LIT|OTH,0.006262988311198916,1.0062826418309905
categorical__reporter_country_SAUDI ARABIA,0.006223275014555743,1.0062426798234454
categorical__reporter_country_BY,0.006218863729620143,1.0062382410100608
categorical__reporter_country_PAKISTAN,0.0061850646963752965,1.0062042317050446
categorical__reporter_country_A1,0.006108822292670445,1.0061275192002115
categorical__reporter_country_CH,0.006045498914271405,1.0060638098237633
categorical__rpsr_cod_CSM|FGN|HP,0.0053098721820032235,1.0053239945382022
categorical__rept_cod_5DAY,0.005248423899929259,1.0052622210037683
categorical__occr_country_NP,0.005236364912815391,1.005250098632691
categorical__reporter_country_EE,0.005096232608505339,1.0051092404895805
categorical__occr_country_EE,0.004698148888671332,1.0047092024938764
categorical__reporter_country_SOUTH AFRICA,0.004468638581194978,1.0044786378353825
categorical__occr_country_GT,0.004079284048436725,1.0040876156527518
categorical__reporter_country_BE,0.003916038524621909,1.003923716222267
categorical__rpsr_cod_FGN|OTH|SDY,0.0038838327615759644,1.0038913846135809
categorical__reporter_country_NP,0.0037061532157866835,1.0037130294938386
categorical__rpsr_cod_CSM|HP|UF,0.003526875596877972,1.003533102340781
numeric__ps_drug_n,0.003504845700814862,1.0035109948543541
categorical__reporter_country_SLOVENIA,0.0033402650932004,1.0033458499952668
categorical__occr_country_SI,0.0032467432221347232,1.0032520196017145
categorical__reporter_country_GT,0.002769900264918434,1.0027737399830507
categorical__reporter_country_HK,0.002593878183129708,1.0025972451957217
categorical__reporter_country_ECUADOR,0.002349736788729783,1.0023524995837412
categorical__reporter_country_MT,0.002074892145972285,1.00207704622425
categorical__reporter_country_UY,0.002031485293726419,1.002033550157986
categorical__occr_country_HK,0.001955397182783091,1.001957310218566
categorical__occr_country_MT,0.0018052258808455195,1.001806856282019
categorical__reporter_country_SI,0.001591068125374748,1.0015923345458293
categorical__rpsr_cod_HP|OTH|SDY,0.0003004750385168168,1.000300520185663
categorical__occr_country_MY,0.00013770676434201923,1.0001377162463538
categorical__reporter_country_SYRIAN ARAB REPUBLIC,-4.9134638066024205e-05,0.9999508665690205
categorical__rpsr_cod_CSM|DT|HP|OTH,-7.334913175178704e-05,0.99992665355823
categorical__occr_country_AS,-7.741232661176041e-05,0.9999225906696451
categorical__occr_country_SY,-8.97870161039702e-05,0.9999102170146296
categorical__reporter_country_SY,-8.97870161039702e-05,0.9999102170146296
categorical__rpsr_cod_CSM|FGN|UF,-9.249426071158154e-05,0.9999075100167507
categorical__rpsr_cod_CSM|HP|LIT,-9.255290977741484e-05,0.999907451373111
categorical__reporter_country_MM,-0.0001068868562033112,0.9998931188559932
categorical__occr_country_MM,-0.0001068868562033112,0.9998931188559932
categorical__occr_country_ZW,-0.00010792694093444793,0.9998920788829683
categorical__reporter_country_ZW,-0.00010792694093444793,0.9998920788829683
categorical__rpsr_cod_DT|OTH,-0.00011512971979280945,0.999884876907379
categorical__reporter_country_BM,-0.00011631788258633533,0.9998836888820762
categorical__occr_country_BM,-0.00011631788258633533,0.9998836888820762
categorical__occr_country_SH,-0.00012062125834289263,0.9998793860161086
categorical__reporter_country_SH,-0.00012062125834289263,0.9998793860161086
categorical__reporter_country_GREENLAND,-0.00012377088366733726,0.9998762367756325
categorical__occr_country_VI,-0.0001260828290351672,0.9998739251190707
categorical__reporter_country_VI,-0.0001260828290351672,0.9998739251190707
categorical__reporter_country_NEPAL,-0.0001279821826140447,0.9998720260067561
categorical__reporter_country_CM,-0.00012817522487550972,0.9998718329892177
categorical__reporter_country_AZ,-0.00012974243671326344,0.9998702659794727
categorical__occr_country_AZ,-0.00012974243671326344,0.9998702659794727
categorical__occr_country_BN,-0.00013913555678347108,0.9998608741221192
categorical__reporter_country_BN,-0.00013913555678347108,0.9998608741221192
categorical__occr_country_LY,-0.00013918445432981074,0.999860825231377
categorical__reporter_country_LY,-0.00013918445432981074,0.999860825231377
categorical__rpsr_cod_CR|HP|LIT|OTH|SDY,-0.00013935302998260374,0.9998606566791999
categorical__reporter_country_AD,-0.00014009950324137793,0.9998599103102357
categorical__occr_country_MU,-0.00014278041718180092,0.9998572297754569
categorical__rpsr_cod_CR|FGN|HP|LIT|SDY,-0.00014281366432635862,0.9998571965330596
categorical__reporter_country_CI,-0.0001450229247434405,0.9998549875905726
categorical__occr_country_CI,-0.0001450229247434405,0.9998549875905726
categorical__reporter_country_GP,-0.00014991523264124227,0.9998500960040857
categorical__occr_country_GP,-0.00014991523264124227,0.9998500960040857
categorical__rpsr_cod_CSM|FGN|HP|OTH|SDY,-0.0001526881558575793,0.9998473235003856
categorical__rpsr_cod_CR|DT,-0.00015822116789532416,0.9998417913484136
categorical__reporter_country_KH,-0.00015832425766635808,0.9998416882749576
categorical__occr_country_KH,-0.00015832425766635808,0.9998416882749576
categorical__reporter_country_SX,-0.00015903091078593262,0.9998409817339591
categorical__rpsr_cod_CSM|DT|FGN|OTH,-0.00016339727421437703,0.9998366160743932
categorical__rpsr_cod_CR|CSM|FGN|HP|LIT,-0.00016968615228721414,0.9998303282435936
categorical__reporter_country_MQ,-0.00018109543011093896,0.9998189209666767
categorical__reporter_country_SN,-0.00018200950774808564,0.9998180070549775
categorical__occr_country_SN,-0.00018200950774808564,0.9998180070549775
categorical__reporter_country_BL,-0.00019254720407637762,0.9998074713319468
categorical__rpsr_cod_CSM|FGN|HP|LIT,-0.00019817416755359645,0.9998018454676496
categorical__rpsr_cod_CSM|DT|OTH|SDY,-0.00020112988995229185,0.999798890335308
categorical__rpsr_cod_CSM|LIT|OTH,-0.00020151146238458345,0.9997985088396865
categorical__occr_country_ET,-0.00020519380019058924,0.9997948272506174
categorical__rpsr_cod_CSM|UF,-0.00020886295544671971,0.9997911588549019
categorical__reporter_country_BH,-0.00021170945210547548,0.9997883129567592
categorical__occr_country_BH,-0.00021170945210547548,0.9997883129567592
categorical__occr_country_TZ,-0.00021633603454511812,0.9997836873644075
categorical__reporter_country_TZ,-0.00021633603454511812,0.9997836873644075
categorical__reporter_country_UGANDA,-0.0002203800328347458,0.999779644249061
categorical__reporter_country_GABON,-0.00022780780311177861,0.9997722181431156
categorical__rpsr_cod_CR|CSM|HP|UF,-0.00023595715043961413,0.9997640706852594
categorical__reporter_country_WS,-0.00023980711831625206,0.9997602216331124
categorical__rpsr_cod_DT|FGN|LIT|SDY,-0.00024009513738729578,0.9997599336831436
categorical__rpsr_cod_CR|FGN|LIT|OTH,-0.0002512820187510985,0.9997487495499311
categorical__reporter_country_EU,-0.0002543371626747332,0.9997456951782795
categorical__reporter_country_CAMEROON,-0.0002544298863437112,0.9997456024781949
categorical__reporter_country_IRAQ,-0.00027018147922273634,0.9997298550165062
categorical__rpsr_cod_CSM|FGN|HP|SDY,-0.0002721442174565156,0.999727892810422
categorical__rpsr_cod_CR|FGN|SDY,-0.0002741695772785067,0.9997258680037654
categorical__rpsr_cod_CSM|HP|OTH|UF,-0.00027921797322389655,0.9997208210044866
categorical__reporter_country_AS,-0.0002803525144145755,0.9997196867806794
categorical__rpsr_cod_CR|LIT,-0.00029383173388608866,0.99970621143043
categorical__occr_country_MN,-0.0002981198669315049,0.9997019245663804
categorical__reporter_country_MN,-0.0002981198669315049,0.9997019245663804
categorical__reporter_country_ET,-0.0003024720731748084,0.9996975736668909
categorical__reporter_country_MO,-0.0003191914012759994,0.9996808595348797
categorical__occr_country_MO,-0.0003191914012759994,0.9996808595348797
categorical__rpsr_cod_CR|DT|HP|SDY,-0.00032928684046282,0.9996707673684986
categorical__occr_country_EU,-0.00033119002816068714,0.9996688648092027
categorical__occr_country_AL,-0.00033890142607629335,0.9996611559945252
categorical__rpsr_cod_CSM|LIT,-0.0003445258548315121,0.9996555334873857
categorical__occr_country_BW,-0.00034932869550304127,0.9996507323126615
categorical__reporter_country_BW,-0.00034932869550304127,0.9996507323126615
categorical__reporter_country_FAROE ISLANDS,-0.00035436045494974624,0.9996457023233006
categorical__reporter_country_LS,-0.00036066379491881903,0.9996394012364492
categorical__reporter_country_BOSNIA AND HERZEGOWINA,-0.0003682099869894122,0.9996318577939883
categorical__rpsr_cod_CR|CSM|OTH|SDY,-0.0003774775517134498,0.999622593683974
categorical__rpsr_cod_FGN|HP|OTH|UF,-0.0003778432669915822,0.999622228106786
categorical__occr_country_UG,-0.0003804105558045087,0.9996196617911168
categorical__occr_country_ER,-0.00038296810740430954,0.9996171052155209
categorical__reporter_country_ER,-0.00038296810740430954,0.9996171052155209
categorical__rpsr_cod_FGN|LIT|SDY,-0.00038364602258273616,0.9996164275601424
categorical__rpsr_cod_CR|DT|HP|UF,-0.00039393783508980353,0.9996061397482312
categorical__rpsr_cod_DT|FGN|HP|OTH|SDY,-0.0003953206305046932,0.9996047574984
categorical__reporter_country_NEW CALEDONIA,-0.0003957730344159184,0.9996043052734004
categorical__reporter_country_MU,-0.0003963526227728399,0.9996037259145515
categorical__occr_country_PS,-0.0004011613791766145,0.9995989190752906
categorical__reporter_country_PS,-0.0004011613791766145,0.9995989190752906
categorical__reporter_country_AFGHANISTAN,-0.00040179878597387293,0.9995982819243482
categorical__reporter_country_SAMOA,-0.00040210779931988813,0.9995979730351862
categorical__rpsr_cod_DT|OTH|SDY,-0.0004047087913114372,0.9995953730922448
categorical__reporter_country_YUGOSLAVIA,-0.000414165510896841,0.9995859202437991
categorical__reporter_country_JORDAN,-0.0004145552748033194,0.9995855306413619
categorical__rpsr_cod_DT|FGN|OTH,-0.0004200257559812936,0.9995800624424875
categorical__reporter_country_KUWAIT,-0.000420961296567263,0.9995791272952077
categorical__rpsr_cod_CR|HP|LIT|UF,-0.00043198046825300787,0.9995681128218759
categorical__reporter_country_AL,-0.00044066017802531286,0.9995594368984112
categorical__reporter_country_BI,-0.0004535225653925011,0.999546580260421
categorical__reporter_country_GD,-0.0004573533812628072,0.9995427511888524
categorical__occr_country_LS,-0.0005055217027097633,0.9994946060518577
categorical__reporter_country_UNITED ARAB EMIRATES,-0.000514712953577151,0.999485419488411
categorical__rpsr_cod_DT|FGN|HP|LIT,-0.0005252292677145003,0.9994749086410317
categorical__occr_country_LV,-0.0005373666453229196,0.9994627777102744
categorical__rpsr_cod_CR,-0.0005405440426869356,0.9994596020249242
categorical__rpsr_cod_CR|HP|LIT,-0.000547399002107699,0.9994527507933921
categorical__reporter_country_CU,-0.0005538703900450451,0.9994462829678447
categorical__occr_country_CU,-0.0005538703900450451,0.9994462829678447
categorical__reporter_country_HN,-0.0005589946013690265,0.9994411616070052
categorical__rpsr_cod_LIT|SDY,-0.0005785799196145753,0.9994215874254714
categorical__rpsr_cod_HP|SDY|UF,-0.0006188267666189005,0.9993813646671745
categorical__reporter_country_CONGO,-0.000628766168332959,0.9993714314636907
categorical__rpsr_cod_HP|LIT|OTH,-0.0006291287357513943,0.9993710691242363
categorical__rpsr_cod_CR|CSM|FGN|HP|OTH,-0.0006321808037102225,0.9993680189804719
categorical__reporter_country_LV,-0.0006465909569674734,0.9993536180379182
categorical__rpsr_cod_DT|FGN|HP|SDY,-0.0006609478805451751,0.9993392704973905
categorical__rpsr_cod_OTH|UF,-0.0006745331333633069,0.9993256943129678
categorical__reporter_country_MC,-0.0006891497660243054,0.9993110876431357
categorical__occr_country_MC,-0.0006891497660243054,0.9993110876431357
categorical__occr_country_KP,-0.0006951977300935793,0.99930504386386
categorical__reporter_country_KG,-0.0007024034797329675,0.9992978431478438
categorical__occr_country_KG,-0.0007024034797329675,0.9992978431478438
categorical__reporter_country_ESTONIA,-0.0007333674954498098,0.9992669013527663
categorical__reporter_country_SD,-0.0007553296409197808,0.9992449555487048
"categorical__reporter_country_KOREA, DEMOCRATIC PEOPLE'S REPUBLIC OF",-0.0007832902976373643,0.9992170163941264
categorical__reporter_country_TT,-0.0007840954462095238,0.9992162118762962
categorical__rpsr_cod_FGN|HP|UF,-0.0007883459087349856,0.9992119647542589
categorical__occr_country_IQ,-0.0007944232875623913,0.9992058921830729
categorical__reporter_country_IQ,-0.0007944232875623913,0.9992058921830729
categorical__rpsr_cod_CSM|DT|OTH,-0.0008038923403306109,0.9991964306945492
bool__indi_soc_pregnancy_puerperium_and_perinatal_conditions,-0.000809013794498051,0.9991913133689293
categorical__reporter_country_UG,-0.0008248691503496383,0.9991754709606858
categorical__occr_country_TT,-0.0008431176242146867,0.9991572376995825
categorical__reporter_country_CZECH REPUBLIC,-0.0008481123777291773,0.9991522471679213
categorical__occr_country_MD,-0.0008687701891256813,0.9991316070824331
categorical__occr_country_UM,-0.0008811937207106648,0.9991191944164597
categorical__reporter_country_NICARAGUA,-0.0008833312866612064,0.9991170587355718
categorical__reporter_country_MK,-0.0008937371930524163,0.9991066620710781
categorical__occr_country_MK,-0.0008937371930524163,0.9991066620710781
categorical__reporter_country_ICELAND,-0.0008960596594032432,0.9991043416821691
categorical__reporter_country_LUXEMBOURG,-0.0009580299060835888,0.999042428858052
categorical__occr_country_SD,-0.0009610440383073886,0.9990394176166123
categorical__occr_country_QA,-0.0009685002984646129,0.9990319685465784
categorical__reporter_country_UM,-0.000983224068349967,0.9990172591380546
categorical__reporter_country_MALTA,-0.0010341041382444542,0.9989664303631807
categorical__reporter_country_INDONESIA,-0.0010664248316420019,0.9989341435972386
categorical__rpsr_cod_CR|FGN|HP|UF,-0.0010684539383392735,0.9989321166553341
categorical__reporter_country_EL SALVADOR,-0.0010935777082520886,0.998907020029939
categorical__rpsr_cod_CR|CSM|FGN,-0.0011002483627661865,0.9989003566885412
categorical__reporter_country_OM,-0.0011337030298208138,0.9988669393686731
categorical__reporter_country_LK,-0.00117071195066535,0.9988299730652255
categorical__rpsr_cod_CR|FGN|HP|LIT,-0.001183227109715551,0.9988174726274711
categorical__reporter_country_ME,-0.001202683283544184,0.9987980396501469
categorical__reporter_country_BOLIVIA,-0.0012181151685978513,0.998782626432535
categorical__reporter_country_HONDURAS,-0.0012573687831611315,0.9987434213737597
categorical__occr_country_LK,-0.0012787079632577498,0.9987221092354133
categorical__occr_country_OM,-0.0012901934435415516,0.9987106384981923
categorical__rpsr_cod_CSM|OTH|SDY,-0.0012908110356111774,0.9987100217026126
categorical__rpsr_cod_DT|FGN|HP|UF,-0.0013515203050672405,0.9986493925871898
categorical__occr_country_ME,-0.001382518233494075,0.9986184370045769
categorical__occr_country_UZ,-0.0013928132746605989,0.9986081562395788
categorical__rpsr_cod_DT,-0.0013962895030175827,0.9986046848556221
categorical__occr_country_AF,-0.0013984883560193267,0.9986024890731274
categorical__reporter_country_BO,-0.0014039416584185158,0.9985970434066264
categorical__rpsr_cod_DT|SDY,-0.0014220489448739041,0.9985789616876138
categorical__reporter_country_KP,-0.0014277375566211364,0.9985732811757589
categorical__reporter_country_KZ,-0.0014329712705075444,0.998568054942587
categorical__occr_country_KZ,-0.0014329712705075444,0.998568054942587
categorical__reporter_country_QA,-0.0014370820285463414,0.9985639500793649
categorical__rpsr_cod_CSM|FGN|OTH|SDY,-0.0014504305890010658,0.9985506207770731
categorical__reporter_country_URUGUAY,-0.0014581756415224113,0.9985428869800194
categorical__reporter_country_MOROCCO,-0.0014583740720566971,0.9985426888386404
categorical__occr_country_CM,-0.0014635186347962891,0.9985375517863435
categorical__occr_country_BB,-0.001473790544932364,0.9985272949510228
categorical__reporter_country_BB,-0.001473790544932364,0.9985272949510228
categorical__occr_country_BO,-0.0015172922200961862,0.9984838582857863
categorical__occr_country_NC,-0.0015213160174092487,0.9984798405972034
categorical__rpsr_cod_CR|CSM|FGN|HP,-0.0015320424852013838,0.998469130492793
categorical__rpsr_cod_CR|FGN|OTH,-0.0015463765654050638,0.9984548184587708
categorical__reporter_country_CYPRUS,-0.001581587608991531,0.9984196624415825
categorical__rpsr_cod_LIT|OTH,-0.0016096313642409551,0.9983916633975338
categorical__reporter_country_KE,-0.0016955066751512273,0.9983059298842781
categorical__reporter_country_LATVIA,-0.0016961040213975568,0.9983053335501563
categorical__reporter_country_JAMAICA,-0.001702611072608745,0.9982988375473615
categorical__reporter_country_GH,-0.0017151449156174148,0.9982863251048706
categorical__occr_country_CH,-0.0017249742165855386,0.9982765126963533
bool__is_zaleplon,-0.0017545072641240273,0.9982470309839919
categorical__reporter_country_UKRAINE,-0.001756490948028868,0.9982450507793875
categorical__rpsr_cod_CR|CSM|SDY,-0.0017769400982530577,0.9982246377250991
categorical__reporter_country_NC,-0.0018361663582464923,0.9981655183639
categorical__occr_country_GH,-0.0018523539624555507,0.9981493605863317
categorical__reporter_country_SERBIA,-0.0018710686125436979,0.9981306807451066
categorical__rpsr_cod_DT|FGN,-0.0018937214838969133,0.9981080704752967
bool__is_benzo,-0.0018964766798317172,0.9981053204957868
categorical__rpsr_cod_CR|HP|UF,-0.0019116583711959508,0.9980901676838849
categorical__reporter_country_VIET NAM,-0.001931521070872969,0.998070343115519
categorical__reporter_country_MD,-0.001934155670033499,0.9980677136036947
categorical__occr_country_JO,-0.0019426907267287036,0.9980591950755267
categorical__rpsr_cod_DT|HP|OTH|SDY,-0.00194568721051643,0.9980562044118101
categorical__reporter_country_JO,-0.001975418855682608,0.9980265310000065
categorical__rpsr_cod_CSM|DT|HP,-0.0019985718148175335,0.9980034240000174
categorical__rpsr_cod_DT|FGN|SDY,-0.002032740755829337,0.9979693238624794
categorical__rpsr_cod_CR|FGN,-0.0020471427527139876,0.9979549512148838
categorical__rpsr_cod_CR|FGN|HP|LIT|OTH,-0.002058125031937921,0.9979439914551382
categorical__rpsr_cod_DT|HP|LIT,-0.002135275813363364,0.9978670022663049
categorical__rpsr_cod_CR|OTH,-0.002226861431996403,0.9977756161844782
categorical__occr_country_AM,-0.002253496402526054,0.9977490408142645
categorical__rpsr_cod_FGN|HP|LIT|OTH|SDY,-0.00230702193370645,0.9976956371961115
categorical__reporter_country_IRAN (ISLAMIC REPUBLIC OF),-0.002498829485898733,0.9975042899896143
categorical__reporter_country_AT,-0.0025045242609434246,0.9974986094432514
categorical__rpsr_cod_CR|FGN|HP|SDY,-0.002505500515021171,0.9974976356316417
categorical__reporter_country_BULGARIA,-0.00253005941206545,0.997473138490719
categorical__rpsr_cod_DT|HP|OTH,-0.002563380713586664,0.9974399019412576
categorical__rpsr_cod_DT|HP|UF,-0.002577469993758857,0.9974258488300236
categorical__rpsr_cod_CSM|HP|OTH|SDY,-0.0026479245381473165,0.9973555781217575
categorical__reporter_country_AM,-0.0026865329802638433,0.9973170725199754
categorical__occr_country_HN,-0.0027348434558683342,0.9972688928216749
categorical__rpsr_cod_CR|CSM|HP|OTH,-0.0027584802327438565,0.9972453208779538
categorical__reporter_country_BANGLADESH,-0.0028221929459120118,0.9971817856968873
categorical__reporter_country_SV,-0.002900943413176698,0.997103260257314
categorical__occr_country_GE,-0.0029992852626066204,0.9970052081000219
categorical__reporter_country_ALGERIA,-0.0030463541220176714,0.9969582813064538
categorical__reporter_country_DOMINICAN REPUBLIC,-0.003052901607482617,0.9969517537579673
categorical__rpsr_cod_CR|FGN|HP|OTH|SDY,-0.0030797818830354583,0.9969249557802835
categorical__reporter_country_GE,-0.003179289452183805,0.9968257591368008
categorical__occr_country_KE,-0.003243008954980971,0.9967622439186538
categorical__occr_country_SV,-0.003324963212196515,0.9966805583566184
categorical__reporter_country_LITHUANIA,-0.0033967660274643796,0.9966089964558094
categorical__reporter_country_BA,-0.003525037318691865,0.9964811683314996
categorical__occr_country_BA,-0.003525037318691865,0.9964811683314996
categorical__reporter_country_SZ,-0.003766839884461902,0.9962402457572777
categorical__rpsr_cod_HP|LIT|SDY,-0.0037970568474645717,0.9962101428574412
categorical__reporter_country_EGYPT,-0.0038366828718584913,0.996170667792144
categorical__reporter_country_INDIA,-0.003916596089015068,0.9960910637699929
categorical__reporter_country_DZ,-0.003951298176583416,0.9960564979304287
categorical__reporter_country_TUNISIA,-0.003954090197930507,0.9960537169233059
categorical__occr_country_DZ,-0.0041067874346006495,0.995901633884782
categorical__reporter_country_KW,-0.004170201299100715,0.9958384819158919
categorical__rpsr_cod_CSM|HP|OTH,-0.004262979361477423,0.9957460942369407
categorical__occr_country_LT,-0.004476489824572766,0.9955335147220178
categorical__reporter_country_GUATEMALA,-0.004668224162700289,0.9953426550602489
categorical__rpsr_cod_OTH|SDY,-0.004693739773663067,0.9953172586082921
categorical__reporter_country_LT,-0.004779116856870705,0.995232284951339
categorical__reporter_country_SPAIN,-0.004786162998821233,0.9952252724280911
categorical__occr_country_KW,-0.005007583836029218,0.9950049332098069
categorical__drug_n_bucket_10-19,-0.005028691652475841,0.9949839310499689
categorical__reporter_country_NG,-0.0051520196243234,0.9948612292661682
numeric__ss_drug_n,-0.005336908503636037,0.9946773074914869
categorical__rpsr_cod_HP|UF,-0.005422021419825756,0.9945926512079012
categorical__rpsr_cod_DT|FGN|HP|OTH,-0.005483093187729197,0.9945319115311068
categorical__reporter_country_SLOVAKIA (SLOVAK REPUBLIC),-0.005634982092677755,0.9943808646395917
categorical__reporter_country_PANAMA,-0.005712044761057842,0.9943042379493431
categorical__reporter_country_CY,-0.005750990314191276,0.9942655149748619
categorical__rpsr_cod_CSM|FGN|HP|OTH,-0.005793289252343437,0.9942234594887946
categorical__reporter_country_SWEDEN,-0.005840324389550274,0.9941766971517084
categorical__reporter_country_CL,-0.0058427918320106765,0.9941742440809391
categorical__rpsr_cod_FGN|LIT|OTH,-0.005887685523845847,0.994129612930631
categorical__occr_country_CY,-0.00610174196657034,0.9939168358560443
categorical__occr_country_AE,-0.006170733353932897,0.9938482665199896
categorical__rpsr_cod_FGN|HP|LIT|SDY,-0.006183223494391254,0.9938358532930681
categorical__reporter_country_LEBANON,-0.006198487350603063,0.9938206836412793
bool__indi_soc_product_issues,-0.006275155219630541,0.9937444924480145
categorical__reporter_country_MA,-0.006678482686532203,0.993343768815984
categorical__reporter_country_ROMANIA,-0.006684260992291265,0.9933380289885472
categorical__reporter_country_AE,-0.006733869320056784,0.9932887523722985
categorical__occr_country_UY,-0.006849892045045599,0.9931735149897544
categorical__occr_country_NG,-0.006903596513848321,0.9931201785659179
categorical__reporter_country_FINLAND,-0.007124707551349439,0.9929006130079506
categorical__reporter_country_CROATIA (LOCAL NAME: HRVATSKA),-0.0071943714346421155,0.9928314461047704
categorical__occr_country_MA,-0.007390993515695353,0.9926362527099967
categorical__occr_country_IS,-0.007392331878742199,0.9926349242032061
categorical__rpsr_cod_CR|HP|SDY,-0.007406261287832136,0.9926210974815692
categorical__reporter_country_IS,-0.007438589493654099,0.9925890083411215
categorical__reporter_country_HONG KONG,-0.007443252857301051,0.9925843795484166
categorical__occr_country_TN,-0.008372616910280482,0.9916623358300244
categorical__reporter_country_MY,-0.008558433664900732,0.9914780854720333
categorical__reporter_country_IRELAND,-0.008588056702140724,0.9914487153148035
bool__multiple_zdrug,-0.008780539974738518,0.9912578963867819
categorical__reporter_country_TN,-0.008837045942445613,0.9912018859825751
categorical__reporter_country_COSTA RICA,-0.008877686242302221,0.9911616040592506
categorical__rpsr_cod_FGN|SDY,-0.008899292001976698,0.9911401894911746
categorical__occr_country_UA,-0.008911669691461272,0.991127921541598
categorical__rpsr_cod_CR|FGN|HP,-0.009057729776017022,0.990983167885195
categorical__reporter_country_VE,-0.009890792472146973,0.9901579605479859
categorical__quarter_Q1,-0.009897000554798734,0.9901518135846089
categorical__reporter_country_PE,-0.009974688290402163,0.9900748939202039
categorical__rpsr_cod_CR|HP|OTH,-0.010036222863948282,0.9900139719582505
categorical__reporter_country_BD,-0.010045162928235018,0.9900051212092595
categorical__reporter_country_UA,-0.010329142180922539,0.9897240202100966
bool__indi_soc_social_circumstances,-0.010410324024747172,0.9896436758505542
categorical__reporter_country_THAILAND,-0.010693472292047786,0.9893634996260703
categorical__cns_coprescription_bucket_3+,-0.010817007407758752,0.9892412860406539
categorical__reporter_country_PUERTO RICO,-0.010951261356995402,0.9891084854059593
categorical__occr_country_LB,-0.011248359191871598,0.9888146670650452
categorical__occr_country_PE,-0.012112772907742602,0.9879602914245907
categorical__reporter_country_SA,-0.012174017054191244,0.9878997864926227
categorical__reporter_country_POLAND,-0.012255115564596948,0.9878196725401129
categorical__occr_country_SA,-0.012391603943784678,0.9876848558347443
categorical__reporter_country_EC,-0.01277655534665262,0.9873047183358253
categorical__rpsr_cod_LIT,-0.012991077531314527,0.9870929422868635
categorical__rpsr_cod_CR|FGN|HP|OTH,-0.013015470366179463,0.9870688645853888
categorical__quarter_Q4,-0.013615545154471356,0.9864767271265918
categorical__reporter_country_PHILIPPINES,-0.01374027397243869,0.9863536927235924
categorical__drug_n_bucket_0-1,-0.0138165057293282,0.9862785041145979
categorical__reporter_country_COLOMBIA,-0.014021599486279682,0.9860762452925084
categorical__reporter_country_HUNGARY,-0.014371222361664172,0.9857315507403424
bool__indi_soc_hepatobiliary_disorders,-0.014693897959610003,0.9854135305342325
categorical__occr_country_ID,-0.014974072565869424,0.9851374813591026
categorical__occr_country_VE,-0.01502773025370909,0.9850846225778014
categorical__rpsr_cod_DT|FGN|HP,-0.015184233320685072,0.9849304658764501
categorical__reporter_country_PA,-0.015201456781284274,0.9849135021114658
categorical__occr_country_PA,-0.01556695211914048,0.9845535865959806
categorical__occr_country_RS,-0.01570519003252372,0.9844174933693941
categorical__occr_country_RO,-0.015803214940805582,0.984321000664317
categorical__occr_country_VN,-0.015974799953188092,0.9841521204223033
categorical__reporter_country_RS,-0.016447671784729584,0.9836868526212922
categorical__occr_country_IR,-0.016578350620683264,0.9835583139672724
categorical__reporter_country_VN,-0.016744750411795697,0.9833946636853453
categorical__occr_country_JP,-0.016938666487069425,0.9832039861400365
categorical__reporter_country_AUSTRIA,-0.01742956987971275,0.9827214464174638
categorical__rpsr_cod_DT|HP|SDY,-0.017671953157851975,0.9824832800367235
categorical__reporter_country_ID,-0.017747572010341845,0.9824089885874491
categorical__rpsr_cod_CR|CSM|HP,-0.017774102285142347,0.9823829253527493
categorical__reporter_country_IR,-0.018315305321401267,0.9818514005751648
categorical__rpsr_cod_DT|HP,-0.018486638660832895,0.9816831911062353
numeric__year,-0.018722977384219398,0.9814512087683638
bool__is_zopiclone,-0.018766605482958196,0.9814083908521593
categorical__rpsr_cod_CR|CSM,-0.02051990926929904,0.9796891913844118
categorical__occr_country_GR,-0.02120549786566741,0.9790177578367046
bool__high_drug_burden_10,-0.02132599614137445,0.9788997949923012
numeric__indi_unmapped_n,-0.02138160692118497,0.9788453591249698
bool__indi_anxiety,-0.021693612900570355,0.978540001159262
categorical__reporter_country_TURKEY,-0.02211606374541085,0.9781267034141994
categorical__rpsr_cod_FGN|HP|OTH,-0.022517302976234936,0.9777343193332806
categorical__occr_country_BD,-0.02293716817624096,0.9773238888865012
categorical__cns_coprescription_bucket_0,-0.023055411790657968,0.9772083334094065
categorical__rpsr_cod_SDY,-0.023794884106747224,0.9764859820121452
categorical__reporter_country_BG,-0.024696600140043747,0.9756058658129542
categorical__reporter_country_ARGENTINA,-0.024722766185525123,0.9755803383994746
categorical__reporter_country_LB,-0.025013149590481825,0.9752970871867175
categorical__reporter_country_PERU,-0.025305082188678295,0.9750124077296702
categorical__occr_country_BG,-0.025469635015968228,0.9748519798811256
categorical__reporter_country_PH,-0.02651633569971293,0.9738321354762624
categorical__occr_country_AT,-0.026622584819366208,0.9737286721657181
categorical__reporter_country_NETHERLANDS,-0.027093129531509202,0.9732705970688278
categorical__reporter_country_TH,-0.027482205729965542,0.9728919943022896
categorical__reporter_country_PORTUGAL,-0.027887291331514383,0.9724979695757954
categorical__occr_country_CL,-0.02803654579227913,0.9723528307473297
numeric__indi_mapped_n,-0.02812866948402257,0.972263258140827
categorical__reporter_country_NORWAY,-0.028249177256540116,0.9721460999206677
numeric__indi_n,-0.028350261507111424,0.972047836227251
numeric__distinct_indi_n,-0.028350261507111424,0.972047836227251
categorical__distinct_drug_n_bucket_10-19,-0.02911318860818466,0.9713065174115186
categorical__reporter_country_GR,-0.029953393705227892,0.9704907634730964
categorical__reporter_country_AUSTRALIA,-0.030461879309307355,0.9699974083336014
categorical__reporter_country_GB,-0.030636633900313553,0.9698279116438246
bool__is_eszopiclone,-0.030697494603007493,0.9697688890317269
numeric__distinct_drug_n,-0.031207889662550673,0.9692740500742882
categorical__occr_country_HU,-0.03150302565884601,0.968988024622116
categorical__reporter_country_ISRAEL,-0.03268750759206549,0.9678409552890069
categorical__reporter_country_CHINA,-0.033444813863576256,0.967108280728278
categorical__occr_country_RU,-0.03645078656939198,0.9642055445913693
categorical__occr_country_DK,-0.036501621915672834,0.9641565301144686
categorical__occr_country_TH,-0.03691510408725522,0.9637579509870118
categorical__reporter_country_HR,-0.03723693216208873,0.9634478365254868
categorical__reporter_country_GREECE,-0.037239218748886665,0.963445633520902
categorical__occr_country_HR,-0.038196711671976996,0.9625235826440622
categorical__occr_country_SK,-0.03829659829277512,0.9624274442175046
categorical__occr_country_PH,-0.03829931427475754,0.9624248302854564
categorical__reporter_country_SK,-0.03918688165005841,0.9615709923803025
categorical__reporter_country_HU,-0.04200503336952364,0.9588649542387002
categorical__rpsr_cod_OTH,-0.042262777753322586,0.958617844028926
categorical__rpsr_cod_FGN|HP,-0.04302320394657538,0.9578891630001904
categorical__reporter_country_RO,-0.04358988985084232,0.9573464944894884
categorical__reporter_country_CZ,-0.04495334259250624,0.956042087237751
bool__has_rpsr,-0.044953398398623924,0.9560420338847553
categorical__occr_country_CZ,-0.046187803942876485,0.9548626183858667
categorical__reporter_country_UNITED KINGDOM,-0.046646890190595466,0.9544243546974183
bool__indi_soc_metabolism_and_nutrition_disorders,-0.04687757172589001,0.9542042120143565
categorical__rpsr_cod_FGN,-0.04722854764235912,0.9538693680810615
bool__indi_dizziness_vertigo,-0.04866491252770034,0.9525002471295677
bool__has_start_dt,-0.04891567161330982,0.9522614289827162
bool__indi_soc_skin_and_subcutaneous_tissue_disorders,-0.0494881510510814,0.9517164349090753
bool__is_other_zdrug,-0.04968745922123918,0.95152676894954
categorical__reporter_country_unknown,-0.04988455349223583,0.9513392469550426
categorical__age_group_65-74,-0.054544371773008166,0.9469164915620196
categorical__reporter_country_DK,-0.05549008733372364,0.9460214012183968
categorical__reporter_country_RU,-0.06199244128919559,0.9398899911208699
categorical__reporter_country_NO,-0.06262011868020106,0.9393002285330951
categorical__occr_country_SG,-0.06294837858933044,0.9389919445268398
bool__indi_soc_immune_system_disorders,-0.06396336391722549,0.9380393649890393
numeric__therapy_record_n,-0.06586594781945952,0.936256363086754
categorical__rpsr_cod_FGN|OTH,-0.06617150209071347,0.9359703296576176
categorical__reporter_country_SG,-0.0693624664441424,0.9329884417789708
categorical__occr_country_KR,-0.07061267656616872,0.9318227390238523
categorical__occr_country_TR,-0.07079243638020397,0.9316552497959387
categorical__occr_country_NO,-0.07121306123327184,0.931263454848506
categorical__reporter_country_KR,-0.07408258311258527,0.9285950044089095
categorical__distinct_drug_n_bucket_5-9,-0.07602035811382096,0.9267973385216175
categorical__reporter_country_TR,-0.07690634814447188,0.9259765689697642
categorical__e_sub_Y,-0.08133655453501631,0.9218833751976881
categorical__drug_n_bucket_2,-0.0819596885576328,0.9213090972463653
bool__indi_soc_injury_poisoning_and_procedural_complications,-0.08481119194300829,0.9186857232940131
categorical__rpsr_cod_HP|LIT,-0.08904086972975109,0.9148081848471349
categorical__occr_country_IN,-0.0942049054989901,0.9100962594055287
bool__pheno_visual_disturbance,-0.09521571821350097,0.9091767873204186
bool__polypharmacy_5,-0.09734635425538371,0.9072417246780509
categorical__reporter_country_PL,-0.09816286807179105,0.9065012516194106
bool__is_opioid,-0.10085225362243735,0.9040665955834916
categorical__rept_cod_30DAY,-0.10405025539425403,0.9011800071266215
numeric__log_distinct_drug_n,-0.11223601474214853,0.8938332747739501
categorical__distinct_drug_n_bucket_3-4,-0.11649243356162474,0.8900368313600361
categorical__reporter_country_ITALY,-0.11702102422813575,0.8895664905179691
categorical__reporter_country_NL,-0.11763191221598278,0.889023230986776
categorical__occr_country_PL,-0.12081115216059611,0.8862013009923168
categorical__reporter_country_IN,-0.12366528659315192,0.8836755694482306
categorical__reporter_country_SE,-0.12872968234447937,0.8792115998441393
categorical__occr_country_SE,-0.13695259166774607,0.8720115657662193
categorical__sex_clean_M,-0.1385127693570253,0.8706521335301953
categorical__rpsr_cod_CSM,-0.1413453835555696,0.8681894015662147
categorical__reporter_country_JAPAN,-0.14995331587361702,0.8607481587629394
bool__is_antiepileptic,-0.15318802237682402,0.8579683893890035
categorical__occr_country_PT,-0.15786358874417314,0.8539662646341203
categorical__reporter_country_GERMANY,-0.1629246935089008,0.8496551705549635
bool__indi_soc_investigations,-0.1748265636371258,0.8396026257679146
categorical__reporter_country_PT,-0.17655849781894006,0.8381497477888935
bool__duration_known,-0.18853525823400313,0.8281713030662701
bool__indi_soc_neoplasms_benign_malignant_and_unspecified_incl_cysts_and_polyps,-0.19845416756185663,0.8199973523570994
categorical__occr_country_ES,-0.20370291227352116,0.8157046710395517
categorical__reporter_country_ES,-0.21032473918358469,0.8103210602395966
categorical__occr_country_NL,-0.211123001589124,0.8096744695096616
bool__indi_soc_blood_and_lymphatic_system_disorders,-0.21892582700216906,0.8033813051435302
bool__indi_soc_eye_disorders,-0.23863198072765546,0.7877047195542951
bool__indi_epilepsy,-0.2596978999082585,0.7712845557467237
categorical__occr_country_CN,-0.2992529716480042,0.7413718396550312
bool__indi_pain,-0.3170751692899946,0.7282760090775943
categorical__reporter_country_CN,-0.3318896563962759,0.7175664973593932
bool__indi_soc_gastrointestinal_disorders,-0.3366633601645569,0.7141492105139978
bool__has_end_dt,-0.390973490251822,0.6763980869445693
categorical__reporter_country_IT,-0.44872188744677205,0.6384436331942577
categorical__occr_country_IT,-0.5038218221855747,0.6042170313353764
categorical__rept_cod_PER,-0.599946259165788,0.5488411304816948
bool__indi_soc_infections_and_infestations,-0.6892998813549686,0.5019273547804004
