year,analysis,outcome_name,outcome_definition,conclusion,a,b,c,d,n,ror,ror_ci_low,ror_ci_high,prr,prr_ci_low,prr_ci_high,ic,ic025,ic975,ebgm,eb05,eb95,chi_square_yates,expected_a,signal_flag_mhra,signal_flag_ror,signal_flag_ic,signal_flag_ebgm
2004,primary_ps_ss,strict_fall,OCMQ-compatible narrow fall event,signal_detected,21,120,1947,55198,57286,4.961299435028248,3.1138083672480823,7.9049476335518305,4.371318668109148,2.9390425250905348,6.5015823129578285,2.0083701196939217,1.3254789091192445,2.559164414006234,3.6793776768732425,2.548593098708768,5.174697062429766,52.531937840612464,4.843906015431345,True,True,True,True
2004,sensitivity_ps_only,strict_fall,OCMQ-compatible narrow fall event,signal_detected,14,64,1954,55255,57287,6.185788766632548,3.463232274860987,11.048633077009924,5.255006167493373,3.263127436669899,8.46276780675635,2.1891534950513254,1.3354106500394691,2.845998125133277,3.941468077030076,2.512889709886021,5.948124533261128,45.31058222574864,2.679560807862168,True,True,True,True
2005,primary_ps_ss,strict_fall,OCMQ-compatible narrow fall event,signal_detected,12,120,2173,58777,61082,2.704878048780488,1.491966016824028,4.903841760651496,2.5498891352549893,1.48438394651081,4.380224279152891,1.259295362209076,0.3291042004679834,1.960497300952528,2.185190375107416,1.3438973774381728,3.397951999730673,10.112765298971894,4.721849317311156,True,True,True,False
2005,sensitivity_ps_only,strict_fall,OCMQ-compatible narrow fall event,signal_detected,9,52,2176,58847,61084,4.680633130656108,2.303717910764992,9.509986618335814,4.137588898264224,2.260281748738032,7.574118536592905,1.8246208123875816,0.7315545739179069,2.614616951075844,2.986924136043632,1.7050326008834984,4.93565043771641,18.991512103198104,2.181995285181062,True,True,True,False
2006,primary_ps_ss,strict_fall,OCMQ-compatible narrow fall event,signal_detected,25,137,2369,57158,59689,4.402824808274765,2.869108722479299,6.756407012561229,3.877697523047178,2.698245998406576,5.5727083776371416,1.8655901728174136,1.2446146501925486,2.375380234650432,3.40136130681497,2.4299564688883803,4.65704299336695,52.105036037674175,6.497478597396505,True,True,True,True
2006,sensitivity_ps_only,strict_fall,OCMQ-compatible narrow fall event,signal_detected,14,72,2380,57224,59690,4.675163398692811,2.6334591705866384,8.299787993146646,4.076880984952121,2.520397291447181,6.594578807819867,1.87641290039292,1.0226700553810637,2.533257530474871,3.2596428774942696,2.078190888439385,4.919172600251816,30.554971231912063,3.4492209750376945,True,True,True,True
2007,primary_ps_ss,strict_fall,OCMQ-compatible narrow fall event,signal_detected,47,140,1875,55794,57856,9.989782857142858,7.1560309246576495,13.94568617485951,7.73031871657754,6.012276922980251,9.939300572044742,2.823066350136951,2.380944443135654,3.205753597991983,6.586169021042254,5.157952114404315,8.310270405322573,271.13068617072656,6.21221653761062,True,True,True,True
2007,sensitivity_ps_only,strict_fall,OCMQ-compatible narrow fall event,signal_detected,32,95,1890,55841,57858,9.952169312169312,6.649668042586899,14.89482984470202,7.696504603591218,5.685023224790473,10.419690610021036,2.7839336803082566,2.2406344693846467,3.240167974725978,6.227675809738395,4.627974904225831,8.236007071876891,182.87659630684908,4.218846140551004,True,True,True,True
2008,primary_ps_ss,strict_fall,OCMQ-compatible narrow fall event,signal_detected,35,146,2166,56276,58623,6.228449638877295,4.29632264273437,9.029485941805516,5.217423465613729,3.8635948193156606,7.045642437308781,2.2827119152757924,1.765004874517211,2.7207603644766043,4.55397610945336,3.4289878702454613,5.952572881932022,117.71399343295484,6.795643348173925,True,True,True,True
2008,sensitivity_ps_only,strict_fall,OCMQ-compatible narrow fall event,signal_detected,18,94,2183,56330,58625,4.941179910527188,2.9788068893608317,8.196321485424086,4.307775996335319,2.815660034005517,6.590615987187888,1.9752906790207652,1.2321790740108245,2.5646129674156306,3.5547786040610565,2.390432649060997,5.128204821148498,43.76004650919672,4.20489552238806,True,True,True,True
2009,primary_ps_ss,strict_fall,OCMQ-compatible narrow fall event,signal_detected,30,172,2188,52809,55199,4.209722163173335,2.849794930613871,6.218609100864445,3.733030752801057,2.676398790529216,5.206816955182861,1.8235949761512371,1.2610371235480915,2.293334727831566,3.3456434786535465,2.461900714102803,4.463273279295003,58.90733155761506,8.116741245312415,True,True,True,True
2009,sensitivity_ps_only,strict_fall,OCMQ-compatible narrow fall event,signal_detected,16,103,2202,52881,55202,3.730483320547076,2.199280914997414,6.327752725893269,3.3633595127424263,2.128115447923237,5.315589068720021,1.6434778782782289,0.8505499982501155,2.2637110909923384,2.854424085091074,1.873623856150036,4.203350029155135,25.088284914192464,4.781384732437231,True,True,True,False
2010,primary_ps_ss,strict_fall,OCMQ-compatible narrow fall event,signal_detected,33,195,3869,98783,102880,4.3207865280235405,2.983530328941333,6.257417945328627,3.840146372651712,2.7967666115706566,5.2727761059434215,1.872709840298775,1.3383462655840197,2.322625690886406,3.472526883286252,2.592390400550348,4.573726754355716,68.53809824438171,8.64751166407465,True,True,True,True
2010,sensitivity_ps_only,strict_fall,OCMQ-compatible narrow fall event,signal_detected,23,111,3879,98870,102883,5.281406696719921,3.366958966432055,8.284406484976065,4.546538383103815,3.1302818976654527,6.603562217336586,2.0737650416888367,1.4239587037776136,2.6028288321123974,3.864049543339028,2.7209141496999907,5.357533761117421,62.12950355623186,5.082161290009039,True,True,True,True
2011,primary_ps_ss,strict_fall,OCMQ-compatible narrow fall event,signal_detected,30,276,5867,127468,133641,2.361550603597128,1.6186924601120711,3.4453247857618594,2.228065250303292,1.5846480690475728,3.1327301352108847,1.1231291336742095,0.5605712810710639,1.5928688853545383,2.1031859378551023,1.547635005144143,2.8057662622185657,19.87414405694668,13.50245807798505,True,True,True,False
2011,sensitivity_ps_only,strict_fall,OCMQ-compatible narrow fall event,signal_detected,19,152,5878,127592,133641,2.713337870023817,1.6829233831820662,4.374650961819163,2.5229669955767267,1.6499759512683412,3.857851658914412,1.277221700467259,0.5558515421898285,1.8527837622382728,2.282155027797139,1.5510695834556,3.2624501891852664,16.659177341060587,7.545491278873998,True,True,True,False
2012,primary_ps_ss,strict_fall,OCMQ-compatible narrow fall event,signal_detected,51,263,6023,137714,144051,4.433836327032813,3.2813997856090964,5.991011720404168,3.8761113185020055,3.0115035882160788,4.988949378047811,1.9061898741713847,1.4828853739580174,2.274697117271893,3.616628506563671,2.8605244582612013,4.5226074510352845,109.71214364543027,13.240005275909226,True,True,True,True
2012,sensitivity_ps_only,strict_fall,OCMQ-compatible narrow fall event,signal_detected,24,153,6052,137823,144052,3.572256133120796,2.321255673351379,5.49746157957476,3.2234756404942475,2.220366617729736,4.679765549476737,1.6209049462015075,0.985988001031418,2.1400547799266763,2.894224966486988,2.0532363909883826,3.986949773463027,35.99787349333919,7.465720711965123,True,True,True,True
2013,primary_ps_ss,strict_fall,OCMQ-compatible narrow fall event,signal_detected,64,329,5583,151518,157494,5.279352702815266,4.03377665017787,6.90954591139642,4.582460659608708,3.656826722167045,5.742395604792957,2.1442059298673666,1.7689244012489278,2.475774963438743,4.274071999772959,3.4676700143723123,5.22193343311524,180.13831333760064,14.091146329383976,True,True,True,True
2013,sensitivity_ps_only,strict_fall,OCMQ-compatible narrow fall event,signal_detected,24,187,5623,151658,157492,3.461520245820023,2.261193477268267,5.299025728084726,3.1815369003239065,2.1811401815929,4.640773267828371,1.6029330673330335,0.9680161221629442,2.1220829010582025,2.860486308696557,2.0293013338450883,3.940472966859504,34.85551249848018,7.565571584588423,True,True,True,True
2014,primary_ps_ss,strict_fall,OCMQ-compatible narrow fall event,signal_detected,50,369,6231,180564,187214,3.926603541432622,2.919254026971588,5.281560024971841,3.5773668419776543,2.754846932403696,4.645468091729831,1.7945323117873877,1.36674426451204,2.166432943669114,3.353891128252563,2.646458437830279,4.203059181817224,92.67032159230465,14.057383529009584,True,True,True,True
2014,sensitivity_ps_only,strict_fall,OCMQ-compatible narrow fall event,signal_detected,21,197,6260,180739,187217,3.0777306563305817,1.96120876886935,4.829891719471553,2.8775822903537827,1.91484516317752,4.324360004135782,1.4602499864458809,0.7773587758712036,2.0110442807581936,2.586310864473385,1.7914589365867537,3.637401867452186,24.62799275784145,7.313748217309326,True,True,True,False
2015,primary_ps_ss,strict_fall,OCMQ-compatible narrow fall event,signal_detected,65,434,8972,266221,275692,4.444026834123982,3.421349566562192,5.77239306250089,3.995406104228073,3.1820046856084376,5.016733636471871,1.9581567376773767,1.5859387895211274,2.28733196037523,3.773754741547373,3.066754829999695,4.603750177209023,146.76715663017478,16.35688739607968,True,True,True,True
2015,sensitivity_ps_only,strict_fall,OCMQ-compatible narrow fall event,signal_detected,23,237,9013,266420,275693,2.8686458987276238,1.8687424246748283,4.403565298047285,2.703342607686334,1.8289973178346528,3.9956653753786537,1.3811971016688358,0.7313907637576125,1.9102608920923965,2.4682450910718807,1.7380426720465,3.422240387400154,23.728502942221912,8.521652707903357,True,True,True,False
2016,primary_ps_ss,strict_fall,OCMQ-compatible narrow fall event,signal_detected,80,382,9511,267430,277403,5.88857982572948,4.623526969735766,7.499766431765819,5.042072496598835,4.127121238398662,6.159861460920501,2.288858984140601,1.9552406848333452,2.5874784422980635,4.742772843246076,3.9347813148774007,5.6765637541745,262.1337039092324,15.973302379570516,True,True,True,True
2016,sensitivity_ps_only,strict_fall,OCMQ-compatible narrow fall event,signal_detected,31,221,9560,267594,277406,3.9263399534258503,2.694596336602062,5.7211335221023,3.5663536893139405,2.563291315409056,4.961932559449822,1.7736690176721983,1.2209845534909112,2.2365039700898315,3.2433406210258524,2.3986794304936394,4.307555210518363,56.485534062643815,8.712616165475874,True,True,True,True
2017,primary_ps_ss,strict_fall,OCMQ-compatible narrow fall event,signal_detected,32,491,10200,288566,299289,1.843798570344635,1.2887700119960486,2.637858684141498,1.7921703595396092,1.2803978463262506,2.5084973446557437,0.8222901845709899,0.2789909736473798,1.2785244789887111,1.7214513700469125,1.2792627591443213,2.2765934018961245,10.760667790647044,17.88016265215227,False,True,True,False
2017,sensitivity_ps_only,strict_fall,OCMQ-compatible narrow fall event,signal_detected,16,233,10216,288826,299291,1.941419837938301,1.1693998845655629,3.2231155799546025,1.8809269969462812,1.170447453901968,3.0226785115785946,0.8724382241173508,0.0795103440892377,1.4926714368314606,1.7347925906142978,1.138705632503645,2.554610061070887,5.943248468259761,8.512678296373764,False,True,True,False
2018,primary_ps_ss,strict_fall,OCMQ-compatible narrow fall event,signal_detected,126,739,13329,364242,378436,4.659277323316817,3.854188677532188,5.632538256916464,4.126249643851015,3.5082478735195397,4.853116637479749,2.017005821386378,1.7539859439581578,2.2577774529985994,3.983709314099655,3.434141037237427,4.600540208375713,303.33789228612454,30.754407614497563,True,True,True,True
2018,sensitivity_ps_only,strict_fall,OCMQ-compatible narrow fall event,signal_detected,50,411,13410,364592,378463,3.307550925245532,2.464872417715952,4.438320232910843,3.0572742522254086,2.3520178985236666,3.9740028590715166,1.5796511370166697,1.1518630897413222,1.951551768898396,2.9031103475037003,2.2907603679748902,3.638145704586854,69.3920822246307,16.395420424189417,True,True,True,True
2019,primary_ps_ss,strict_fall,OCMQ-compatible narrow fall event,signal_detected,94,674,13394,345464,359626,3.597165833144652,2.8969583453991365,4.466616529607182,3.279283556692051,2.7115330681662835,3.9659116724190375,1.6892007478343702,1.3826677772441107,1.965932840492631,3.1706956127371995,2.669285652899026,3.743756155231439,151.29447252874755,28.804324492667384,True,True,True,True
2019,sensitivity_ps_only,strict_fall,OCMQ-compatible narrow fall event,signal_detected,45,331,13443,345826,359645,3.497405291627422,2.560332313798289,4.777443813829533,3.19851370087414,2.430377440789364,4.209424315326439,1.6397625903443762,1.187265336840655,2.0301991444979164,3.0130318702780943,2.3468586318736198,3.820506781884151,68.15563604153103,14.10137218646165,True,True,True,True
2020,primary_ps_ss,strict_fall,OCMQ-compatible narrow fall event,signal_detected,93,549,13864,337509,352015,4.123893229782524,3.308048549669488,5.140944915196389,3.671366640421504,3.040163079558042,4.433621702411883,1.8489772195753928,1.5407209415738956,2.1271130888092555,3.534376482676334,2.9726784966885247,4.176797006517626,184.2192583390678,25.454580060508786,True,True,True,True
2020,sensitivity_ps_only,strict_fall,OCMQ-compatible narrow fall event,signal_detected,34,257,13923,337815,352029,3.209902937529397,2.243770633678154,4.5920365984421645,2.9517012197424566,2.1512992050820148,4.049896950664728,1.5190767653183466,0.993233627405414,1.9629366231997385,2.7518707535566937,2.0634032268488847,3.610456692421145,43.57031109845349,11.537364819375677,True,True,True,True
2021,primary_ps_ss,strict_fall,OCMQ-compatible narrow fall event,signal_detected,70,378,11989,357530,369967,5.522500563788411,4.276552082423862,7.131448860961296,4.815859850696472,3.880676381844943,5.97640818751398,2.222838741521071,1.864906968376702,2.540790678491361,4.518553230613108,3.70015512977974,5.473787106747411,213.5979523963316,14.60246995002257,True,True,True,True
2021,sensitivity_ps_only,strict_fall,OCMQ-compatible narrow fall event,signal_detected,28,209,12031,357673,369941,3.982870407746496,2.6835678894590904,5.911255961592306,3.6304637772954327,2.5627462348322925,5.143024720555972,1.792784832403201,1.2088372126575866,2.277347090290881,3.2664521366769206,2.377623378165572,4.399616793542312,52.35453694467285,7.725510284072325,True,True,True,True
2022,primary_ps_ss,strict_fall,OCMQ-compatible narrow fall event,signal_detected,100,434,11470,379404,391408,7.621645727785165,6.127513611339262,9.480106823813244,6.381637164529518,5.343119550120263,7.622006679372856,2.6255788082437594,2.3288208321774926,2.894319243133043,5.987509227514412,5.067446166853391,7.034804167363551,458.12682520669625,15.78501205902792,True,True,True,True
2022,sensitivity_ps_only,strict_fall,OCMQ-compatible narrow fall event,signal_detected,30,225,11548,379056,390859,4.376584689989609,2.9887746626300684,6.408811540109828,3.979339432343772,2.841973615201795,5.571882241658909,1.921104683386937,1.358546830783791,2.3908444350672653,3.5659124916941303,2.6239862572753747,4.757124314658872,65.75301760124273,7.553593495352544,True,True,True,True
2023,primary_ps_ss,strict_fall,OCMQ-compatible narrow fall event,signal_detected,31,341,10895,347119,358386,2.8963995160415537,2.004299514345089,4.185567125314062,2.7383662230380907,1.9538759680911704,3.837832950472117,1.41155533695986,0.8588708727785729,1.874390289377493,2.552565102009193,1.8878021523526392,3.3901203697406515,33.41856139038721,11.341045688168622,True,True,True,False
2023,sensitivity_ps_only,strict_fall,OCMQ-compatible narrow fall event,signal_detected,14,206,10910,347040,358170,2.161800432488231,1.2576771367476391,3.7158830142938712,2.087867677693525,1.257236379793991,3.467280703626828,1.0080044734330331,0.1542616284211768,1.6648491035149846,1.8810746062502777,1.1992823306426466,2.8387559649506744,7.091820171699646,6.709886366809057,True,True,True,False
2024,primary_ps_ss,strict_fall,OCMQ-compatible narrow fall event,signal_detected,94,390,11270,361043,372797,7.721439264669078,6.159615664609444,9.67927668937663,6.416035771117646,5.346398928371345,7.699671417673525,2.63114472145998,2.32461175086972,2.9078768141182403,5.998577018783759,5.049969322102958,7.082739051483621,434.0739670296464,14.753809714133965,True,True,True,True
2024,sensitivity_ps_only,strict_fall,OCMQ-compatible narrow fall event,no_clear_signal,11,231,11353,361255,372850,1.5152487490195583,0.8273082269166545,2.77523986430349,1.491828351336851,0.8372298253128654,2.6582328562181345,0.5461251780054001,-0.4304124755958985,1.273359120416967,1.3734260294465843,0.826687124653198,2.1738093066367083,1.365759447793117,7.375856242456752,False,False,False,False
2025,primary_ps_ss,strict_fall,OCMQ-compatible narrow fall event,signal_detected,105,412,11883,346789,359189,7.437573992053591,5.998428460744857,9.221999937030663,6.130136334092997,5.163179379959751,7.278184372292731,2.5709480397748115,2.2816690045549417,2.8335403514895803,5.779269185125453,4.9111259158169975,6.764402878068256,457.0195114638972,17.254971616614096,True,True,True,True
2025,sensitivity_ps_only,strict_fall,OCMQ-compatible narrow fall event,signal_detected,30,278,11958,347037,359303,3.1317976226144024,2.147935651077564,4.566317591540846,2.9241549970350778,2.080436313281837,4.110042875187429,1.500947851889563,0.9383899992864172,1.970687603569892,2.7049099949216155,1.990415264079882,3.608499405349164,37.23465021235857,10.27629605096534,True,True,True,False
