feature,importance
bool__pheno_gait_balance_motor,0.07655277
categorical__rept_cod_PER,0.03590606
bool__pheno_consciousness_cognition,0.032153558
categorical__rept_cod_EXP,0.03123283
bool__pheno_dizziness_vertigo_syncope,0.027143225
categorical__cns_coprescription_bucket_0,0.024020681
bool__indi_soc_nervous_system_disorders,0.01702932
bool__indi_soc_infections_and_infestations,0.015160001
categorical__occr_country_CA,0.01497676
categorical__reporter_country_CN,0.01385538
bool__event_date_known,0.012161073
bool__indi_soc_musculoskeletal_and_connective_tissue_disorders,0.0119066015
categorical__sex_clean_M,0.011799199
categorical__occr_country_IT,0.011511895
bool__pheno_hypotension,0.0111716585
bool__has_end_dt,0.010226466
categorical__occr_country_US,0.009968795
bool__indi_soc_neoplasms_benign_malignant_and_unspecified_incl_cysts_and_polyps,0.008698138
categorical__reporter_country_IT,0.008299076
categorical__sex_clean_F,0.00749092
categorical__age_group_65-74,0.00711794
categorical__reporter_country_AU,0.006888825
categorical__reporter_country_ES,0.006612601
categorical__occr_country_DE,0.0065339645
categorical__occr_country_AU,0.0064666765
bool__is_antidepressant,0.0062438534
categorical__occr_country_ES,0.0061587216
categorical__occr_country_IL,0.0060979333
bool__indi_soc_gastrointestinal_disorders,0.0059868246
categorical__reporter_country_UNITED STATES,0.0059712688
bool__has_ss_drug,0.0059405947
categorical__reporter_country_US,0.005938139
bool__zolpidem_as_suspect,0.005921207
categorical__occr_country_FR,0.00570617
categorical__reporter_country_FRANCE,0.0056658546
categorical__occr_country_AR,0.005576101
bool__has_start_dt,0.005499365
categorical__reporter_country_JP,0.005402867
categorical__reporter_country_PT,0.005338843
categorical__occr_country_BR,0.0052229487
categorical__reporter_country_NL,0.004960167
categorical__occr_country_JP,0.004887001
bool__indi_soc_psychiatric_disorders,0.004881261
numeric__age_years,0.0048691006
categorical__occr_country_NL,0.004602592
categorical__reporter_country_CA,0.0045886384
categorical__reporter_country_FR,0.004409196
numeric__log_drug_n,0.004220071
categorical__reporter_country_AR,0.0041369437
categorical__occr_country_PL,0.0040628
categorical__reporter_country_JAPAN,0.004060847
bool__indi_insomnia,0.0040582847
categorical__occr_country_GB,0.004012938
categorical__rept_cod_DIR,0.0039398787
categorical__reporter_country_KR,0.0039227647
categorical__reporter_country_GB,0.00365997
bool__other_zdrug_as_suspect,0.0035544564
categorical__reporter_country_COUNTRY NOT SPECIFIED,0.0034327607
categorical__reporter_country_SE,0.003331468
categorical__rept_cod_30DAY,0.003294108
categorical__reporter_country_DE,0.0032002628
categorical__e_sub_N,0.0031581277
categorical__age_group_>=85,0.00306182
categorical__reporter_country_IN,0.0030442865
bool__indi_soc_blood_and_lymphatic_system_disorders,0.003036666
categorical__occr_country_SE,0.0029714927
categorical__reporter_country_PL,0.0029355502
categorical__drug_n_bucket_20+,0.0029107584
categorical__occr_country_MX,0.0028609126
categorical__occr_country_CN,0.0028513046
bool__indi_pain,0.0028285212
bool__indi_soc_investigations,0.0027900268
categorical__reporter_country_MEXICO,0.0027085587
categorical__occr_country_FI,0.0026869657
bool__indi_soc_cardiac_disorders,0.0026639777
categorical__rpsr_cod_CSM|HP,0.002647863
categorical__reporter_country_CANADA,0.0026353467
numeric__cns_coprescription_count,0.002634716
categorical__distinct_drug_n_bucket_0-1,0.0025948351
numeric__ss_drug_n,0.002584747
categorical__rpsr_cod_HP,0.002456533
bool__indi_epilepsy,0.0024562671
numeric__indi_mapped_n,0.0024450803
bool__duration_known,0.0024248608
"categorical__reporter_country_KOREA, REPUBLIC OF",0.0024177087
categorical__reporter_country_IL,0.002412308
numeric__drug_n,0.002387006
categorical__reporter_country_SPAIN,0.0023770044
categorical__occr_country_TW,0.0023622506
categorical__reporter_country_RU,0.0023395158
bool__indi_soc_eye_disorders,0.0023329414
categorical__reporter_country_SG,0.0023247912
categorical__reporter_country_ITALY,0.0022966224
categorical__occr_country_TH,0.0022649986
categorical__occr_country_KR,0.002251876
bool__pheno_sedation_somnolence,0.0022400627
categorical__reporter_country_SI,0.002234522
bool__is_antipsychotic,0.0022338144
bool__indi_soc_metabolism_and_nutrition_disorders,0.0022224837
bool__indi_soc_social_circumstances,0.0022163203
bool__indi_soc_respiratory_thoracic_and_mediastinal_disorders,0.0022043597
categorical__drug_n_bucket_0-1,0.0021713907
categorical__reporter_country_BR,0.0021131667
categorical__cns_coprescription_bucket_3+,0.002097884
categorical__rpsr_cod_unknown,0.0020867747
categorical__occr_country_unknown,0.002076112
categorical__reporter_country_NO,0.0020740107
categorical__rpsr_cod_FGN|HP|SDY,0.0020708274
categorical__rpsr_cod_CSM,0.002054
bool__indi_anxiety,0.0020503302
bool__has_rpsr,0.0020321612
categorical__reporter_country_DK,0.0020252368
bool__indi_soc_skin_and_subcutaneous_tissue_disorders,0.00201143
categorical__occr_country_PT,0.0019762588
categorical__rpsr_cod_HP|LIT,0.0019735252
numeric__distinct_drug_n,0.0019316325
categorical__e_sub_Y,0.0019278998
categorical__occr_country_SG,0.001925541
numeric__year,0.0018901133
categorical__reporter_country_GREECE,0.0018720599
categorical__occr_country_RO,0.0018647241
categorical__reporter_country_TR,0.0018265548
bool__is_other_zdrug,0.0018224644
numeric__therapy_record_n,0.0018028195
categorical__reporter_country_HR,0.0017963635
categorical__occr_country_TR,0.0017919351
categorical__reporter_country_UNITED KINGDOM,0.0017915103
bool__indi_soc_immune_system_disorders,0.0017886808
categorical__occr_country_BG,0.0017883109
categorical__occr_country_NO,0.0017725601
categorical__occr_country_HR,0.0017661137
categorical__rpsr_cod_CSM|HP|OTH,0.0017516739
categorical__occr_country_PH,0.0017461837
bool__indi_soc_vascular_disorders,0.0017409376
categorical__reporter_country_LU,0.0017403819
categorical__reporter_country_SWITZERLAND,0.0017278533
categorical__reporter_country_BG,0.0017275101
categorical__distinct_drug_n_bucket_20+,0.0017239891
bool__zolpidem_as_ps,0.0017001252
numeric__concomitant_drug_n,0.0016991263
categorical__occr_country_PE,0.0016916668
numeric__indi_n,0.0016763264
categorical__reporter_country_GERMANY,0.0016552189
bool__indi_soc_reproductive_system_and_breast_disorders,0.0016471851
categorical__reporter_country_SK,0.0016471453
bool__indi_soc_general_disorders_and_administration_site_conditions,0.0016445545
numeric__interacting_drug_n,0.0016394787
bool__is_benzo,0.00161683
bool__indi_soc_ear_and_labyrinth_disorders,0.001616499
bool__indi_soc_hepatobiliary_disorders,0.0016078072
categorical__reporter_country_GR,0.001599557
categorical__occr_country_SI,0.0015932812
categorical__rpsr_cod_HP|UF,0.0015925925
categorical__reporter_country_AT,0.001582934
categorical__occr_country_CZ,0.0015815342
categorical__rpsr_cod_HP|SDY,0.0015669757
bool__is_eszopiclone,0.0015602132
bool__indi_soc_injury_poisoning_and_procedural_complications,0.0015510956
bool__indi_soc_endocrine_disorders,0.0015490396
categorical__cns_coprescription_bucket_2,0.001543106
bool__indi_soc_surgical_and_medical_procedures,0.0015268798
categorical__reporter_country_TH,0.001514851
categorical__reporter_country_FI,0.0015133471
categorical__reporter_country_PORTUGAL,0.0015034749
bool__indi_soc_congenital_familial_and_genetic_disorders,0.0015023843
categorical__rpsr_cod_CR|HP,0.0014935364
categorical__reporter_country_CH,0.0014909898
bool__is_zopiclone,0.0014893354
numeric__distinct_indi_n,0.0014853221
categorical__occr_country_IN,0.0014756132
categorical__reporter_country_CO,0.0014722656
categorical__occr_country_DK,0.0014499762
categorical__reporter_country_CHINA,0.0014430676
categorical__rpsr_cod_CR|FGN|HP|OTH,0.0014416887
categorical__reporter_country_ARGENTINA,0.0014405274
categorical__occr_country_BD,0.0014314812
categorical__rpsr_cod_FGN|HP|OTH|SDY,0.0014273666
numeric__zdrug_count,0.0014260503
categorical__occr_country_RU,0.0014232311
bool__is_opioid,0.0014173087
categorical__reporter_country_BRAZIL,0.001413385
categorical__reporter_country_FINLAND,0.0014029371
categorical__reporter_country_CY,0.0013897717
categorical__occr_country_IE,0.0013816878
categorical__reporter_country_VENEZUELA,0.0013785198
numeric__log_distinct_drug_n,0.0013777657
categorical__occr_country_GR,0.0013766376
categorical__rpsr_cod_OTH,0.0013717051
categorical__occr_country_AT,0.0013599962
categorical__occr_country_PR,0.0013550117
categorical__reporter_country_BE,0.0013541146
categorical__occr_country_SK,0.0013465995
categorical__distinct_drug_n_bucket_3-4,0.001334889
bool__pheno_visual_disturbance,0.0013307947
bool__indi_soc_renal_and_urinary_disorders,0.001329837
categorical__occr_country_NZ,0.0013217338
categorical__reporter_country_INDIA,0.0013164831
categorical__reporter_country_SINGAPORE,0.0013107406
categorical__reporter_country_ZA,0.0013063762
bool__is_zolpidem,0.0013021843
categorical__occr_country_CH,0.0012834047
categorical__occr_country_CO,0.0012821712
categorical__occr_country_VE,0.0012790856
categorical__reporter_country_AUSTRALIA,0.0012721153
categorical__reporter_country_RO,0.0012711212
categorical__distinct_drug_n_bucket_10-19,0.0012690953
bool__indi_dizziness_vertigo,0.001267311
categorical__reporter_country_TURKEY,0.0012619817
categorical__reporter_country_LB,0.0012592117
bool__is_antiepileptic,0.0012520073
bool__indi_depression,0.0012410987
categorical__rpsr_cod_CSM|OTH,0.0012321443
categorical__rpsr_cod_FGN|HP|LIT|OTH,0.0012179551
categorical__occr_country_BE,0.001203102
categorical__rpsr_cod_CR|FGN|HP,0.0011888631
categorical__rpsr_cod_FGN|OTH|SDY,0.0011849401
categorical__rpsr_cod_CSM|HP|SDY,0.0011776458
categorical__reporter_country_ID,0.0011721333
categorical__reporter_country_EG,0.0011707172
categorical__cns_coprescription_bucket_1,0.0011614889
categorical__reporter_country_SWEDEN,0.0011546243
categorical__reporter_country_unknown,0.0011540848
categorical__quarter_Q4,0.0011530137
numeric__indi_unmapped_n,0.0011427412
categorical__occr_country_HU,0.0011384692
categorical__reporter_country_SOUTH AFRICA,0.0011198071
categorical__reporter_country_CZ,0.0011168026
categorical__rpsr_cod_HP|OTH,0.0011165203
categorical__occr_country_HK,0.0011076364
categorical__rpsr_cod_FGN|OTH,0.0011009161
categorical__reporter_country_COLOMBIA,0.0010937032
categorical__reporter_country_POLAND,0.0010926131
categorical__distinct_drug_n_bucket_2,0.0010895596
categorical__rpsr_cod_FGN|HP|OTH,0.0010859674
categorical__reporter_country_PERU,0.0010827804
categorical__occr_country_ZA,0.0010814393
bool__is_zaleplon,0.0010796686
categorical__rpsr_cod_CSM|SDY,0.0010719271
numeric__ps_drug_n,0.0010687484
categorical__reporter_country_BY,0.0010625103
categorical__drug_n_bucket_3-4,0.0010604705
categorical__distinct_drug_n_bucket_5-9,0.0010594205
categorical__occr_country_UY,0.0010571476
categorical__reporter_country_VN,0.0010559085
categorical__reporter_country_HK,0.0010468664
categorical__rpsr_cod_FGN|HP,0.0010451404
categorical__reporter_country_AUSTRIA,0.001034017
categorical__occr_country_GT,0.0010321412
categorical__reporter_country_NORWAY,0.0010300755
categorical__reporter_country_TW,0.0010270874
categorical__quarter_Q3,0.0010204397
categorical__reporter_country_ECUADOR,0.0010188001
categorical__reporter_country_MX,0.0010171863
categorical__drug_n_bucket_2,0.0010119416
categorical__reporter_country_CL,0.0010113032
categorical__reporter_country_DENMARK,0.0009948235
categorical__reporter_country_PHILIPPINES,0.0009891132
categorical__drug_n_bucket_5-9,0.0009878941
"categorical__reporter_country_TAIWAN, PROVINCE OF CHINA",0.00097439525
categorical__rpsr_cod_CSM|FGN|OTH,0.0009724022
categorical__reporter_country_AE,0.000967667
categorical__quarter_Q1,0.00096054183
categorical__reporter_country_NETHERLANDS,0.0009469804
categorical__reporter_country_ISRAEL,0.0009311644
categorical__reporter_country_HU,0.0009297941
categorical__rpsr_cod_FGN,0.00092448597
categorical__rpsr_cod_CSM|FGN|HP,0.0009184294
categorical__reporter_country_A1,0.0009168056
categorical__reporter_country_IRELAND,0.0008890202
categorical__occr_country_A1,0.00086941157
categorical__occr_country_PA,0.0008661924
categorical__rpsr_cod_CR|CSM|HP,0.00086278864
categorical__occr_country_PK,0.0008627157
categorical__reporter_country_LT,0.0008610039
categorical__reporter_country_IR,0.0008571265
categorical__reporter_country_HUNGARY,0.0008525433
categorical__reporter_country_EE,0.0008510509
categorical__rpsr_cod_FGN|HP|LIT,0.00085088535
categorical__occr_country_EE,0.0008418577
categorical__occr_country_EG,0.0008417631
categorical__reporter_country_IE,0.0008352616
categorical__reporter_country_BELGIUM,0.0008279333
categorical__occr_country_SA,0.000826897
categorical__rpsr_cod_LIT,0.00082471204
categorical__occr_country_CR,0.00082081184
categorical__occr_country_LT,0.0008132535
categorical__rpsr_cod_DT|FGN|HP,0.00080505945
categorical__age_group_75-84,0.0008005845
categorical__reporter_country_RUSSIAN FEDERATION,0.00079696934
categorical__reporter_country_SA,0.0007961813
categorical__occr_country_IR,0.0007716454
categorical__rpsr_cod_CR|CSM,0.0007686395
categorical__reporter_country_RS,0.0007622733
categorical__occr_country_UA,0.00076184946
categorical__reporter_country_NZ,0.00076136115
categorical__reporter_country_THAILAND,0.0007538056
categorical__occr_country_VN,0.0007510058
categorical__quarter_Q2,0.00074966595
categorical__reporter_country_CR,0.0007493151
categorical__rpsr_cod_FGN|LIT|OTH,0.00074716634
categorical__drug_n_bucket_10-19,0.0007462516
categorical__occr_country_CL,0.00074519153
categorical__reporter_country_NEW ZEALAND,0.00074392505
categorical__reporter_country_MY,0.0007361464
categorical__rpsr_cod_DT|HP,0.00073315355
categorical__rpsr_cod_SDY,0.0007331342
categorical__reporter_country_COSTA RICA,0.0007181959
categorical__rpsr_cod_HP|OTH|SDY,0.00070666784
categorical__reporter_country_SLOVENIA,0.0007019169
categorical__occr_country_MT,0.00069288485
categorical__reporter_country_UA,0.0006828998
categorical__occr_country_TN,0.00067813764
categorical__rpsr_cod_HP|LIT|OTH,0.00067125156
categorical__rpsr_cod_FGN|LIT,0.00066710974
categorical__reporter_country_JM,0.00065818545
categorical__reporter_country_CHILE,0.00065818103
categorical__occr_country_UM,0.00064497656
categorical__reporter_country_DO,0.00064447196
categorical__reporter_country_HN,0.00064422796
categorical__reporter_country_CZECH REPUBLIC,0.0006420427
categorical__reporter_country_GUATEMALA,0.00064057595
categorical__rpsr_cod_UF,0.000639215
categorical__reporter_country_MT,0.00063663104
categorical__rpsr_cod_CSM|FGN,0.0006362545
categorical__rpsr_cod_DT|HP|SDY,0.000636197
categorical__reporter_country_GT,0.00063425524
categorical__rpsr_cod_CR|CSM|HP|OTH,0.0006151544
categorical__reporter_country_BD,0.0006110714
categorical__reporter_country_TN,0.0006072636
categorical__occr_country_HN,0.000605943
categorical__reporter_country_HONG KONG,0.00059541006
categorical__rpsr_cod_FGN|SDY,0.00058913557
categorical__rpsr_cod_CSM|FGN|SDY,0.0005699503
categorical__occr_country_SV,0.0005641285
categorical__occr_country_AE,0.00055249373
categorical__rpsr_cod_LIT|OTH,0.00055076776
categorical__reporter_country_CROATIA (LOCAL NAME: HRVATSKA),0.0005496821
categorical__rpsr_cod_CSM|DT|HP,0.0005422361
categorical__occr_country_NG,0.0005313125
categorical__rpsr_cod_CR|HP|OTH,0.0005287121
categorical__reporter_country_ROMANIA,0.0005237605
categorical__rpsr_cod_CR,0.00052248477
categorical__occr_country_ID,0.0005193401
categorical__reporter_country_PUERTO RICO,0.0005128046
categorical__reporter_country_SLOVAKIA (SLOVAK REPUBLIC),0.00050781434
categorical__occr_country_CY,0.00050612655
categorical__reporter_country_EC,0.00049723807
categorical__occr_country_MA,0.0004967623
categorical__reporter_country_UY,0.000483778
categorical__reporter_country_UM,0.0004837369
categorical__reporter_country_NG,0.00047979323
categorical__occr_country_KW,0.00047489884
categorical__occr_country_QA,0.00047265692
categorical__rpsr_cod_DT|HP|OTH,0.00046888803
categorical__reporter_country_LEBANON,0.00046749786
categorical__reporter_country_MA,0.0004579813
categorical__occr_country_KE,0.00045180373
categorical__occr_country_DZ,0.00044410423
categorical__rept_cod_5DAY,0.00043974462
categorical__occr_country_MY,0.00043467287
categorical__rpsr_cod_DT|FGN|HP|OTH,0.0004266626
categorical__occr_country_IS,0.00041885805
categorical__occr_country_LU,0.00038856908
categorical__reporter_country_PR,0.00022886269
categorical__reporter_country_MO,0.0
categorical__reporter_country_MONACO,0.0
categorical__reporter_country_MONTENEGRO,0.0
categorical__reporter_country_MALTA,0.0
categorical__reporter_country_MARTINIQUE,0.0
categorical__reporter_country_MAURITIUS,0.0
categorical__reporter_country_MN,0.0
categorical__rpsr_cod_CSM|DT|FGN|HP,0.0
categorical__rpsr_cod_CSM|DT|FGN|HP|OTH,0.0
categorical__rpsr_cod_CSM|DT|FGN|OTH,0.0
categorical__reporter_country_MW,0.0
categorical__reporter_country_MC,0.0
categorical__reporter_country_MALAWI,0.0
"categorical__reporter_country_MICRONESIA, FEDERATED STATES OF",0.0
categorical__reporter_country_MACAU,0.0
categorical__reporter_country_LY,0.0
categorical__reporter_country_LV,0.0
categorical__reporter_country_MG,0.0
categorical__reporter_country_ME,0.0
categorical__reporter_country_MD,0.0
categorical__reporter_country_PE,0.0
categorical__reporter_country_PARAGUAY,0.0
categorical__reporter_country_PANAMA,0.0
categorical__reporter_country_PAKISTAN,0.0
categorical__reporter_country_PA,0.0
categorical__reporter_country_OMAN,0.0
"categorical__reporter_country_MACEDONIA, THE FORMER YUGOSLAV REPUBLIC OF",0.0
categorical__rpsr_cod_CR|HP|SDY,0.0
categorical__rpsr_cod_CR|HP|OTH|UF,0.0
categorical__rpsr_cod_CR|HP|OTH|SDY,0.0
categorical__reporter_country_PF,0.0
categorical__rpsr_cod_CR|FGN|HP|OTH|UF,0.0
categorical__rpsr_cod_CR|HP|LIT|UF,0.0
categorical__rpsr_cod_CR|HP|LIT|SDY,0.0
categorical__rpsr_cod_CR|HP|LIT|OTH|SDY,0.0
categorical__rpsr_cod_CR|HP|LIT|OTH,0.0
categorical__rpsr_cod_CR|HP|LIT,0.0
categorical__rpsr_cod_CR|FGN|SDY,0.0
categorical__rpsr_cod_CR|SDY,0.0
categorical__rpsr_cod_CSM|HP|OTH|SDY,0.0
categorical__rpsr_cod_CR|FGN|OTH|SDY,0.0
categorical__rpsr_cod_CR|FGN|OTH,0.0
categorical__reporter_country_ML,0.0
categorical__rpsr_cod_CR|FGN|LIT,0.0
categorical__rpsr_cod_CR|FGN|HP|UF,0.0
categorical__rpsr_cod_CR|FGN|HP|SDY|UF,0.0
categorical__rpsr_cod_CR|FGN|HP|SDY,0.0
categorical__rpsr_cod_CSM|HP|LIT,0.0
categorical__rpsr_cod_CSM|FGN|UF,0.0
categorical__rpsr_cod_CSM|FGN|OTH|SDY,0.0
categorical__rpsr_cod_CSM|OTH|SDY,0.0
categorical__rpsr_cod_CSM|LIT|OTH,0.0
categorical__rpsr_cod_CSM|LIT,0.0
categorical__rpsr_cod_CSM|HP|UF,0.0
categorical__rpsr_cod_CSM|HP|OTH|UF,0.0
categorical__reporter_country_MM,0.0
categorical__reporter_country_MALI,0.0
categorical__reporter_country_MK,0.0
categorical__rpsr_cod_CR|FGN|LIT|OTH,0.0
categorical__occr_country_SB,0.0
categorical__occr_country_RW,0.0
categorical__occr_country_RS,0.0
categorical__occr_country_SR,0.0
categorical__occr_country_SO,0.0
categorical__occr_country_SN,0.0
categorical__occr_country_SM,0.0
categorical__occr_country_SH,0.0
categorical__rpsr_cod_CR|CSM|DT|OTH,0.0
categorical__rpsr_cod_CR|CSM|DT,0.0
categorical__occr_country_RE,0.0
categorical__occr_country_QZ,0.0
categorical__occr_country_PY,0.0
categorical__occr_country_PW,0.0
categorical__occr_country_PS,0.0
categorical__reporter_country_MALAYSIA,0.0
categorical__occr_country_YE,0.0
categorical__occr_country_WS,0.0
categorical__occr_country_VU,0.0
categorical__rpsr_cod_CR|CSM|FGN|HP|OTH|SDY,0.0
categorical__rpsr_cod_CR|CSM|FGN|HP|OTH,0.0
categorical__rpsr_cod_CR|CSM|FGN|HP|LIT,0.0
categorical__rpsr_cod_CR|CSM|FGN|HP,0.0
categorical__rpsr_cod_CR|CSM|FGN,0.0
categorical__occr_country_TV,0.0
categorical__occr_country_TT,0.0
categorical__occr_country_TM,0.0
categorical__occr_country_VI,0.0
categorical__occr_country_UZ,0.0
categorical__occr_country_UG,0.0
categorical__occr_country_ZW,0.0
categorical__occr_country_SD,0.0
categorical__rpsr_cod_CR|HP|UF,0.0
categorical__rpsr_cod_CR|DT|FGN,0.0
categorical__rpsr_cod_CR|FGN|HP|OTH|SDY,0.0
categorical__rpsr_cod_CR|FGN|HP|LIT|SDY,0.0
categorical__rpsr_cod_CR|FGN|HP|LIT|OTH|SDY,0.0
categorical__rpsr_cod_CR|FGN|HP|LIT|OTH,0.0
categorical__rpsr_cod_CR|FGN|HP|LIT,0.0
categorical__rpsr_cod_CR|FGN,0.0
categorical__occr_country_TZ,0.0
categorical__rpsr_cod_CR|CSM|HP|SDY|UF,0.0
categorical__rpsr_cod_CR|DT|HP|UF,0.0
categorical__rpsr_cod_CR|DT|HP|SDY,0.0
categorical__rpsr_cod_CR|DT|HP|OTH|SDY,0.0
categorical__rpsr_cod_CR|DT|HP|OTH,0.0
categorical__rpsr_cod_CR|DT|HP,0.0
categorical__rpsr_cod_CR|CSM|FGN|OTH,0.0
categorical__rpsr_cod_CR|CSM|FGN|SDY,0.0
categorical__rpsr_cod_CR|CSM|HP|OTH|SDY,0.0
categorical__rpsr_cod_CR|CSM|HP|OTH|UF,0.0
categorical__rpsr_cod_CR|CSM|HP|SDY,0.0
categorical__rpsr_cod_CR|UF,0.0
categorical__rpsr_cod_CSM|DT,0.0
categorical__rpsr_cod_CSM|DT|FGN,0.0
categorical__rpsr_cod_CR|DT|FGN|HP|OTH|SDY,0.0
categorical__rpsr_cod_CR|CSM|LIT,0.0
categorical__rpsr_cod_CR|CSM|OTH,0.0
categorical__rpsr_cod_CR|CSM|OTH|SDY,0.0
categorical__rpsr_cod_CR|CSM|SDY,0.0
categorical__rpsr_cod_CR|CSM|UF,0.0
categorical__rpsr_cod_CR|DT,0.0
categorical__rpsr_cod_CR|CSM|FGN|HP|SDY,0.0
categorical__rpsr_cod_CR|DT|FGN|HP|OTH,0.0
categorical__rpsr_cod_CR|CSM|HP|UF,0.0
categorical__reporter_country_IM,0.0
categorical__reporter_country_ICELAND,0.0
categorical__reporter_country_HT,0.0
categorical__reporter_country_IRAQ,0.0
categorical__reporter_country_IRAN (ISLAMIC REPUBLIC OF),0.0
categorical__reporter_country_IQ,0.0
categorical__reporter_country_INDONESIA,0.0
categorical__reporter_country_BT,0.0
categorical__reporter_country_BS,0.0
categorical__reporter_country_BRUNEI DARUSSALAM,0.0
categorical__reporter_country_LITHUANIA,0.0
categorical__reporter_country_LIBYAN ARAB JAMAHIRIYA,0.0
categorical__reporter_country_LI,0.0
categorical__reporter_country_HONDURAS,0.0
categorical__reporter_country_GW,0.0
categorical__rpsr_cod_CR|OTH,0.0
categorical__reporter_country_AF,0.0
categorical__reporter_country_AD,0.0
bool__very_high_drug_burden_20,0.0
bool__high_drug_burden_10,0.0
bool__any_cns_coprescription,0.0
bool__multiple_zdrug,0.0
bool__polypharmacy_5,0.0
categorical__reporter_country_BL,0.0
categorical__reporter_country_BH,0.0
categorical__reporter_country_BF,0.0
categorical__reporter_country_ALBANIA,0.0
categorical__reporter_country_AL,0.0
categorical__reporter_country_AI,0.0
categorical__reporter_country_AG,0.0
categorical__rpsr_cod_DT|FGN|HP|LIT,0.0
categorical__reporter_country_AFGHANISTAN,0.0
categorical__reporter_country_AX,0.0
categorical__reporter_country_AW,0.0
categorical__reporter_country_AS,0.0
categorical__reporter_country_BB,0.0
categorical__reporter_country_BARBADOS,0.0
categorical__reporter_country_BANGLADESH,0.0
categorical__reporter_country_BAHRAIN,0.0
bool__indi_soc_product_issues,0.0
bool__indi_soc_pregnancy_puerperium_and_perinatal_conditions,0.0
categorical__rpsr_cod_LIT|SDY,0.0
categorical__rpsr_cod_LIT|OTH|SDY,0.0
categorical__reporter_country_ANTIGUA AND BARBUDA,0.0
categorical__reporter_country_AN,0.0
categorical__reporter_country_AM,0.0
categorical__reporter_country_ALGERIA,0.0
categorical__reporter_country_MOROCCO,0.0
categorical__reporter_country_BZ,0.0
categorical__reporter_country_BW,0.0
categorical__reporter_country_BURKINA FASO,0.0
categorical__reporter_country_BULGARIA,0.0
categorical__reporter_country_FO,0.0
categorical__reporter_country_FK,0.0
categorical__reporter_country_FJ,0.0
categorical__reporter_country_BAHAMAS,0.0
categorical__rpsr_cod_OTH|SDY,0.0
categorical__rpsr_cod_FGN|HP|LIT|UF,0.0
categorical__rpsr_cod_FGN|HP|LIT|SDY,0.0
categorical__rpsr_cod_FGN|HP|LIT|OTH|SDY,0.0
categorical__reporter_country_BOLIVIA,0.0
categorical__reporter_country_BO,0.0
categorical__reporter_country_BN,0.0
categorical__reporter_country_BM,0.0
categorical__rpsr_cod_CSM|FGN|HP|OTH|SDY,0.0
categorical__rpsr_cod_CSM|FGN|HP|OTH,0.0
categorical__rpsr_cod_CSM|FGN|HP|LIT|SDY,0.0
categorical__rpsr_cod_CSM|HP|LIT|OTH|UF,0.0
categorical__rpsr_cod_CSM|HP|LIT|OTH,0.0
categorical__rpsr_cod_DT|HP|UF,0.0
categorical__rpsr_cod_CSM|FGN|HP|LIT,0.0
categorical__rpsr_cod_CSM|DT|UF,0.0
categorical__rpsr_cod_CSM|DT|SDY,0.0
categorical__rpsr_cod_CSM|DT|OTH|SDY,0.0
categorical__rpsr_cod_CSM|DT|OTH,0.0
categorical__rpsr_cod_CSM|DT|HP|OTH,0.0
categorical__rpsr_cod_CSM|FGN|LIT|SDY,0.0
categorical__rpsr_cod_DT|FGN|OTH|SDY,0.0
categorical__rpsr_cod_DT|UF,0.0
categorical__rpsr_cod_DT|FGN,0.0
categorical__rpsr_cod_DT|OTH|SDY,0.0
categorical__rpsr_cod_DT|OTH,0.0
categorical__rpsr_cod_DT|LIT|SDY,0.0
categorical__rpsr_cod_DT|LIT|OTH,0.0
categorical__rpsr_cod_DT|LIT,0.0
categorical__rpsr_cod_DT|FGN|HP|SDY|UF,0.0
categorical__rpsr_cod_DT|FGN|HP|SDY,0.0
categorical__rpsr_cod_DT|FGN|HP|OTH|SDY,0.0
categorical__rpsr_cod_DT|HP|SDY|UF,0.0
categorical__rpsr_cod_DT|HP|OTH|SDY,0.0
categorical__rpsr_cod_DT|HP|LIT,0.0
categorical__rpsr_cod_DT|FGN|SDY,0.0
categorical__rpsr_cod_CR|OTH|SDY,0.0
categorical__occr_country_ZM,0.0
categorical__rpsr_cod_CR|LIT,0.0
categorical__rpsr_cod_DT|SDY,0.0
categorical__rpsr_cod_DT,0.0
categorical__rpsr_cod_CSM|UF,0.0
categorical__rpsr_cod_DT|FGN|OTH,0.0
categorical__rpsr_cod_DT|FGN|LIT|SDY,0.0
categorical__rpsr_cod_DT|FGN|LIT,0.0
categorical__rpsr_cod_DT|FGN|HP|UF,0.0
categorical__rpsr_cod_FGN|LIT|UF,0.0
categorical__rpsr_cod_FGN|LIT|SDY,0.0
categorical__rpsr_cod_FGN|LIT|OTH|SDY,0.0
categorical__rpsr_cod_HP|LIT|SDY,0.0
categorical__rpsr_cod_HP|LIT|OTH|UF,0.0
categorical__rpsr_cod_HP|LIT|OTH|SDY,0.0
categorical__rpsr_cod_DT|FGN|HP|LIT|SDY,0.0
categorical__rpsr_cod_DT|FGN|HP|LIT|OTH,0.0
categorical__reporter_country_LATVIA,0.0
categorical__rpsr_cod_CSM|FGN|HP|SDY,0.0
categorical__rpsr_cod_CSM|FGN|LIT,0.0
categorical__rpsr_cod_CSM|FGN|LIT|OTH,0.0
categorical__reporter_country_LC,0.0
categorical__reporter_country_KM,0.0
"categorical__reporter_country_KOREA, DEMOCRATIC PEOPLE'S REPUBLIC OF",0.0
categorical__reporter_country_KP,0.0
categorical__reporter_country_KUWAIT,0.0
categorical__reporter_country_LAO PEOPLE'S DEMOCRATIC REPUBLIC,0.0
categorical__reporter_country_KY,0.0
categorical__reporter_country_JORDAN,0.0
categorical__reporter_country_LK,0.0
categorical__reporter_country_LS,0.0
categorical__reporter_country_LUXEMBOURG,0.0
categorical__reporter_country_KYRGYZSTAN,0.0
categorical__reporter_country_KZ,0.0
categorical__reporter_country_LA,0.0
categorical__reporter_country_KW,0.0
categorical__reporter_country_VA,0.0
categorical__reporter_country_UZ,0.0
categorical__reporter_country_FAROE ISLANDS,0.0
categorical__reporter_country_UKRAINE,0.0
categorical__reporter_country_UGANDA,0.0
categorical__reporter_country_UG,0.0
categorical__reporter_country_TZ,0.0
categorical__reporter_country_TV,0.0
categorical__reporter_country_URUGUAY,0.0
categorical__reporter_country_UNITED STATES MINOR OUTLYING ISLANDS,0.0
categorical__reporter_country_UNITED ARAB EMIRATES,0.0
categorical__occr_country_BA,0.0
categorical__occr_country_AZ,0.0
categorical__reporter_country_TUNISIA,0.0
categorical__reporter_country_TT,0.0
categorical__occr_country_MG,0.0
categorical__reporter_country_TOGO,0.0
categorical__reporter_country_TM,0.0
categorical__reporter_country_TJ,0.0
categorical__occr_country_AX,0.0
categorical__occr_country_AW,0.0
categorical__occr_country_AS,0.0
categorical__occr_country_AO,0.0
categorical__occr_country_AN,0.0
categorical__occr_country_BH,0.0
categorical__occr_country_BF,0.0
categorical__occr_country_BB,0.0
categorical__reporter_country_SRI LANKA,0.0
categorical__reporter_country_SO,0.0
categorical__reporter_country_SN,0.0
categorical__reporter_country_SM,0.0
categorical__reporter_country_TRINIDAD AND TOBAGO,0.0
categorical__occr_country_AI,0.0
categorical__occr_country_AG,0.0
categorical__occr_country_AF,0.0
categorical__occr_country_AD,0.0
categorical__reporter_country_PW,0.0
categorical__reporter_country_PS,0.0
categorical__reporter_country_RW,0.0
categorical__occr_country_DM,0.0
categorical__occr_country_CX,0.0
categorical__reporter_country_ZW,0.0
categorical__reporter_country_YUGOSLAVIA,0.0
categorical__reporter_country_YE,0.0
categorical__reporter_country_PK,0.0
categorical__reporter_country_PH,0.0
categorical__reporter_country_PG,0.0
categorical__reporter_country_VATICAN CITY STATE (HOLY SEE),0.0
categorical__reporter_country_QATAR,0.0
categorical__reporter_country_QA,0.0
categorical__reporter_country_PY,0.0
categorical__reporter_country_SWAZILAND,0.0
categorical__reporter_country_SV,0.0
categorical__reporter_country_SUDAN,0.0
categorical__reporter_country_TG,0.0
categorical__reporter_country_TF,0.0
categorical__reporter_country_TD,0.0
categorical__reporter_country_TC,0.0
categorical__reporter_country_SZ,0.0
categorical__reporter_country_VIRGIN ISLANDS (U.S.),0.0
categorical__reporter_country_VIET NAM,0.0
categorical__reporter_country_VI,0.0
categorical__reporter_country_VE,0.0
categorical__reporter_country_QZ,0.0
categorical__reporter_country_KENYA,0.0
categorical__reporter_country_KE,0.0
categorical__reporter_country_KAZAKHSTAN,0.0
categorical__rpsr_cod_FGN|HP|OTH|UF,0.0
categorical__rpsr_cod_FGN|HP|OTH|SDY|UF,0.0
categorical__rpsr_cod_FGN|UF,0.0
categorical__rpsr_cod_FGN|SDY|UF,0.0
categorical__reporter_country_MV,0.0
categorical__reporter_country_MU,0.0
categorical__reporter_country_MQ,0.0
categorical__reporter_country_MP,0.0
categorical__reporter_country_CAMEROON,0.0
categorical__reporter_country_CAMBODIA,0.0
categorical__reporter_country_CM,0.0
categorical__reporter_country_CI,0.0
categorical__reporter_country_BELARUS,0.0
categorical__reporter_country_AO,0.0
categorical__rpsr_cod_FGN|HP|UF,0.0
categorical__rpsr_cod_FGN|HP|SDY|UF,0.0
categorical__rpsr_cod_OTH|SDY|UF,0.0
categorical__reporter_country_JAMAICA,0.0
categorical__reporter_country_IS,0.0
bool__has_ps_drug,0.0
categorical__reporter_country_CG,0.0
categorical__reporter_country_CD,0.0
categorical__reporter_country_CC,0.0
categorical__reporter_country_CAPE VERDE,0.0
categorical__reporter_country_BJ,0.0
categorical__reporter_country_BI,0.0
categorical__reporter_country_AZ,0.0
categorical__reporter_country_JO,0.0
categorical__reporter_country_ARUBA,0.0
categorical__rpsr_cod_HP|SDY|UF,0.0
categorical__rpsr_cod_HP|OTH|UF,0.0
categorical__rpsr_cod_OTH|UF,0.0
categorical__reporter_country_GREENLAND,0.0
categorical__reporter_country_GP,0.0
categorical__reporter_country_GM,0.0
categorical__reporter_country_COTE D'IVOIRE,0.0
categorical__reporter_country_SH,0.0
categorical__reporter_country_SERBIA AND MONTENEGRO (SEE INDIVIDUAL COUNTRIES),0.0
categorical__reporter_country_SERBIA AND MONTENEGRO,0.0
categorical__reporter_country_SS,0.0
categorical__reporter_country_GHANA,0.0
categorical__reporter_country_GH,0.0
categorical__reporter_country_GF,0.0
categorical__reporter_country_GEORGIA,0.0
categorical__reporter_country_KG,0.0
categorical__reporter_country_GD,0.0
categorical__reporter_country_GU,0.0
categorical__reporter_country_GRENADA,0.0
categorical__reporter_country_EUROPEAN UNION,0.0
categorical__reporter_country_EU,0.0
categorical__reporter_country_GABON,0.0
categorical__reporter_country_GA,0.0
categorical__reporter_country_FX,0.0
categorical__reporter_country_FRENCH SOUTHERN TERRITORIES,0.0
categorical__reporter_country_FRENCH POLYNESIA,0.0
categorical__reporter_country_GI,0.0
categorical__reporter_country_BA,0.0
categorical__reporter_country_MONTSERRAT,0.0
categorical__reporter_country_KI,0.0
categorical__reporter_country_KH,0.0
categorical__reporter_country_GE,0.0
categorical__occr_country_MQ,0.0
categorical__occr_country_MP,0.0
categorical__occr_country_MO,0.0
categorical__occr_country_NP,0.0
categorical__occr_country_NI,0.0
categorical__occr_country_NC,0.0
categorical__occr_country_MZ,0.0
categorical__reporter_country_NETHERLANDS ANTILLES,0.0
categorical__reporter_country_OM,0.0
categorical__reporter_country_NR,0.0
categorical__reporter_country_NP,0.0
categorical__reporter_country_NORFOLK ISLAND,0.0
categorical__occr_country_MW,0.0
categorical__occr_country_MV,0.0
categorical__occr_country_MU,0.0
categorical__occr_country_AL,0.0
categorical__reporter_country_MZ,0.0
categorical__reporter_country_MYANMAR,0.0
categorical__reporter_country_NIGERIA,0.0
categorical__reporter_country_NICARAGUA,0.0
categorical__reporter_country_NI,0.0
categorical__reporter_country_NEW CALEDONIA,0.0
categorical__reporter_country_NETHERLANDS ANTILLES (RETIRED CODE),0.0
categorical__reporter_country_SERBIA,0.0
categorical__reporter_country_SENEGAL,0.0
categorical__reporter_country_SD,0.0
categorical__reporter_country_SB,0.0
categorical__reporter_country_SAUDI ARABIA,0.0
categorical__reporter_country_SAMOA,0.0
categorical__reporter_country_NEPAL,0.0
categorical__reporter_country_NC,0.0
categorical__reporter_country_NAMIBIA,0.0
categorical__reporter_country_BOTSWANA,0.0
categorical__reporter_country_BOSNIA AND HERZEGOWINA,0.0
categorical__reporter_country_GUAM,0.0
categorical__occr_country_ME,0.0
categorical__occr_country_MD,0.0
categorical__occr_country_MC,0.0
categorical__reporter_country_REUNION,0.0
categorical__reporter_country_RE,0.0
categorical__reporter_country_DZ,0.0
categorical__reporter_country_DOMINICAN REPUBLIC,0.0
categorical__reporter_country_ETHIOPIA,0.0
categorical__reporter_country_ET,0.0
categorical__reporter_country_ESTONIA,0.0
categorical__reporter_country_ER,0.0
categorical__reporter_country_EL SALVADOR,0.0
categorical__occr_country_MM,0.0
categorical__occr_country_ML,0.0
categorical__occr_country_MK,0.0
"categorical__reporter_country_CONGO, THE DEMOCRATIC REPUBLIC OF THE",0.0
categorical__reporter_country_CONGO,0.0
categorical__reporter_country_CYPRUS,0.0
categorical__reporter_country_CX,0.0
categorical__reporter_country_CUBA,0.0
categorical__reporter_country_CU,0.0
categorical__occr_country_TJ,0.0
categorical__occr_country_TG,0.0
categorical__occr_country_TD,0.0
categorical__occr_country_TC,0.0
categorical__occr_country_SZ,0.0
categorical__occr_country_SY,0.0
categorical__occr_country_MN,0.0
categorical__reporter_country_EGYPT,0.0
categorical__occr_country_DO,0.0
categorical__reporter_country_SYRIAN ARAB REPUBLIC,0.0
categorical__reporter_country_SY,0.0
categorical__reporter_country_SX,0.0
categorical__occr_country_BI,0.0
categorical__occr_country_CG,0.0
categorical__occr_country_CD,0.0
categorical__occr_country_BY,0.0
categorical__occr_country_BW,0.0
categorical__occr_country_BT,0.0
categorical__occr_country_BS,0.0
categorical__occr_country_CW,0.0
categorical__occr_country_GH,0.0
categorical__occr_country_HT,0.0
categorical__occr_country_BQ,0.0
categorical__occr_country_LI,0.0
categorical__occr_country_BN,0.0
categorical__occr_country_BM,0.0
categorical__occr_country_BL,0.0
categorical__occr_country_BJ,0.0
categorical__occr_country_GA,0.0
categorical__occr_country_FO,0.0
categorical__occr_country_FJ,0.0
categorical__occr_country_GU,0.0
categorical__occr_country_GP,0.0
categorical__occr_country_GN,0.0
categorical__occr_country_GM,0.0
categorical__occr_country_GI,0.0
categorical__reporter_country_WS,0.0
categorical__reporter_country_WALLIS AND FUTUNA ISLANDS,0.0
categorical__occr_country_AM,0.0
categorical__occr_country_BO,0.0
categorical__occr_country_EU,0.0
categorical__occr_country_ET,0.0
categorical__occr_country_ER,0.0
categorical__occr_country_EC,0.0
categorical__occr_country_GF,0.0
categorical__occr_country_GE,0.0
categorical__occr_country_GD,0.0
categorical__occr_country_KZ,0.0
categorical__occr_country_KY,0.0
categorical__occr_country_KP,0.0
categorical__occr_country_LY,0.0
categorical__occr_country_LV,0.0
categorical__occr_country_LS,0.0
categorical__occr_country_LK,0.0
categorical__occr_country_KM,0.0
categorical__occr_country_CI,0.0
categorical__occr_country_KG,0.0
categorical__occr_country_JO,0.0
categorical__occr_country_JM,0.0
categorical__occr_country_LC,0.0
categorical__occr_country_LB,0.0
categorical__occr_country_LA,0.0
categorical__occr_country_PG,0.0
categorical__occr_country_OM,0.0
categorical__occr_country_JE,0.0
categorical__occr_country_IQ,0.0
categorical__occr_country_IO,0.0
categorical__occr_country_IM,0.0
categorical__occr_country_KN,0.0
categorical__occr_country_CU,0.0
categorical__occr_country_CM,0.0
categorical__occr_country_KH,0.0
