analysis_tier,analysis,comparison,outcome_name,outcome_definition,model,model_label,term,coefficient,std_error,p_value,adjusted_reporting_odds_ratio,ci_low,ci_high,exposure_term,is_exposure_term,n_cases,n_outcome,used_covariates,optimization_success,optimization_message
sensitivity,sensitivity_ps_only,zolpidem_primary_suspect_vs_all_other_primary_suspect_drugs_excluding_mixed_zdrug_cases,strict_fall,OCMQ-compatible narrow fall event,core_clinical_adjusted,Core clinical adjustment model,const,-3.7473608900390714,0.00746437297332584,0.0,0.02357989374484137,0.02323743339446339,0.023927401085116644,is_zolpidem_suspect_ps,False,4154233,132465,age_group;sex_clean;year;quarter;polypharmacy_5;distinct_drug_n;is_benzo;is_antidepressant;is_antipsychotic;is_opioid;is_antiepileptic,True,converged
sensitivity,sensitivity_ps_only,zolpidem_primary_suspect_vs_all_other_primary_suspect_drugs_excluding_mixed_zdrug_cases,strict_fall,OCMQ-compatible narrow fall event,core_clinical_adjusted,Core clinical adjustment model,is_zolpidem_suspect_ps,1.153013368730167,0.049634488107114204,2.261710873531339e-119,3.1677240626746297,2.874076943735858,3.4913733813279846,is_zolpidem_suspect_ps,True,4154233,132465,age_group;sex_clean;year;quarter;polypharmacy_5;distinct_drug_n;is_benzo;is_antidepressant;is_antipsychotic;is_opioid;is_antiepileptic,True,converged
sensitivity,sensitivity_ps_only,zolpidem_primary_suspect_vs_all_other_primary_suspect_drugs_excluding_mixed_zdrug_cases,strict_fall,OCMQ-compatible narrow fall event,core_clinical_adjusted,Core clinical adjustment model,age_group_75-84,0.4614455833823009,0.006197875492342859,0.0,1.5863655519500206,1.5672115706622143,1.6057536273486936,is_zolpidem_suspect_ps,False,4154233,132465,age_group;sex_clean;year;quarter;polypharmacy_5;distinct_drug_n;is_benzo;is_antidepressant;is_antipsychotic;is_opioid;is_antiepileptic,True,converged
sensitivity,sensitivity_ps_only,zolpidem_primary_suspect_vs_all_other_primary_suspect_drugs_excluding_mixed_zdrug_cases,strict_fall,OCMQ-compatible narrow fall event,core_clinical_adjusted,Core clinical adjustment model,age_group_>=85,0.8193101844549324,0.007975321032357225,0.0,2.26893415152876,2.2337434215597956,2.3046792815527155,is_zolpidem_suspect_ps,False,4154233,132465,age_group;sex_clean;year;quarter;polypharmacy_5;distinct_drug_n;is_benzo;is_antidepressant;is_antipsychotic;is_opioid;is_antiepileptic,True,converged
sensitivity,sensitivity_ps_only,zolpidem_primary_suspect_vs_all_other_primary_suspect_drugs_excluding_mixed_zdrug_cases,strict_fall,OCMQ-compatible narrow fall event,core_clinical_adjusted,Core clinical adjustment model,sex_clean_M,-0.31313343241990726,0.005864862260528971,0.0,0.7311523466328652,0.7227959299530157,0.7396053738452779,is_zolpidem_suspect_ps,False,4154233,132465,age_group;sex_clean;year;quarter;polypharmacy_5;distinct_drug_n;is_benzo;is_antidepressant;is_antipsychotic;is_opioid;is_antiepileptic,True,converged
sensitivity,sensitivity_ps_only,zolpidem_primary_suspect_vs_all_other_primary_suspect_drugs_excluding_mixed_zdrug_cases,strict_fall,OCMQ-compatible narrow fall event,core_clinical_adjusted,Core clinical adjustment model,year_standardized,-0.07946516044759505,0.002788428875536976,1.233713261463015e-178,0.9236101975739566,0.9185762328858855,0.9286717493033352,is_zolpidem_suspect_ps,False,4154233,132465,age_group;sex_clean;year;quarter;polypharmacy_5;distinct_drug_n;is_benzo;is_antidepressant;is_antipsychotic;is_opioid;is_antiepileptic,True,converged
sensitivity,sensitivity_ps_only,zolpidem_primary_suspect_vs_all_other_primary_suspect_drugs_excluding_mixed_zdrug_cases,strict_fall,OCMQ-compatible narrow fall event,core_clinical_adjusted,Core clinical adjustment model,quarter_Q2,0.020337034925929726,0.008065548895679519,0.011686583158745878,1.0205452414599667,1.0045391203131098,1.0368064008716233,is_zolpidem_suspect_ps,False,4154233,132465,age_group;sex_clean;year;quarter;polypharmacy_5;distinct_drug_n;is_benzo;is_antidepressant;is_antipsychotic;is_opioid;is_antiepileptic,True,converged
sensitivity,sensitivity_ps_only,zolpidem_primary_suspect_vs_all_other_primary_suspect_drugs_excluding_mixed_zdrug_cases,strict_fall,OCMQ-compatible narrow fall event,core_clinical_adjusted,Core clinical adjustment model,quarter_Q3,-0.006527309237259479,0.007992793917799244,0.41412889571707634,0.9934939473710486,0.978051553201137,1.009180160526696,is_zolpidem_suspect_ps,False,4154233,132465,age_group;sex_clean;year;quarter;polypharmacy_5;distinct_drug_n;is_benzo;is_antidepressant;is_antipsychotic;is_opioid;is_antiepileptic,True,converged
sensitivity,sensitivity_ps_only,zolpidem_primary_suspect_vs_all_other_primary_suspect_drugs_excluding_mixed_zdrug_cases,strict_fall,OCMQ-compatible narrow fall event,core_clinical_adjusted,Core clinical adjustment model,quarter_Q4,0.03367515722372262,0.007932616840844923,2.1844615300304017e-05,1.0342485839724118,1.0182928146124006,1.0504543664644184,is_zolpidem_suspect_ps,False,4154233,132465,age_group;sex_clean;year;quarter;polypharmacy_5;distinct_drug_n;is_benzo;is_antidepressant;is_antipsychotic;is_opioid;is_antiepileptic,True,converged
sensitivity,sensitivity_ps_only,zolpidem_primary_suspect_vs_all_other_primary_suspect_drugs_excluding_mixed_zdrug_cases,strict_fall,OCMQ-compatible narrow fall event,core_clinical_adjusted,Core clinical adjustment model,polypharmacy_5,0.15183084706879302,0.008181531731240388,7.059593075868942e-77,1.1639633319696783,1.1454474418006106,1.1827785271755742,is_zolpidem_suspect_ps,False,4154233,132465,age_group;sex_clean;year;quarter;polypharmacy_5;distinct_drug_n;is_benzo;is_antidepressant;is_antipsychotic;is_opioid;is_antiepileptic,True,converged
sensitivity,sensitivity_ps_only,zolpidem_primary_suspect_vs_all_other_primary_suspect_drugs_excluding_mixed_zdrug_cases,strict_fall,OCMQ-compatible narrow fall event,core_clinical_adjusted,Core clinical adjustment model,distinct_drug_n_standardized,0.08930253757354917,0.0030619765305401722,5.392141851400302e-187,1.0934114043251144,1.0868690958129863,1.0999930936613298,is_zolpidem_suspect_ps,False,4154233,132465,age_group;sex_clean;year;quarter;polypharmacy_5;distinct_drug_n;is_benzo;is_antidepressant;is_antipsychotic;is_opioid;is_antiepileptic,True,converged
sensitivity,sensitivity_ps_only,zolpidem_primary_suspect_vs_all_other_primary_suspect_drugs_excluding_mixed_zdrug_cases,strict_fall,OCMQ-compatible narrow fall event,core_clinical_adjusted,Core clinical adjustment model,is_benzo,0.23380662605741204,0.012557780978768912,2.27639457704871e-77,1.2634001599148008,1.2326839035552697,1.2948818099020276,is_zolpidem_suspect_ps,False,4154233,132465,age_group;sex_clean;year;quarter;polypharmacy_5;distinct_drug_n;is_benzo;is_antidepressant;is_antipsychotic;is_opioid;is_antiepileptic,True,converged
sensitivity,sensitivity_ps_only,zolpidem_primary_suspect_vs_all_other_primary_suspect_drugs_excluding_mixed_zdrug_cases,strict_fall,OCMQ-compatible narrow fall event,core_clinical_adjusted,Core clinical adjustment model,is_antidepressant,0.5332366522109758,0.00991170226017398,0.0,1.704440070177616,1.6716481781518928,1.7378752244619176,is_zolpidem_suspect_ps,False,4154233,132465,age_group;sex_clean;year;quarter;polypharmacy_5;distinct_drug_n;is_benzo;is_antidepressant;is_antipsychotic;is_opioid;is_antiepileptic,True,converged
sensitivity,sensitivity_ps_only,zolpidem_primary_suspect_vs_all_other_primary_suspect_drugs_excluding_mixed_zdrug_cases,strict_fall,OCMQ-compatible narrow fall event,core_clinical_adjusted,Core clinical adjustment model,is_antipsychotic,0.4681087656220924,0.01611083349745879,1.310255461651824e-185,1.596971088795279,1.5473319299367028,1.6482026959479248,is_zolpidem_suspect_ps,False,4154233,132465,age_group;sex_clean;year;quarter;polypharmacy_5;distinct_drug_n;is_benzo;is_antidepressant;is_antipsychotic;is_opioid;is_antiepileptic,True,converged
sensitivity,sensitivity_ps_only,zolpidem_primary_suspect_vs_all_other_primary_suspect_drugs_excluding_mixed_zdrug_cases,strict_fall,OCMQ-compatible narrow fall event,core_clinical_adjusted,Core clinical adjustment model,is_opioid,0.09251139906163361,0.011259016703899855,2.0926675669358456e-16,1.0969256454120773,1.0729846220588537,1.1214008540531568,is_zolpidem_suspect_ps,False,4154233,132465,age_group;sex_clean;year;quarter;polypharmacy_5;distinct_drug_n;is_benzo;is_antidepressant;is_antipsychotic;is_opioid;is_antiepileptic,True,converged
sensitivity,sensitivity_ps_only,zolpidem_primary_suspect_vs_all_other_primary_suspect_drugs_excluding_mixed_zdrug_cases,strict_fall,OCMQ-compatible narrow fall event,core_clinical_adjusted,Core clinical adjustment model,is_antiepileptic,0.3535822270305054,0.011698536797765039,1.1295233894641245e-200,1.424160086591809,1.3918774458126577,1.4571914778437918,is_zolpidem_suspect_ps,False,4154233,132465,age_group;sex_clean;year;quarter;polypharmacy_5;distinct_drug_n;is_benzo;is_antidepressant;is_antipsychotic;is_opioid;is_antiepileptic,True,converged
sensitivity,sensitivity_ps_only,zolpidem_primary_suspect_vs_all_other_primary_suspect_drugs_excluding_mixed_zdrug_cases,strict_fall,OCMQ-compatible narrow fall event,extended_report_indication_adjusted,Extended report-indication adjustment model,const,-5.048586635550931,0.1782382453507867,1.7044475932469815e-176,0.006418398574947816,0.004525952724659355,0.009102136671123263,is_zolpidem_suspect_ps,False,4154233,132465,age_group;sex_clean;year;quarter;polypharmacy_5;distinct_drug_n;is_benzo;is_antidepressant;is_antipsychotic;is_opioid;is_antiepileptic;reporter_country;rept_cod;e_sub;indi_insomnia;indi_anxiety;indi_depression;indi_pain;indi_epilepsy;indi_dizziness_vertigo,True,converged
sensitivity,sensitivity_ps_only,zolpidem_primary_suspect_vs_all_other_primary_suspect_drugs_excluding_mixed_zdrug_cases,strict_fall,OCMQ-compatible narrow fall event,extended_report_indication_adjusted,Extended report-indication adjustment model,is_zolpidem_suspect_ps,0.9292908776024099,0.05099766854797329,3.4389728909102162e-74,2.5327125374872743,2.2917994246268614,2.7989503481918465,is_zolpidem_suspect_ps,True,4154233,132465,age_group;sex_clean;year;quarter;polypharmacy_5;distinct_drug_n;is_benzo;is_antidepressant;is_antipsychotic;is_opioid;is_antiepileptic;reporter_country;rept_cod;e_sub;indi_insomnia;indi_anxiety;indi_depression;indi_pain;indi_epilepsy;indi_dizziness_vertigo,True,converged
sensitivity,sensitivity_ps_only,zolpidem_primary_suspect_vs_all_other_primary_suspect_drugs_excluding_mixed_zdrug_cases,strict_fall,OCMQ-compatible narrow fall event,extended_report_indication_adjusted,Extended report-indication adjustment model,age_group_75-84,0.4594749261568766,0.006244459369460376,0.0,1.5832424475077855,1.563983372526692,1.6027386810006912,is_zolpidem_suspect_ps,False,4154233,132465,age_group;sex_clean;year;quarter;polypharmacy_5;distinct_drug_n;is_benzo;is_antidepressant;is_antipsychotic;is_opioid;is_antiepileptic;reporter_country;rept_cod;e_sub;indi_insomnia;indi_anxiety;indi_depression;indi_pain;indi_epilepsy;indi_dizziness_vertigo,True,converged
sensitivity,sensitivity_ps_only,zolpidem_primary_suspect_vs_all_other_primary_suspect_drugs_excluding_mixed_zdrug_cases,strict_fall,OCMQ-compatible narrow fall event,extended_report_indication_adjusted,Extended report-indication adjustment model,age_group_>=85,0.8021385414926232,0.008065108036373695,0.0,2.2303054328408844,2.1953274606573325,2.2658407061833747,is_zolpidem_suspect_ps,False,4154233,132465,age_group;sex_clean;year;quarter;polypharmacy_5;distinct_drug_n;is_benzo;is_antidepressant;is_antipsychotic;is_opioid;is_antiepileptic;reporter_country;rept_cod;e_sub;indi_insomnia;indi_anxiety;indi_depression;indi_pain;indi_epilepsy;indi_dizziness_vertigo,True,converged
sensitivity,sensitivity_ps_only,zolpidem_primary_suspect_vs_all_other_primary_suspect_drugs_excluding_mixed_zdrug_cases,strict_fall,OCMQ-compatible narrow fall event,extended_report_indication_adjusted,Extended report-indication adjustment model,sex_clean_M,-0.3530609420927362,0.005916560031478009,0.0,0.7025343781574062,0.6944346715417585,0.7107285576586226,is_zolpidem_suspect_ps,False,4154233,132465,age_group;sex_clean;year;quarter;polypharmacy_5;distinct_drug_n;is_benzo;is_antidepressant;is_antipsychotic;is_opioid;is_antiepileptic;reporter_country;rept_cod;e_sub;indi_insomnia;indi_anxiety;indi_depression;indi_pain;indi_epilepsy;indi_dizziness_vertigo,True,converged
sensitivity,sensitivity_ps_only,zolpidem_primary_suspect_vs_all_other_primary_suspect_drugs_excluding_mixed_zdrug_cases,strict_fall,OCMQ-compatible narrow fall event,extended_report_indication_adjusted,Extended report-indication adjustment model,year_standardized,-0.08122695165580848,0.004192422033695643,1.2617583585470627e-83,0.9219844218073021,0.9144395199891013,0.9295915754663322,is_zolpidem_suspect_ps,False,4154233,132465,age_group;sex_clean;year;quarter;polypharmacy_5;distinct_drug_n;is_benzo;is_antidepressant;is_antipsychotic;is_opioid;is_antiepileptic;reporter_country;rept_cod;e_sub;indi_insomnia;indi_anxiety;indi_depression;indi_pain;indi_epilepsy;indi_dizziness_vertigo,True,converged
sensitivity,sensitivity_ps_only,zolpidem_primary_suspect_vs_all_other_primary_suspect_drugs_excluding_mixed_zdrug_cases,strict_fall,OCMQ-compatible narrow fall event,extended_report_indication_adjusted,Extended report-indication adjustment model,quarter_Q2,0.00828326876822845,0.008119504033763346,0.3076481735286165,1.0083176699581375,0.9923983729160976,1.0244923322095825,is_zolpidem_suspect_ps,False,4154233,132465,age_group;sex_clean;year;quarter;polypharmacy_5;distinct_drug_n;is_benzo;is_antidepressant;is_antipsychotic;is_opioid;is_antiepileptic;reporter_country;rept_cod;e_sub;indi_insomnia;indi_anxiety;indi_depression;indi_pain;indi_epilepsy;indi_dizziness_vertigo,True,converged
sensitivity,sensitivity_ps_only,zolpidem_primary_suspect_vs_all_other_primary_suspect_drugs_excluding_mixed_zdrug_cases,strict_fall,OCMQ-compatible narrow fall event,extended_report_indication_adjusted,Extended report-indication adjustment model,quarter_Q3,-0.0035748077056776263,0.008063562374281017,0.657528082090155,0.9964315743122947,0.9808074680885878,1.0123045700512552,is_zolpidem_suspect_ps,False,4154233,132465,age_group;sex_clean;year;quarter;polypharmacy_5;distinct_drug_n;is_benzo;is_antidepressant;is_antipsychotic;is_opioid;is_antiepileptic;reporter_country;rept_cod;e_sub;indi_insomnia;indi_anxiety;indi_depression;indi_pain;indi_epilepsy;indi_dizziness_vertigo,True,converged
sensitivity,sensitivity_ps_only,zolpidem_primary_suspect_vs_all_other_primary_suspect_drugs_excluding_mixed_zdrug_cases,strict_fall,OCMQ-compatible narrow fall event,extended_report_indication_adjusted,Extended report-indication adjustment model,quarter_Q4,0.033744418223722934,0.008014751674501355,2.5504458972137706e-05,1.0343202195443337,1.0181994207569467,1.0506962533556712,is_zolpidem_suspect_ps,False,4154233,132465,age_group;sex_clean;year;quarter;polypharmacy_5;distinct_drug_n;is_benzo;is_antidepressant;is_antipsychotic;is_opioid;is_antiepileptic;reporter_country;rept_cod;e_sub;indi_insomnia;indi_anxiety;indi_depression;indi_pain;indi_epilepsy;indi_dizziness_vertigo,True,converged
sensitivity,sensitivity_ps_only,zolpidem_primary_suspect_vs_all_other_primary_suspect_drugs_excluding_mixed_zdrug_cases,strict_fall,OCMQ-compatible narrow fall event,extended_report_indication_adjusted,Extended report-indication adjustment model,polypharmacy_5,0.12738622852618908,0.008376208137915406,3.124713595514602e-52,1.1358556329202611,1.117360449439697,1.1546569591608908,is_zolpidem_suspect_ps,False,4154233,132465,age_group;sex_clean;year;quarter;polypharmacy_5;distinct_drug_n;is_benzo;is_antidepressant;is_antipsychotic;is_opioid;is_antiepileptic;reporter_country;rept_cod;e_sub;indi_insomnia;indi_anxiety;indi_depression;indi_pain;indi_epilepsy;indi_dizziness_vertigo,True,converged
sensitivity,sensitivity_ps_only,zolpidem_primary_suspect_vs_all_other_primary_suspect_drugs_excluding_mixed_zdrug_cases,strict_fall,OCMQ-compatible narrow fall event,extended_report_indication_adjusted,Extended report-indication adjustment model,distinct_drug_n_standardized,0.029761833845024472,0.00319254218764473,1.1384592311212641e-20,1.0302091437822647,1.0237829754704235,1.036675648415535,is_zolpidem_suspect_ps,False,4154233,132465,age_group;sex_clean;year;quarter;polypharmacy_5;distinct_drug_n;is_benzo;is_antidepressant;is_antipsychotic;is_opioid;is_antiepileptic;reporter_country;rept_cod;e_sub;indi_insomnia;indi_anxiety;indi_depression;indi_pain;indi_epilepsy;indi_dizziness_vertigo,True,converged
sensitivity,sensitivity_ps_only,zolpidem_primary_suspect_vs_all_other_primary_suspect_drugs_excluding_mixed_zdrug_cases,strict_fall,OCMQ-compatible narrow fall event,extended_report_indication_adjusted,Extended report-indication adjustment model,is_benzo,0.17511851463278133,0.012991439985778248,2.0641546976874973e-41,1.191387405086557,1.161434361918128,1.2221129282370384,is_zolpidem_suspect_ps,False,4154233,132465,age_group;sex_clean;year;quarter;polypharmacy_5;distinct_drug_n;is_benzo;is_antidepressant;is_antipsychotic;is_opioid;is_antiepileptic;reporter_country;rept_cod;e_sub;indi_insomnia;indi_anxiety;indi_depression;indi_pain;indi_epilepsy;indi_dizziness_vertigo,True,converged
sensitivity,sensitivity_ps_only,zolpidem_primary_suspect_vs_all_other_primary_suspect_drugs_excluding_mixed_zdrug_cases,strict_fall,OCMQ-compatible narrow fall event,extended_report_indication_adjusted,Extended report-indication adjustment model,is_antidepressant,0.49708386047413783,0.010441621332683677,0.0,1.6439203728816376,1.6106191313721598,1.6779101525218698,is_zolpidem_suspect_ps,False,4154233,132465,age_group;sex_clean;year;quarter;polypharmacy_5;distinct_drug_n;is_benzo;is_antidepressant;is_antipsychotic;is_opioid;is_antiepileptic;reporter_country;rept_cod;e_sub;indi_insomnia;indi_anxiety;indi_depression;indi_pain;indi_epilepsy;indi_dizziness_vertigo,True,converged
sensitivity,sensitivity_ps_only,zolpidem_primary_suspect_vs_all_other_primary_suspect_drugs_excluding_mixed_zdrug_cases,strict_fall,OCMQ-compatible narrow fall event,extended_report_indication_adjusted,Extended report-indication adjustment model,is_antipsychotic,0.3940495175612751,0.016386840728487867,9.037482846779355e-128,1.4829739801115949,1.4361011400177175,1.5313767007112693,is_zolpidem_suspect_ps,False,4154233,132465,age_group;sex_clean;year;quarter;polypharmacy_5;distinct_drug_n;is_benzo;is_antidepressant;is_antipsychotic;is_opioid;is_antiepileptic;reporter_country;rept_cod;e_sub;indi_insomnia;indi_anxiety;indi_depression;indi_pain;indi_epilepsy;indi_dizziness_vertigo,True,converged
sensitivity,sensitivity_ps_only,zolpidem_primary_suspect_vs_all_other_primary_suspect_drugs_excluding_mixed_zdrug_cases,strict_fall,OCMQ-compatible narrow fall event,extended_report_indication_adjusted,Extended report-indication adjustment model,is_opioid,0.08633835627031863,0.01168743961573257,1.498659488342696e-13,1.0901751335000003,1.0654863861886361,1.1154359521692956,is_zolpidem_suspect_ps,False,4154233,132465,age_group;sex_clean;year;quarter;polypharmacy_5;distinct_drug_n;is_benzo;is_antidepressant;is_antipsychotic;is_opioid;is_antiepileptic;reporter_country;rept_cod;e_sub;indi_insomnia;indi_anxiety;indi_depression;indi_pain;indi_epilepsy;indi_dizziness_vertigo,True,converged
sensitivity,sensitivity_ps_only,zolpidem_primary_suspect_vs_all_other_primary_suspect_drugs_excluding_mixed_zdrug_cases,strict_fall,OCMQ-compatible narrow fall event,extended_report_indication_adjusted,Extended report-indication adjustment model,is_antiepileptic,0.3395119385329945,0.012059945261389187,2.2631242685318057e-174,1.404262057086323,1.3714586482109492,1.4378500784873811,is_zolpidem_suspect_ps,False,4154233,132465,age_group;sex_clean;year;quarter;polypharmacy_5;distinct_drug_n;is_benzo;is_antidepressant;is_antipsychotic;is_opioid;is_antiepileptic;reporter_country;rept_cod;e_sub;indi_insomnia;indi_anxiety;indi_depression;indi_pain;indi_epilepsy;indi_dizziness_vertigo,True,converged
sensitivity,sensitivity_ps_only,zolpidem_primary_suspect_vs_all_other_primary_suspect_drugs_excluding_mixed_zdrug_cases,strict_fall,OCMQ-compatible narrow fall event,extended_report_indication_adjusted,Extended report-indication adjustment model,reporter_country_AU,-0.47620476454538385,0.04450649491242769,1.0214240964970655e-26,0.6211362825363956,0.5692498191985045,0.6777521370605764,is_zolpidem_suspect_ps,False,4154233,132465,age_group;sex_clean;year;quarter;polypharmacy_5;distinct_drug_n;is_benzo;is_antidepressant;is_antipsychotic;is_opioid;is_antiepileptic;reporter_country;rept_cod;e_sub;indi_insomnia;indi_anxiety;indi_depression;indi_pain;indi_epilepsy;indi_dizziness_vertigo,True,converged
sensitivity,sensitivity_ps_only,zolpidem_primary_suspect_vs_all_other_primary_suspect_drugs_excluding_mixed_zdrug_cases,strict_fall,OCMQ-compatible narrow fall event,extended_report_indication_adjusted,Extended report-indication adjustment model,reporter_country_BR,-0.24949952867673236,0.04320067965129808,7.678818240641958e-09,0.7791906480798613,0.7159311292108156,0.848039764277849,is_zolpidem_suspect_ps,False,4154233,132465,age_group;sex_clean;year;quarter;polypharmacy_5;distinct_drug_n;is_benzo;is_antidepressant;is_antipsychotic;is_opioid;is_antiepileptic;reporter_country;rept_cod;e_sub;indi_insomnia;indi_anxiety;indi_depression;indi_pain;indi_epilepsy;indi_dizziness_vertigo,True,converged
sensitivity,sensitivity_ps_only,zolpidem_primary_suspect_vs_all_other_primary_suspect_drugs_excluding_mixed_zdrug_cases,strict_fall,OCMQ-compatible narrow fall event,extended_report_indication_adjusted,Extended report-indication adjustment model,reporter_country_CA,-0.11714047942462176,0.03518403251352323,0.0008704431245584684,0.8894602335246583,0.8301906415246072,0.9529612446231001,is_zolpidem_suspect_ps,False,4154233,132465,age_group;sex_clean;year;quarter;polypharmacy_5;distinct_drug_n;is_benzo;is_antidepressant;is_antipsychotic;is_opioid;is_antiepileptic;reporter_country;rept_cod;e_sub;indi_insomnia;indi_anxiety;indi_depression;indi_pain;indi_epilepsy;indi_dizziness_vertigo,True,converged
sensitivity,sensitivity_ps_only,zolpidem_primary_suspect_vs_all_other_primary_suspect_drugs_excluding_mixed_zdrug_cases,strict_fall,OCMQ-compatible narrow fall event,extended_report_indication_adjusted,Extended report-indication adjustment model,reporter_country_CN,-2.49675799570509,0.07049883730555001,9.826811894156411e-275,0.08235155038950158,0.0717237619897593,0.09455412911167316,is_zolpidem_suspect_ps,False,4154233,132465,age_group;sex_clean;year;quarter;polypharmacy_5;distinct_drug_n;is_benzo;is_antidepressant;is_antipsychotic;is_opioid;is_antiepileptic;reporter_country;rept_cod;e_sub;indi_insomnia;indi_anxiety;indi_depression;indi_pain;indi_epilepsy;indi_dizziness_vertigo,True,converged
sensitivity,sensitivity_ps_only,zolpidem_primary_suspect_vs_all_other_primary_suspect_drugs_excluding_mixed_zdrug_cases,strict_fall,OCMQ-compatible narrow fall event,extended_report_indication_adjusted,Extended report-indication adjustment model,reporter_country_CO,-0.36585756752410203,0.05076110797907365,5.701414610327748e-13,0.6936015855656574,0.62791685926827,0.7661574178145405,is_zolpidem_suspect_ps,False,4154233,132465,age_group;sex_clean;year;quarter;polypharmacy_5;distinct_drug_n;is_benzo;is_antidepressant;is_antipsychotic;is_opioid;is_antiepileptic;reporter_country;rept_cod;e_sub;indi_insomnia;indi_anxiety;indi_depression;indi_pain;indi_epilepsy;indi_dizziness_vertigo,True,converged
sensitivity,sensitivity_ps_only,zolpidem_primary_suspect_vs_all_other_primary_suspect_drugs_excluding_mixed_zdrug_cases,strict_fall,OCMQ-compatible narrow fall event,extended_report_indication_adjusted,Extended report-indication adjustment model,reporter_country_COUNTRY NOT SPECIFIED,-0.19920509707988115,0.03726145829257797,8.984806448584523e-08,0.819381823278914,0.7616743221994144,0.881461476056037,is_zolpidem_suspect_ps,False,4154233,132465,age_group;sex_clean;year;quarter;polypharmacy_5;distinct_drug_n;is_benzo;is_antidepressant;is_antipsychotic;is_opioid;is_antiepileptic;reporter_country;rept_cod;e_sub;indi_insomnia;indi_anxiety;indi_depression;indi_pain;indi_epilepsy;indi_dizziness_vertigo,True,converged
sensitivity,sensitivity_ps_only,zolpidem_primary_suspect_vs_all_other_primary_suspect_drugs_excluding_mixed_zdrug_cases,strict_fall,OCMQ-compatible narrow fall event,extended_report_indication_adjusted,Extended report-indication adjustment model,reporter_country_DE,-0.4772576846072986,0.03693699172597655,3.4328467463112874e-38,0.6204826198709867,0.5771501286085127,0.667068519052713,is_zolpidem_suspect_ps,False,4154233,132465,age_group;sex_clean;year;quarter;polypharmacy_5;distinct_drug_n;is_benzo;is_antidepressant;is_antipsychotic;is_opioid;is_antiepileptic;reporter_country;rept_cod;e_sub;indi_insomnia;indi_anxiety;indi_depression;indi_pain;indi_epilepsy;indi_dizziness_vertigo,True,converged
sensitivity,sensitivity_ps_only,zolpidem_primary_suspect_vs_all_other_primary_suspect_drugs_excluding_mixed_zdrug_cases,strict_fall,OCMQ-compatible narrow fall event,extended_report_indication_adjusted,Extended report-indication adjustment model,reporter_country_ES,-1.495051266409215,0.047586534216456186,1.1661206488109897e-216,0.2242371086044844,0.204268666365683,0.24615758143387337,is_zolpidem_suspect_ps,False,4154233,132465,age_group;sex_clean;year;quarter;polypharmacy_5;distinct_drug_n;is_benzo;is_antidepressant;is_antipsychotic;is_opioid;is_antiepileptic;reporter_country;rept_cod;e_sub;indi_insomnia;indi_anxiety;indi_depression;indi_pain;indi_epilepsy;indi_dizziness_vertigo,True,converged
sensitivity,sensitivity_ps_only,zolpidem_primary_suspect_vs_all_other_primary_suspect_drugs_excluding_mixed_zdrug_cases,strict_fall,OCMQ-compatible narrow fall event,extended_report_indication_adjusted,Extended report-indication adjustment model,reporter_country_EU,-0.9756483284123013,0.050325684076189994,9.99708513346801e-84,0.3769478882988904,0.34154191940010603,0.4160242196406321,is_zolpidem_suspect_ps,False,4154233,132465,age_group;sex_clean;year;quarter;polypharmacy_5;distinct_drug_n;is_benzo;is_antidepressant;is_antipsychotic;is_opioid;is_antiepileptic;reporter_country;rept_cod;e_sub;indi_insomnia;indi_anxiety;indi_depression;indi_pain;indi_epilepsy;indi_dizziness_vertigo,True,converged
sensitivity,sensitivity_ps_only,zolpidem_primary_suspect_vs_all_other_primary_suspect_drugs_excluding_mixed_zdrug_cases,strict_fall,OCMQ-compatible narrow fall event,extended_report_indication_adjusted,Extended report-indication adjustment model,reporter_country_FR,-0.8604668707514342,0.03608959196305978,1.2107118666514095e-125,0.422964566429182,0.3940800683311653,0.45396618309629416,is_zolpidem_suspect_ps,False,4154233,132465,age_group;sex_clean;year;quarter;polypharmacy_5;distinct_drug_n;is_benzo;is_antidepressant;is_antipsychotic;is_opioid;is_antiepileptic;reporter_country;rept_cod;e_sub;indi_insomnia;indi_anxiety;indi_depression;indi_pain;indi_epilepsy;indi_dizziness_vertigo,True,converged
sensitivity,sensitivity_ps_only,zolpidem_primary_suspect_vs_all_other_primary_suspect_drugs_excluding_mixed_zdrug_cases,strict_fall,OCMQ-compatible narrow fall event,extended_report_indication_adjusted,Extended report-indication adjustment model,reporter_country_FRANCE,-0.36919367729082847,0.04198476592593748,1.449519863019966e-18,0.6912915100171576,0.636683691491193,0.7505829946775264,is_zolpidem_suspect_ps,False,4154233,132465,age_group;sex_clean;year;quarter;polypharmacy_5;distinct_drug_n;is_benzo;is_antidepressant;is_antipsychotic;is_opioid;is_antiepileptic;reporter_country;rept_cod;e_sub;indi_insomnia;indi_anxiety;indi_depression;indi_pain;indi_epilepsy;indi_dizziness_vertigo,True,converged
sensitivity,sensitivity_ps_only,zolpidem_primary_suspect_vs_all_other_primary_suspect_drugs_excluding_mixed_zdrug_cases,strict_fall,OCMQ-compatible narrow fall event,extended_report_indication_adjusted,Extended report-indication adjustment model,reporter_country_GB,-0.999438783914679,0.03686582975234044,7.47201119735557e-162,0.3680859589764232,0.3424277876493733,0.3956667013669008,is_zolpidem_suspect_ps,False,4154233,132465,age_group;sex_clean;year;quarter;polypharmacy_5;distinct_drug_n;is_benzo;is_antidepressant;is_antipsychotic;is_opioid;is_antiepileptic;reporter_country;rept_cod;e_sub;indi_insomnia;indi_anxiety;indi_depression;indi_pain;indi_epilepsy;indi_dizziness_vertigo,True,converged
sensitivity,sensitivity_ps_only,zolpidem_primary_suspect_vs_all_other_primary_suspect_drugs_excluding_mixed_zdrug_cases,strict_fall,OCMQ-compatible narrow fall event,extended_report_indication_adjusted,Extended report-indication adjustment model,reporter_country_GERMANY,-1.0905272507928998,0.054405472479927795,2.2570550923925735e-89,0.3360392700186111,0.3020508140203929,0.37385229819978927,is_zolpidem_suspect_ps,False,4154233,132465,age_group;sex_clean;year;quarter;polypharmacy_5;distinct_drug_n;is_benzo;is_antidepressant;is_antipsychotic;is_opioid;is_antiepileptic;reporter_country;rept_cod;e_sub;indi_insomnia;indi_anxiety;indi_depression;indi_pain;indi_epilepsy;indi_dizziness_vertigo,True,converged
sensitivity,sensitivity_ps_only,zolpidem_primary_suspect_vs_all_other_primary_suspect_drugs_excluding_mixed_zdrug_cases,strict_fall,OCMQ-compatible narrow fall event,extended_report_indication_adjusted,Extended report-indication adjustment model,reporter_country_IN,-1.7111193411036767,0.0923238661840902,1.1005988401149914e-76,0.1806634553645246,0.15075929396923762,0.2164993165257832,is_zolpidem_suspect_ps,False,4154233,132465,age_group;sex_clean;year;quarter;polypharmacy_5;distinct_drug_n;is_benzo;is_antidepressant;is_antipsychotic;is_opioid;is_antiepileptic;reporter_country;rept_cod;e_sub;indi_insomnia;indi_anxiety;indi_depression;indi_pain;indi_epilepsy;indi_dizziness_vertigo,True,converged
sensitivity,sensitivity_ps_only,zolpidem_primary_suspect_vs_all_other_primary_suspect_drugs_excluding_mixed_zdrug_cases,strict_fall,OCMQ-compatible narrow fall event,extended_report_indication_adjusted,Extended report-indication adjustment model,reporter_country_IT,-1.5911831398782508,0.04238545274587652,1.9917971816516686e-308,0.20368448188407298,0.1874473822924538,0.221328074326773,is_zolpidem_suspect_ps,False,4154233,132465,age_group;sex_clean;year;quarter;polypharmacy_5;distinct_drug_n;is_benzo;is_antidepressant;is_antipsychotic;is_opioid;is_antiepileptic;reporter_country;rept_cod;e_sub;indi_insomnia;indi_anxiety;indi_depression;indi_pain;indi_epilepsy;indi_dizziness_vertigo,True,converged
sensitivity,sensitivity_ps_only,zolpidem_primary_suspect_vs_all_other_primary_suspect_drugs_excluding_mixed_zdrug_cases,strict_fall,OCMQ-compatible narrow fall event,extended_report_indication_adjusted,Extended report-indication adjustment model,reporter_country_JAPAN,-1.4390302339770173,0.04920748819084517,5.332181765542081e-188,0.23715763461731335,0.21535334417054566,0.261169585612461,is_zolpidem_suspect_ps,False,4154233,132465,age_group;sex_clean;year;quarter;polypharmacy_5;distinct_drug_n;is_benzo;is_antidepressant;is_antipsychotic;is_opioid;is_antiepileptic;reporter_country;rept_cod;e_sub;indi_insomnia;indi_anxiety;indi_depression;indi_pain;indi_epilepsy;indi_dizziness_vertigo,True,converged
sensitivity,sensitivity_ps_only,zolpidem_primary_suspect_vs_all_other_primary_suspect_drugs_excluding_mixed_zdrug_cases,strict_fall,OCMQ-compatible narrow fall event,extended_report_indication_adjusted,Extended report-indication adjustment model,reporter_country_JP,-1.1922202713866266,0.036528806759105886,1.193382170077315e-233,0.3035465595895847,0.2825738301059344,0.3260758924636817,is_zolpidem_suspect_ps,False,4154233,132465,age_group;sex_clean;year;quarter;polypharmacy_5;distinct_drug_n;is_benzo;is_antidepressant;is_antipsychotic;is_opioid;is_antiepileptic;reporter_country;rept_cod;e_sub;indi_insomnia;indi_anxiety;indi_depression;indi_pain;indi_epilepsy;indi_dizziness_vertigo,True,converged
sensitivity,sensitivity_ps_only,zolpidem_primary_suspect_vs_all_other_primary_suspect_drugs_excluding_mixed_zdrug_cases,strict_fall,OCMQ-compatible narrow fall event,extended_report_indication_adjusted,Extended report-indication adjustment model,reporter_country_NL,-1.0704786063897225,0.04664324001960069,1.4617175110585812e-116,0.34284439062973876,0.31289184948573046,0.37566423152111367,is_zolpidem_suspect_ps,False,4154233,132465,age_group;sex_clean;year;quarter;polypharmacy_5;distinct_drug_n;is_benzo;is_antidepressant;is_antipsychotic;is_opioid;is_antiepileptic;reporter_country;rept_cod;e_sub;indi_insomnia;indi_anxiety;indi_depression;indi_pain;indi_epilepsy;indi_dizziness_vertigo,True,converged
sensitivity,sensitivity_ps_only,zolpidem_primary_suspect_vs_all_other_primary_suspect_drugs_excluding_mixed_zdrug_cases,strict_fall,OCMQ-compatible narrow fall event,extended_report_indication_adjusted,Extended report-indication adjustment model,reporter_country_OTHER,-0.9410472784974369,0.03537741701171024,6.74735450199962e-156,0.3902189533700786,0.36407851221462506,0.4182362497665768,is_zolpidem_suspect_ps,False,4154233,132465,age_group;sex_clean;year;quarter;polypharmacy_5;distinct_drug_n;is_benzo;is_antidepressant;is_antipsychotic;is_opioid;is_antiepileptic;reporter_country;rept_cod;e_sub;indi_insomnia;indi_anxiety;indi_depression;indi_pain;indi_epilepsy;indi_dizziness_vertigo,True,converged
sensitivity,sensitivity_ps_only,zolpidem_primary_suspect_vs_all_other_primary_suspect_drugs_excluding_mixed_zdrug_cases,strict_fall,OCMQ-compatible narrow fall event,extended_report_indication_adjusted,Extended report-indication adjustment model,reporter_country_SE,-0.9731221936937361,0.05804072509507952,4.3124592132084286e-63,0.3779013131794463,0.33726715276127783,0.42343110300999975,is_zolpidem_suspect_ps,False,4154233,132465,age_group;sex_clean;year;quarter;polypharmacy_5;distinct_drug_n;is_benzo;is_antidepressant;is_antipsychotic;is_opioid;is_antiepileptic;reporter_country;rept_cod;e_sub;indi_insomnia;indi_anxiety;indi_depression;indi_pain;indi_epilepsy;indi_dizziness_vertigo,True,converged
sensitivity,sensitivity_ps_only,zolpidem_primary_suspect_vs_all_other_primary_suspect_drugs_excluding_mixed_zdrug_cases,strict_fall,OCMQ-compatible narrow fall event,extended_report_indication_adjusted,Extended report-indication adjustment model,reporter_country_UNITED KINGDOM,-1.048008655227877,0.04948311003737461,1.4879035423591572e-99,0.35063529011022176,0.3182259007312422,0.38634538039853866,is_zolpidem_suspect_ps,False,4154233,132465,age_group;sex_clean;year;quarter;polypharmacy_5;distinct_drug_n;is_benzo;is_antidepressant;is_antipsychotic;is_opioid;is_antiepileptic;reporter_country;rept_cod;e_sub;indi_insomnia;indi_anxiety;indi_depression;indi_pain;indi_epilepsy;indi_dizziness_vertigo,True,converged
sensitivity,sensitivity_ps_only,zolpidem_primary_suspect_vs_all_other_primary_suspect_drugs_excluding_mixed_zdrug_cases,strict_fall,OCMQ-compatible narrow fall event,extended_report_indication_adjusted,Extended report-indication adjustment model,reporter_country_UNITED STATES,-0.4546596976760397,0.03607372711717512,2.0166099897204557e-36,0.6346639088066569,0.5913407257362295,0.6811610626686563,is_zolpidem_suspect_ps,False,4154233,132465,age_group;sex_clean;year;quarter;polypharmacy_5;distinct_drug_n;is_benzo;is_antidepressant;is_antipsychotic;is_opioid;is_antiepileptic;reporter_country;rept_cod;e_sub;indi_insomnia;indi_anxiety;indi_depression;indi_pain;indi_epilepsy;indi_dizziness_vertigo,True,converged
sensitivity,sensitivity_ps_only,zolpidem_primary_suspect_vs_all_other_primary_suspect_drugs_excluding_mixed_zdrug_cases,strict_fall,OCMQ-compatible narrow fall event,extended_report_indication_adjusted,Extended report-indication adjustment model,reporter_country_US,-0.4598102267029377,0.03389567888504295,6.418223151861096e-42,0.6314034576539288,0.5908196100265605,0.6747750405905016,is_zolpidem_suspect_ps,False,4154233,132465,age_group;sex_clean;year;quarter;polypharmacy_5;distinct_drug_n;is_benzo;is_antidepressant;is_antipsychotic;is_opioid;is_antiepileptic;reporter_country;rept_cod;e_sub;indi_insomnia;indi_anxiety;indi_depression;indi_pain;indi_epilepsy;indi_dizziness_vertigo,True,converged
sensitivity,sensitivity_ps_only,zolpidem_primary_suspect_vs_all_other_primary_suspect_drugs_excluding_mixed_zdrug_cases,strict_fall,OCMQ-compatible narrow fall event,extended_report_indication_adjusted,Extended report-indication adjustment model,reporter_country_unknown,-0.8463554432245417,0.04123670948288249,1.3057597629482929e-93,0.42897551201882156,0.395668749615257,0.46508598440172166,is_zolpidem_suspect_ps,False,4154233,132465,age_group;sex_clean;year;quarter;polypharmacy_5;distinct_drug_n;is_benzo;is_antidepressant;is_antipsychotic;is_opioid;is_antiepileptic;reporter_country;rept_cod;e_sub;indi_insomnia;indi_anxiety;indi_depression;indi_pain;indi_epilepsy;indi_dizziness_vertigo,True,converged
sensitivity,sensitivity_ps_only,zolpidem_primary_suspect_vs_all_other_primary_suspect_drugs_excluding_mixed_zdrug_cases,strict_fall,OCMQ-compatible narrow fall event,extended_report_indication_adjusted,Extended report-indication adjustment model,rept_cod_5DAY,1.0338937858240405,0.5329870315206886,0.05240273649574408,2.8119938470009807,0.9893158847928389,7.992704369875909,is_zolpidem_suspect_ps,False,4154233,132465,age_group;sex_clean;year;quarter;polypharmacy_5;distinct_drug_n;is_benzo;is_antidepressant;is_antipsychotic;is_opioid;is_antiepileptic;reporter_country;rept_cod;e_sub;indi_insomnia;indi_anxiety;indi_depression;indi_pain;indi_epilepsy;indi_dizziness_vertigo,True,converged
sensitivity,sensitivity_ps_only,zolpidem_primary_suspect_vs_all_other_primary_suspect_drugs_excluding_mixed_zdrug_cases,strict_fall,OCMQ-compatible narrow fall event,extended_report_indication_adjusted,Extended report-indication adjustment model,rept_cod_DIR,1.770001317083073,0.17533223913548435,5.805555393172159e-24,5.87086109378928,4.163501566954432,8.278370844419065,is_zolpidem_suspect_ps,False,4154233,132465,age_group;sex_clean;year;quarter;polypharmacy_5;distinct_drug_n;is_benzo;is_antidepressant;is_antipsychotic;is_opioid;is_antiepileptic;reporter_country;rept_cod;e_sub;indi_insomnia;indi_anxiety;indi_depression;indi_pain;indi_epilepsy;indi_dizziness_vertigo,True,converged
sensitivity,sensitivity_ps_only,zolpidem_primary_suspect_vs_all_other_primary_suspect_drugs_excluding_mixed_zdrug_cases,strict_fall,OCMQ-compatible narrow fall event,extended_report_indication_adjusted,Extended report-indication adjustment model,rept_cod_EXP,2.355311562508718,0.1745748903784621,1.7502451442237044e-41,10.541412659088335,7.486871834987497,14.842164163929937,is_zolpidem_suspect_ps,False,4154233,132465,age_group;sex_clean;year;quarter;polypharmacy_5;distinct_drug_n;is_benzo;is_antidepressant;is_antipsychotic;is_opioid;is_antiepileptic;reporter_country;rept_cod;e_sub;indi_insomnia;indi_anxiety;indi_depression;indi_pain;indi_epilepsy;indi_dizziness_vertigo,True,converged
sensitivity,sensitivity_ps_only,zolpidem_primary_suspect_vs_all_other_primary_suspect_drugs_excluding_mixed_zdrug_cases,strict_fall,OCMQ-compatible narrow fall event,extended_report_indication_adjusted,Extended report-indication adjustment model,rept_cod_PER,1.0878143093564625,0.1746741206879969,4.733964967011814e-10,2.9677803287940296,2.107409195856996,4.179406684421847,is_zolpidem_suspect_ps,False,4154233,132465,age_group;sex_clean;year;quarter;polypharmacy_5;distinct_drug_n;is_benzo;is_antidepressant;is_antipsychotic;is_opioid;is_antiepileptic;reporter_country;rept_cod;e_sub;indi_insomnia;indi_anxiety;indi_depression;indi_pain;indi_epilepsy;indi_dizziness_vertigo,True,converged
sensitivity,sensitivity_ps_only,zolpidem_primary_suspect_vs_all_other_primary_suspect_drugs_excluding_mixed_zdrug_cases,strict_fall,OCMQ-compatible narrow fall event,extended_report_indication_adjusted,Extended report-indication adjustment model,e_sub_Y,-0.09666814784944044,0.01404922284887222,5.95692760088974e-12,0.9078572305238778,0.8831995449889892,0.9332033238590046,is_zolpidem_suspect_ps,False,4154233,132465,age_group;sex_clean;year;quarter;polypharmacy_5;distinct_drug_n;is_benzo;is_antidepressant;is_antipsychotic;is_opioid;is_antiepileptic;reporter_country;rept_cod;e_sub;indi_insomnia;indi_anxiety;indi_depression;indi_pain;indi_epilepsy;indi_dizziness_vertigo,True,converged
sensitivity,sensitivity_ps_only,zolpidem_primary_suspect_vs_all_other_primary_suspect_drugs_excluding_mixed_zdrug_cases,strict_fall,OCMQ-compatible narrow fall event,extended_report_indication_adjusted,Extended report-indication adjustment model,indi_insomnia,0.5811504638834957,0.016351500008503262,1.1399184372524386e-276,1.788094385883484,1.7316974505890754,1.8463280244135067,is_zolpidem_suspect_ps,False,4154233,132465,age_group;sex_clean;year;quarter;polypharmacy_5;distinct_drug_n;is_benzo;is_antidepressant;is_antipsychotic;is_opioid;is_antiepileptic;reporter_country;rept_cod;e_sub;indi_insomnia;indi_anxiety;indi_depression;indi_pain;indi_epilepsy;indi_dizziness_vertigo,True,converged
sensitivity,sensitivity_ps_only,zolpidem_primary_suspect_vs_all_other_primary_suspect_drugs_excluding_mixed_zdrug_cases,strict_fall,OCMQ-compatible narrow fall event,extended_report_indication_adjusted,Extended report-indication adjustment model,indi_anxiety,0.10394057767267847,0.021583631827284483,1.4667516697363941e-06,1.1095345218331225,1.0635766608824058,1.1574782527834808,is_zolpidem_suspect_ps,False,4154233,132465,age_group;sex_clean;year;quarter;polypharmacy_5;distinct_drug_n;is_benzo;is_antidepressant;is_antipsychotic;is_opioid;is_antiepileptic;reporter_country;rept_cod;e_sub;indi_insomnia;indi_anxiety;indi_depression;indi_pain;indi_epilepsy;indi_dizziness_vertigo,True,converged
sensitivity,sensitivity_ps_only,zolpidem_primary_suspect_vs_all_other_primary_suspect_drugs_excluding_mixed_zdrug_cases,strict_fall,OCMQ-compatible narrow fall event,extended_report_indication_adjusted,Extended report-indication adjustment model,indi_depression,0.02033632061084033,0.016101606446761084,0.20658936566928987,1.0205445124693617,0.9888404864148974,1.0532650273123327,is_zolpidem_suspect_ps,False,4154233,132465,age_group;sex_clean;year;quarter;polypharmacy_5;distinct_drug_n;is_benzo;is_antidepressant;is_antipsychotic;is_opioid;is_antiepileptic;reporter_country;rept_cod;e_sub;indi_insomnia;indi_anxiety;indi_depression;indi_pain;indi_epilepsy;indi_dizziness_vertigo,True,converged
sensitivity,sensitivity_ps_only,zolpidem_primary_suspect_vs_all_other_primary_suspect_drugs_excluding_mixed_zdrug_cases,strict_fall,OCMQ-compatible narrow fall event,extended_report_indication_adjusted,Extended report-indication adjustment model,indi_pain,0.0788851681557665,0.01269843958918755,5.224991637405828e-10,1.0820800576870646,1.0554811020695565,1.1093493279492925,is_zolpidem_suspect_ps,False,4154233,132465,age_group;sex_clean;year;quarter;polypharmacy_5;distinct_drug_n;is_benzo;is_antidepressant;is_antipsychotic;is_opioid;is_antiepileptic;reporter_country;rept_cod;e_sub;indi_insomnia;indi_anxiety;indi_depression;indi_pain;indi_epilepsy;indi_dizziness_vertigo,True,converged
sensitivity,sensitivity_ps_only,zolpidem_primary_suspect_vs_all_other_primary_suspect_drugs_excluding_mixed_zdrug_cases,strict_fall,OCMQ-compatible narrow fall event,extended_report_indication_adjusted,Extended report-indication adjustment model,indi_epilepsy,0.43604371745687576,0.026567815773577263,1.5571557067731087e-60,1.5465764056587976,1.4681039750762381,1.629243309157497,is_zolpidem_suspect_ps,False,4154233,132465,age_group;sex_clean;year;quarter;polypharmacy_5;distinct_drug_n;is_benzo;is_antidepressant;is_antipsychotic;is_opioid;is_antiepileptic;reporter_country;rept_cod;e_sub;indi_insomnia;indi_anxiety;indi_depression;indi_pain;indi_epilepsy;indi_dizziness_vertigo,True,converged
sensitivity,sensitivity_ps_only,zolpidem_primary_suspect_vs_all_other_primary_suspect_drugs_excluding_mixed_zdrug_cases,strict_fall,OCMQ-compatible narrow fall event,extended_report_indication_adjusted,Extended report-indication adjustment model,indi_dizziness_vertigo,0.6245099946112752,0.054767779886157365,4.0454821249049516e-30,1.8673307310968479,1.6772694076732206,2.0789290279466184,is_zolpidem_suspect_ps,False,4154233,132465,age_group;sex_clean;year;quarter;polypharmacy_5;distinct_drug_n;is_benzo;is_antidepressant;is_antipsychotic;is_opioid;is_antiepileptic;reporter_country;rept_cod;e_sub;indi_insomnia;indi_anxiety;indi_depression;indi_pain;indi_epilepsy;indi_dizziness_vertigo,True,converged
