analysis_tier,analysis,comparison,outcome_name,feature_domain,feature_name,feature_label,a,exposed_n,reporting_rate_exposed,reporting_rate_unexposed,ror,ror_ci_low,ror_ci_high,p_value,fdr_q_value,fdr_significant,stability_status,is_stable_signal,conclusion
exploratory,primary_ps_ss,feature_positive_vs_feature_negative_among_zolpidem_suspect_cases,strict_fall,demographic,age_group=65-74,Age 65-74,318,3986,0.0797792272955343,0.1868322981366459,0.3773340158704378,0.3282615714296195,0.4337423930337786,7.700476990694664e-45,1.6941049379528261e-43,True,stable,False,no_stable_signal
exploratory,primary_ps_ss,feature_positive_vs_feature_negative_among_zolpidem_suspect_cases,strict_fall,demographic,age_group=>=85,Age >=85,326,1320,0.2469696969696969,0.1111941413839485,2.621538370004976,2.264321050872983,3.0351099826408223,7.875232212601615e-40,5.775170289241183e-39,True,stable,True,signal_detected
exploratory,primary_ps_ss,feature_positive_vs_feature_negative_among_zolpidem_suspect_cases,strict_fall,medication_burden,polypharmacy_5=True,Polypharmacy >=5,727,3934,0.184799186578546,0.084130488103998,2.4678323019706347,2.152333161643172,2.829578793461602,7.868096589484349e-40,5.775170289241183e-39,True,stable,True,signal_detected
exploratory,primary_ps_ss,feature_positive_vs_feature_negative_among_zolpidem_suspect_cases,strict_fall,co_medication,is_antidepressant=True,Antidepressant co-report,410,1892,0.2167019027484144,0.1078607615623468,2.288257064572854,1.9973598988383767,2.62152073675495,7.866409661774003e-34,4.326525313975701e-33,True,stable,True,signal_detected
exploratory,primary_ps_ss,feature_positive_vs_feature_negative_among_zolpidem_suspect_cases,strict_fall,co_medication,is_opioid=True,Opioid co-report,298,1458,0.2043895747599451,0.1178086372653746,1.9237292299446127,1.6594222683408275,2.2301340778338905,2.193172045831578e-18,8.041630834715787e-18,True,stable,True,signal_detected
exploratory,primary_ps_ss,feature_positive_vs_feature_negative_among_zolpidem_suspect_cases,strict_fall,demographic,sex_clean=F,Female,776,5059,0.1533899980233247,0.0995934959349593,1.638027893856585,1.4202125911144046,1.8892491151249775,1.0919885751901507e-11,2.402374865418332e-11,True,stable,True,signal_detected
exploratory,primary_ps_ss,feature_positive_vs_feature_negative_among_zolpidem_suspect_cases,strict_fall,demographic,sex_clean=M,Male,294,2952,0.0995934959349593,0.1533899980233247,0.610490214330595,0.5293108208939655,0.704119936871793,1.0919885751901507e-11,2.402374865418332e-11,True,stable,False,no_stable_signal
exploratory,primary_ps_ss,feature_positive_vs_feature_negative_among_zolpidem_suspect_cases,strict_fall,co_medication,is_antiepileptic=True,Antiepileptic co-report,151,803,0.1880448318804483,0.1274972253052164,1.584876532907869,1.310544936236086,1.91663296321308,2.2513396781829905e-06,4.502679356365981e-06,True,stable,True,signal_detected
exploratory,primary_ps_ss,feature_positive_vs_feature_negative_among_zolpidem_suspect_cases,strict_fall,demographic,age_group=75-84,Age 75-84,426,2705,0.1574861367837338,0.1213720316622691,1.3531678653871837,1.1855280806604878,1.5445127802425187,8.242971283577984e-06,1.5112114019892967e-05,True,stable,True,signal_detected
exploratory,primary_ps_ss,feature_positive_vs_feature_negative_among_zolpidem_suspect_cases,strict_fall,co_medication,is_antipsychotic=True,Antipsychotic co-report,115,735,0.1564625850340136,0.1312534359538207,1.2276895794629286,0.9948340260028964,1.515048404182221,0.0632030320601308,0.0772481502957154,False,stable,False,no_stable_signal
exploratory,primary_ps_ss,feature_positive_vs_feature_negative_among_zolpidem_suspect_cases,strict_fall,co_medication,is_benzo=True,Benzodiazepine co-report,216,1517,0.1423862887277521,0.1315060055435787,1.0964723586792362,0.9334284115984176,1.2879955424635652,0.2802912438199418,0.3245477560020379,False,stable,False,no_stable_signal
exploratory,sensitivity_ps_only,feature_positive_vs_feature_negative_among_zolpidem_primary_suspect_cases,strict_fall,demographic,age_group=65-74,Age 65-74,123,2091,0.0588235294117647,0.1578947368421052,0.3333333333333333,0.2688744025396374,0.4132454040310926,4.184688222634073e-25,1.841262817958992e-24,True,stable,False,no_stable_signal
exploratory,sensitivity_ps_only,feature_positive_vs_feature_negative_among_zolpidem_primary_suspect_cases,strict_fall,demographic,age_group=>=85,Age >=85,143,713,0.2005610098176718,0.0919189114134962,2.478454444267769,1.9982339889359888,3.0740826481394774,4.118846599164016e-17,1.2944946454515474e-16,True,stable,True,signal_detected
exploratory,sensitivity_ps_only,feature_positive_vs_feature_negative_among_zolpidem_primary_suspect_cases,strict_fall,medication_burden,polypharmacy_5=True,Polypharmacy >=5,213,1291,0.1649883810999225,0.086338074760172,2.0909517411980465,1.7219052341504266,2.5390939624945674,5.861950976126549e-14,1.6120365184348008e-13,True,stable,True,signal_detected
exploratory,sensitivity_ps_only,feature_positive_vs_feature_negative_among_zolpidem_primary_suspect_cases,strict_fall,demographic,age_group=75-84,Age 75-84,208,1510,0.1377483443708609,0.0948644793152639,1.524271508263747,1.256322920498692,1.849368178352086,2.1869955677742668e-05,3.701069422387221e-05,True,stable,True,signal_detected
exploratory,sensitivity_ps_only,feature_positive_vs_feature_negative_among_zolpidem_primary_suspect_cases,strict_fall,demographic,sex_clean=F,Female,330,2639,0.1250473664266767,0.0859701492537313,1.519507001587989,1.2364571890428229,1.8673525847363208,7.820596262811515e-05,0.0001147020785212,True,stable,True,signal_detected
exploratory,sensitivity_ps_only,feature_positive_vs_feature_negative_among_zolpidem_primary_suspect_cases,strict_fall,demographic,sex_clean=M,Male,144,1675,0.0859701492537313,0.1250473664266767,0.6581081883498605,0.5355175065351705,0.8087623323005052,7.820596262811515e-05,0.0001147020785212,True,stable,False,no_stable_signal
exploratory,sensitivity_ps_only,feature_positive_vs_feature_negative_among_zolpidem_primary_suspect_cases,strict_fall,co_medication,is_antidepressant=True,Antidepressant co-report,85,552,0.1539855072463768,0.1034024455077086,1.578224514623231,1.2244088671847655,2.0342817544965297,0.000509276710903,0.0007002554774917,True,stable,True,signal_detected
exploratory,sensitivity_ps_only,feature_positive_vs_feature_negative_among_zolpidem_primary_suspect_cases,strict_fall,co_medication,is_opioid=True,Opioid co-report,63,426,0.1478873239436619,0.1057098765432098,1.468239126500573,1.1026159948043257,1.9551014521331411,0.0104366281037113,0.0135062246048029,True,stable,True,signal_detected
exploratory,sensitivity_ps_only,feature_positive_vs_feature_negative_among_zolpidem_primary_suspect_cases,strict_fall,co_medication,is_antipsychotic=True,Antipsychotic co-report,19,211,0.0900473933649289,0.110894467462832,0.7934065934065934,0.4902864620178571,1.2839310713786911,0.4057103910646061,0.4462814301710668,False,stable,False,no_stable_signal
exploratory,sensitivity_ps_only,feature_positive_vs_feature_negative_among_zolpidem_primary_suspect_cases,strict_fall,co_medication,is_benzo=True,Benzodiazepine co-report,54,453,0.119205298013245,0.1087801087801087,1.1088077336197637,0.8200174955667101,1.4993028768067036,0.5539696143721025,0.5803491198183931,False,stable,False,no_stable_signal
exploratory,sensitivity_ps_only,feature_positive_vs_feature_negative_among_zolpidem_primary_suspect_cases,strict_fall,co_medication,is_antiepileptic=True,Antiepileptic co-report,21,192,0.109375,0.1098981077147016,0.994655512954572,0.6256524925521445,1.5812924926027796,1.0,1.0,False,stable,False,no_stable_signal
