year,analysis,comparison,exposure_definition,outcome_name,outcome_definition,zolpidem_cases,zolpidem_fall_cases,zolpidem_fall_reporting_rate,a,b,c,d,n,exposed_n,unexposed_n,reporting_rate_exposed,reporting_rate_unexposed,ror,ror_ci_low,ror_ci_high,prr,prr_ci_low,prr_ci_high,chi_square_yates,p_value,expected_a,ic,ic025,ic975,ebgm,eb05,eb95,signal_flag_mhra,signal_flag_ror,signal_flag_ic,signal_flag_ebgm,stability_status
2004,primary_ps_ss,zolpidem_suspect_vs_all_other_suspect_drugs_excluding_mixed_zdrug_cases,is_zolpidem_suspect,strict_fall,Narrow fall definition,123,19,0.15447154471544716,19,104,1524,47195,48842,123,48719,0.15447154471544716,0.031281430242821075,5.657587573187967,3.4602369031770523,9.250319571732838,4.938122826110152,3.2562408142616173,7.48871426798317,56.89977673396822,4.5859790439006426e-14,3.8857745383071944,2.152570570285922,1.4312004120084914,2.7281326320569357,3.991616013831848,2.7129069289674956,5.7062067479485075,True,True,True,True,stable
2005,primary_ps_ss,zolpidem_suspect_vs_all_other_suspect_drugs_excluding_mixed_zdrug_cases,is_zolpidem_suspect,strict_fall,Narrow fall definition,115,12,0.10434782608695652,12,103,1786,50103,52004,115,51889,0.10434782608695652,0.03441962651043574,3.268332989051849,1.7942105039184342,5.953593797380981,3.03163737280296,1.771270391385759,5.188832379784297,14.780350028278496,0.00012078760940378191,3.9760403045919546,1.4816331626263823,0.5514420008852894,2.182835101369834,2.5127067488711945,1.5453207411794514,3.9072371081828203,True,True,True,False,stable
2006,primary_ps_ss,zolpidem_suspect_vs_all_other_suspect_drugs_excluding_mixed_zdrug_cases,is_zolpidem_suspect,strict_fall,Narrow fall definition,146,24,0.1643835616438356,24,122,1975,48661,50782,146,50636,0.1643835616438356,0.039003870763883404,4.84691429757211,3.1216629411799,7.525661370451933,4.2145448239986125,2.9161682775462316,6.091002432973244,57.24926003949208,3.839335283461622e-14,5.747193887597968,1.9715015381055974,1.3365845929355076,2.490651371830766,3.631391160836816,2.576200733419117,5.002435655037417,True,True,True,True,stable
2007,primary_ps_ss,zolpidem_suspect_vs_all_other_suspect_drugs_excluding_mixed_zdrug_cases,is_zolpidem_suspect,strict_fall,Narrow fall definition,162,39,0.24074074074074073,39,123,1485,47865,49512,162,49350,0.24074074074074073,0.030091185410334346,10.220004927322,7.102705917640717,14.705451967970582,8.000374111485222,6.058504511152704,10.564651029952772,233.15947590823396,1.2199261557590894e-52,4.986427532719341,2.8479136988488816,2.3594240861280666,3.2648594522554015,6.598435299221828,5.044033194974347,8.509204647396526,True,True,True,True,stable
2008,primary_ps_ss,zolpidem_suspect_vs_all_other_suspect_drugs_excluding_mixed_zdrug_cases,is_zolpidem_suspect,strict_fall,Narrow fall definition,163,30,0.18404907975460122,30,133,1715,48170,50048,163,49885,0.18404907975460122,0.03437907186529017,6.335518095530371,4.250773876338384,9.442701660095908,5.353520900033983,3.8619956465815606,7.421081909418822,103.75242967254965,2.292437877150787e-24,5.6832440856777495,2.30237337995966,1.739815527356514,2.7721131316399883,4.563856340263853,3.358325910948531,6.0884365545842725,True,True,True,True,stable
2009,primary_ps_ss,zolpidem_suspect_vs_all_other_suspect_drugs_excluding_mixed_zdrug_cases,is_zolpidem_suspect,strict_fall,Narrow fall definition,186,26,0.13978494623655913,26,160,1737,43926,45849,186,45663,0.13978494623655913,0.03803955062085277,4.109369602763385,2.7075959463009394,6.236868006537777,3.6747265400115134,2.565097110013614,5.264368000396414,49.150792798684805,2.3702255065895856e-12,7.152129817444219,1.792059105527065,1.1841723792986922,2.292993202987379,3.2508770806654224,2.3378073531727224,4.425421195613633,True,True,True,True,stable
2010,primary_ps_ss,zolpidem_suspect_vs_all_other_suspect_drugs_excluding_mixed_zdrug_cases,is_zolpidem_suspect,strict_fall,Narrow fall definition,191,28,0.14659685863874344,28,163,2882,81029,84102,191,83911,0.14659685863874344,0.0343459141232973,4.829664130652282,3.2287668788381576,7.224323244824286,4.2682473994571835,3.025716538076582,6.021031922096036,68.56285323503242,1.228974394223507e-16,6.6087607904687165,2.0032919251023897,1.4193443053567751,2.4878541829900698,3.745874327749596,2.7265908088242683,5.045355299659238,True,True,True,True,stable
2011,primary_ps_ss,zolpidem_suspect_vs_all_other_suspect_drugs_excluding_mixed_zdrug_cases,is_zolpidem_suspect,strict_fall,Narrow fall definition,258,28,0.10852713178294573,28,230,4238,103972,108468,258,108210,0.10852713178294573,0.03916458737639775,2.9866590065042984,2.015063241249813,4.426725592791153,2.7710526026976305,1.9508314787727485,3.9361331875513605,30.964818844269185,2.627482329374759e-08,10.147029538665782,1.4205109364874327,0.8365633167418183,1.9050731943751127,2.5568660791775297,1.8611215809443005,3.4438682919849533,True,True,True,False,stable
2012,primary_ps_ss,zolpidem_suspect_vs_all_other_suspect_drugs_excluding_mixed_zdrug_cases,is_zolpidem_suspect,strict_fall,Narrow fall definition,280,45,0.16071428571428573,45,235,4930,118643,123853,280,123573,0.16071428571428573,0.039895446416288345,4.608290535583272,3.34563815175144,6.3474711541142455,4.02838669950739,3.078058405659895,5.272121987980602,102.65963654052307,3.97970906958865e-24,11.247204347088887,1.9535490867747882,1.5010518332710672,2.343985640928328,3.715208335978776,2.8937857705752945,4.71086243186979,True,True,True,True,stable
2013,primary_ps_ss,zolpidem_suspect_vs_all_other_suspect_drugs_excluding_mixed_zdrug_cases,is_zolpidem_suspect,strict_fall,Narrow fall definition,382,61,0.15968586387434555,61,321,5323,144804,150509,382,150127,0.15968586387434555,0.035456646705789095,5.1695042322069105,3.9261268406626635,6.806650699623001,4.50369334695921,3.5727842291096232,5.677156095289712,166.90185414566218,3.514536997759052e-38,13.664883827545196,2.118267640865179,1.733331040171715,2.457351251456313,4.193737789019932,3.385046645221619,5.147992707991995,True,True,True,True,stable
2014,primary_ps_ss,zolpidem_suspect_vs_all_other_suspect_drugs_excluding_mixed_zdrug_cases,is_zolpidem_suspect,strict_fall,Narrow fall definition,407,47,0.11547911547911548,47,360,5747,167908,174062,407,173655,0.11547911547911548,0.033094353747372664,3.8143939833343,2.8113397438146315,5.175326636386872,3.4893902555291105,2.663513540474152,4.571346895880245,83.10341787166041,7.787093085833457e-20,13.54780480518436,1.7575828096243191,1.3154609026230222,2.140270057479351,3.265157717550069,2.557105215382977,4.119897843826206,True,True,True,True,stable
2015,primary_ps_ss,zolpidem_suspect_vs_all_other_suspect_drugs_excluding_mixed_zdrug_cases,is_zolpidem_suspect,strict_fall,Narrow fall definition,463,53,0.11447084233261338,53,410,7901,244975,253339,463,252876,0.11447084233261338,0.031244562552397222,4.008036957347171,3.0081538291179175,5.340272194846939,3.663704433072009,2.8411180642464253,4.724453496610224,102.54461631358586,4.217611274609161e-24,14.536656416895937,1.831055089593665,1.4163193035844843,2.1930511380951447,3.443519463819601,2.7359458701688566,4.288466518347952,True,True,True,True,stable
2016,primary_ps_ss,zolpidem_suspect_vs_all_other_suspect_drugs_excluding_mixed_zdrug_cases,is_zolpidem_suspect,strict_fall,Narrow fall definition,403,64,0.1588089330024814,64,339,7728,230653,238784,403,238381,0.1588089330024814,0.032418691086957434,5.63471909220274,4.309663345757696,7.367178524347589,4.8986842984037935,3.908656023538926,6.139478048442008,199.6089594575522,2.541944732277922e-45,13.150696864111499,2.240324558347858,1.8650430297294194,2.5718935919192347,4.5581250584542445,3.6981299303803152,5.568980970916486,True,True,True,True,stable
2017,primary_ps_ss,zolpidem_suspect_vs_all_other_suspect_drugs_excluding_mixed_zdrug_cases,is_zolpidem_suspect,strict_fall,Narrow fall definition,484,25,0.05165289256198347,25,459,8367,247220,256071,484,255587,0.05165289256198347,0.032736406781252565,1.6093153594120277,1.075392615462676,2.4083259349193034,1.577842458615952,1.0765218434441273,2.3126208161705963,4.872999599326223,0.0272800424669649,15.861725849471435,0.6401723140152266,0.019196791390361727,1.149962375848245,1.5123975936696448,1.080467490738317,2.0707299170694666,False,True,True,False,stable
2018,primary_ps_ss,zolpidem_suspect_vs_all_other_suspect_drugs_excluding_mixed_zdrug_cases,is_zolpidem_suspect,strict_fall,Narrow fall definition,755,105,0.1390728476821192,105,650,9839,299072,309666,755,308911,0.1390728476821192,0.031850597744981564,4.91021757996044,3.991610696951217,6.040227495373711,4.366412486058657,3.6524636667778396,5.219917222401381,275.1498800858918,8.561577392830897e-62,24.244573185302876,2.0920589361878505,1.8027799009679801,2.3546512479026194,4.1791316559338325,3.551355910863722,4.891506053046275,True,True,True,True,stable
2019,primary_ps_ss,zolpidem_suspect_vs_all_other_suspect_drugs_excluding_mixed_zdrug_cases,is_zolpidem_suspect,strict_fall,Narrow fall definition,661,86,0.13010590015128592,86,575,9771,281689,292121,661,291460,0.13010590015128592,0.0335243258080011,4.311828525405704,3.434457816720491,5.41333340650997,3.8809400939610885,3.1835333702320767,4.731125532953568,185.73184285594692,2.7166395903248957e-42,22.304034971809628,1.9234110136759401,1.602235135102334,2.2120223403980557,3.711824230880267,3.100192978868011,4.415085778680215,True,True,True,True,stable
2020,primary_ps_ss,zolpidem_suspect_vs_all_other_suspect_drugs_excluding_mixed_zdrug_cases,is_zolpidem_suspect,strict_fall,Narrow fall definition,537,73,0.13594040968342644,73,464,10256,278614,289407,537,288870,0.13594040968342644,0.035503859867760584,4.273953598230136,3.3366470574484977,5.47456145205621,3.828891004802203,3.0909882088873917,4.742951229805005,154.19863026444662,2.095658376894939e-35,19.165649068612716,1.9020664464489858,1.5519689462575126,2.2138211786950754,3.644840125262798,2.9972414164393175,4.398314911238119,True,True,True,True,stable
2021,primary_ps_ss,zolpidem_suspect_vs_all_other_suspect_drugs_excluding_mixed_zdrug_cases,is_zolpidem_suspect,strict_fall,Narrow fall definition,384,40,0.10416666666666667,40,344,9036,303937,313357,384,312973,0.10416666666666667,0.028871500097452495,3.911189865859559,2.8172136339408005,5.429977330261623,3.6079409214991887,2.688855465027777,4.841181633723083,74.6571953642828,5.599716993026079e-18,11.122087587001408,1.80105267566539,1.3191442799901787,2.213193993934308,3.341093554987112,2.562771889868762,4.295412711831191,True,True,True,True,stable
2022,primary_ps_ss,zolpidem_suspect_vs_all_other_suspect_drugs_excluding_mixed_zdrug_cases,is_zolpidem_suspect,strict_fall,Narrow fall definition,456,66,0.14473684210526316,66,390,8474,318341,327271,456,326815,0.14473684210526316,0.025929042424613313,6.357457199397252,4.8932756228438485,8.259755868539946,5.582035762642386,4.4613368707841605,6.984256996926077,248.26600552733828,6.201136264017444e-56,11.899129467627747,2.4231155068422927,2.0538887917300177,2.749949051432048,5.155435233941074,4.19627479002871,6.280099301366923,True,True,True,True,stable
2023,primary_ps_ss,zolpidem_suspect_vs_all_other_suspect_drugs_excluding_mixed_zdrug_cases,is_zolpidem_suspect,strict_fall,Narrow fall definition,341,23,0.06744868035190615,23,318,7850,285224,293415,341,293074,0.06744868035190615,0.026785044050308113,2.6279501662460443,1.720131265037743,4.014880850457118,2.518147075854082,1.6959711104842727,3.738899003899787,20.039163004879338,7.587227377718507e-06,9.149815108293714,1.2840875512557952,0.6342812133445721,1.8131513416793559,2.3154877507049116,1.6304768646692327,3.2104411857865696,True,True,True,False,stable
2024,primary_ps_ss,zolpidem_suspect_vs_all_other_suspect_drugs_excluding_mixed_zdrug_cases,is_zolpidem_suspect,strict_fall,Narrow fall definition,419,58,0.13842482100238662,58,361,8372,304907,313698,419,313279,0.13842482100238662,0.026723782953852637,5.851388945872867,4.4307323280932245,7.727560606356448,5.179836299427458,4.075345928865284,6.583662971731317,195.3983526684008,2.1089757077448247e-44,11.25977851309221,2.3145757363816806,1.9192162783336721,2.6617212893028332,4.771759306757363,3.8303419290591094,5.887287111028551,True,True,True,True,stable
2025,primary_ps_ss,zolpidem_suspect_vs_all_other_suspect_drugs_excluding_mixed_zdrug_cases,is_zolpidem_suspect,strict_fall,Narrow fall definition,482,91,0.1887966804979253,91,391,10275,318756,329513,482,329031,0.1887966804979253,0.03122806057787868,7.220066085463065,5.742507905950826,9.077802787948018,6.045738256049914,5.019462174516392,7.281846100212322,387.0332295337366,3.662292524832201e-86,15.163019364941595,2.546409395202913,2.2346190415199603,2.82741927166409,5.6610991609334205,4.752313692967044,6.702003942027383,True,True,True,True,stable
2004,primary_ps_ss,zolpidem_suspect_vs_all_other_suspect_drugs_excluding_mixed_zdrug_cases,is_zolpidem_suspect,broad_fall,Broad fall-related definition,123,20,0.16260162601626016,20,103,3716,45003,48842,123,48719,0.16260162601626016,0.0762741435579548,2.351573358972483,1.4549686707534464,3.800698512474158,2.131805333123299,1.4257849021384654,3.187433091426852,11.750343311206088,0.0006083201646912977,9.408459932025716,1.0488911672961985,0.3475219411182293,1.6116460830200694,1.969746908723844,1.3519795282146596,2.7921535971919624,True,True,True,False,stable
2005,primary_ps_ss,zolpidem_suspect_vs_all_other_suspect_drugs_excluding_mixed_zdrug_cases,is_zolpidem_suspect,broad_fall,Broad fall-related definition,115,21,0.1826086956521739,21,94,4109,47780,52004,115,51889,0.1826086956521739,0.079188267262811,2.5977744753343726,1.6168934211620907,4.173702568378659,2.306006962447226,1.5647361714737391,3.398443908819888,15.402200789117787,8.68870412914725e-05,9.132951311437582,1.158286880822695,0.4753956702480178,1.7090811751350077,2.1219817087893245,1.469832241631286,2.984366781377335,True,True,True,False,stable
2006,primary_ps_ss,zolpidem_suspect_vs_all_other_suspect_drugs_excluding_mixed_zdrug_cases,is_zolpidem_suspect,broad_fall,Broad fall-related definition,146,32,0.2191780821917808,32,114,4651,45985,50782,146,50636,0.2191780821917808,0.09185164704952997,2.7753322243471503,1.8729316934881217,4.112519950556622,2.3862183121614735,1.7547408368852484,3.244945187120595,26.692683371565835,2.385230019615727e-07,13.463786381001142,1.2187495264204875,0.6754503154968772,1.6749838208382086,2.2470797762159997,1.6698731805947826,2.971729019523888,True,True,True,False,stable
2007,primary_ps_ss,zolpidem_suspect_vs_all_other_suspect_drugs_excluding_mixed_zdrug_cases,is_zolpidem_suspect,broad_fall,Broad fall-related definition,162,43,0.2654320987654321,43,119,4016,45334,49512,162,49350,0.2654320987654321,0.08137791286727457,4.078982389768656,2.873740455133057,5.7897007735420045,3.2617216319905564,2.520280342455728,4.2212875390794045,70.25623260294407,5.208047033588668e-17,13.280780416868637,1.6583578096052876,1.194738929639943,2.0570471735853224,3.0461190849910476,2.358877894835882,3.8827710946276563,True,True,True,True,stable
2008,primary_ps_ss,zolpidem_suspect_vs_all_other_suspect_drugs_excluding_mixed_zdrug_cases,is_zolpidem_suspect,broad_fall,Broad fall-related definition,163,38,0.2331288343558282,38,125,4441,45444,50048,163,49885,0.2331288343558282,0.08902475694096422,3.110780454852511,2.1608198723576435,4.478371918957775,2.6186966678316796,1.979470081731816,3.464347504617564,39.65478796591161,3.030608129489917e-10,14.587535965473146,1.3515012357453595,0.8561608109878773,1.7734281577189603,2.4699915511881985,1.8814373448774342,3.195403287117935,True,True,True,False,stable
2009,primary_ps_ss,zolpidem_suspect_vs_all_other_suspect_drugs_excluding_mixed_zdrug_cases,is_zolpidem_suspect,broad_fall,Broad fall-related definition,186,32,0.17204301075268819,32,154,4029,41634,45849,186,45663,0.17204301075268819,0.08823336180277248,2.147237721325584,1.4652543521459929,3.146641281174711,1.9498634896996776,1.4206463380293748,2.6762238614134177,15.096529667955137,0.00010215090521119288,16.474645030425965,0.937058312637134,0.3937591017135238,1.3932926070548552,1.8599108484130287,1.382156199764427,2.459703967993434,False,True,True,False,stable
2010,primary_ps_ss,zolpidem_suspect_vs_all_other_suspect_drugs_excluding_mixed_zdrug_cases,is_zolpidem_suspect,broad_fall,Broad fall-related definition,191,43,0.225130890052356,43,148,7057,76854,84102,191,83911,0.225130890052356,0.08410101178629739,3.1641211141707104,2.2511657153110605,4.447323605298205,2.6769106015563615,2.0556834898341987,3.485872413803744,47.22900677458443,6.315882221692493e-12,16.124467908016456,1.387707235309986,0.9240883553446414,1.7863965992900208,2.5402808431802963,1.9671628588580499,3.237998500694142,True,True,True,False,stable
2011,primary_ps_ss,zolpidem_suspect_vs_all_other_suspect_drugs_excluding_mixed_zdrug_cases,is_zolpidem_suspect,broad_fall,Broad fall-related definition,258,42,0.16279069767441862,42,216,9417,98793,108468,258,108210,0.16279069767441862,0.08702522872192958,2.039901242433896,1.4647630447029791,2.8408670562323954,1.8706149936655876,1.417465032124949,2.4686326471706943,17.62181402034818,2.694795134064633e-05,22.499004314636576,0.8858914366645965,0.4164034670729028,1.2889136712857556,1.8086289844217827,1.3962991206039008,2.3117552454304464,False,True,True,False,stable
2012,primary_ps_ss,zolpidem_suspect_vs_all_other_suspect_drugs_excluding_mixed_zdrug_cases,is_zolpidem_suspect,broad_fall,Broad fall-related definition,280,58,0.20714285714285716,58,222,10193,113380,123853,280,123573,0.20714285714285716,0.0824856562517702,2.9060925931327186,2.175086828225523,3.882775643835214,2.51125912741237,1.9954520841533994,3.16039781415625,55.55326180344714,9.096077667801082e-14,23.174892816484057,1.3050787305114402,0.909719272463432,1.652224283432593,2.4198954122659853,1.9424757758452253,2.9856114180981,True,True,True,False,stable
2013,primary_ps_ss,zolpidem_suspect_vs_all_other_suspect_drugs_excluding_mixed_zdrug_cases,is_zolpidem_suspect,broad_fall,Broad fall-related definition,382,73,0.19109947643979058,73,309,11663,138464,150509,382,150127,0.19109947643979058,0.07768755786767204,2.804729475310826,2.171775842932636,3.6221544020191705,2.4598466174634694,1.99979299463502,3.025735862501511,66.59910081307727,3.327378691059425e-16,29.786604123341462,1.2790644245085518,0.9289669243170784,1.5908191567546415,2.3874204047572145,1.9632343449013987,2.880956751122435,True,True,True,False,stable
2014,primary_ps_ss,zolpidem_suspect_vs_all_other_suspect_drugs_excluding_mixed_zdrug_cases,is_zolpidem_suspect,broad_fall,Broad fall-related definition,407,72,0.1769041769041769,72,335,13181,160474,174062,407,173655,0.1769041769041769,0.07590337162765252,2.6166401887837196,2.027227009558687,3.3774243561645325,2.3306497868367226,1.8888011125929092,2.875860455961515,57.45873471180624,3.4514502320616384e-14,30.988791350208547,1.2031426122660236,0.8504900090730113,1.5169218604464687,2.2664368247635083,1.8611956226494515,2.738421176002625,True,True,True,False,stable
2015,primary_ps_ss,zolpidem_suspect_vs_all_other_suspect_drugs_excluding_mixed_zdrug_cases,is_zolpidem_suspect,broad_fall,Broad fall-related definition,463,66,0.14254859611231102,66,397,18046,234830,253339,463,252876,0.14254859611231102,0.07136303959252756,2.1633463432800197,1.6664135507793385,2.8084669611539623,1.9975129552530624,1.5968899386983109,2.4986430872351035,34.215156574700835,4.934314683797058e-09,33.101322733570434,0.9848363140502275,0.6156095989379528,1.3116698586399826,1.9500893576515232,1.5872783651596347,2.3755035718348783,False,True,True,False,stable
2016,primary_ps_ss,zolpidem_suspect_vs_all_other_suspect_drugs_excluding_mixed_zdrug_cases,is_zolpidem_suspect,broad_fall,Broad fall-related definition,403,83,0.20595533498759305,83,320,16846,221535,238784,403,238381,0.20595533498759305,0.07066838380575634,3.410936757984091,2.677938990248654,4.344568569087054,2.914391470359576,2.404642945092262,3.532199098348366,109.74308599141061,1.1155065085738043e-25,28.57137412891986,1.5221769320249974,1.1949539168537278,1.815662103735689,2.8236935702390076,2.350726237505088,3.368869097200035,True,True,True,True,stable
2017,primary_ps_ss,zolpidem_suspect_vs_all_other_suspect_drugs_excluding_mixed_zdrug_cases,is_zolpidem_suspect,broad_fall,Broad fall-related definition,484,40,0.08264462809917356,40,444,18572,237015,256071,484,255587,0.08264462809917356,0.07266410263432804,1.1497255385904965,0.8316171697805671,1.5895160202572531,1.1373515271367365,0.8449804542784972,1.5308857024211346,0.5735525058942958,0.4488506884286554,35.17855594737397,0.18286468314605273,-0.2990437125291587,0.5950060014149712,1.1194760998430469,0.8586894778134229,1.4392329309903371,False,False,False,False,stable
2018,primary_ps_ss,zolpidem_suspect_vs_all_other_suspect_drugs_excluding_mixed_zdrug_cases,is_zolpidem_suspect,broad_fall,Broad fall-related definition,755,166,0.21986754966887417,166,589,22851,286060,309666,755,308911,0.21986754966887417,0.07397276238139788,3.5281311224208145,2.9683566610304113,4.193468184066991,2.972277127292529,2.59707363021154,3.4016868904509026,230.8834800775964,3.8253562376996355e-52,56.11799487189423,1.5561896151267114,1.3282812796349348,1.7672022121947804,2.915022675818537,2.5618426225756523,3.305601791122997,True,True,True,True,stable
2019,primary_ps_ss,zolpidem_suspect_vs_all_other_suspect_drugs_excluding_mixed_zdrug_cases,is_zolpidem_suspect,broad_fall,Broad fall-related definition,661,114,0.17246596066565809,114,547,21704,269756,292121,661,291460,0.17246596066565809,0.07446647910519454,2.5902927943256486,2.115947027364324,3.170975772816507,2.3160214198126017,1.958871763619443,2.738288088404369,90.23587482228213,2.113941130833989e-21,49.36891904382088,1.199134761652727,0.9220217635972662,1.4516630091007083,2.2732344880604796,1.9446008370429653,2.6442705713001358,True,True,True,False,stable
2020,primary_ps_ss,zolpidem_suspect_vs_all_other_suspect_drugs_excluding_mixed_zdrug_cases,is_zolpidem_suspect,broad_fall,Broad fall-related definition,537,100,0.186219739292365,100,437,22358,266512,289407,537,288870,0.186219739292365,0.07739813757053346,2.7277362773408704,2.194101312202032,3.3911584471247553,2.405997678208492,2.01517448662059,2.8726171683785093,87.16434755507049,9.98679139259999e-21,41.67123117270833,1.2528644551385297,0.9561064790722631,1.5216048900278134,2.355226503322651,1.9933135904808348,2.7671869204846895,True,True,True,False,stable
2021,primary_ps_ss,zolpidem_suspect_vs_all_other_suspect_drugs_excluding_mixed_zdrug_cases,is_zolpidem_suspect,broad_fall,Broad fall-related definition,384,61,0.15885416666666666,61,323,20827,292146,313357,384,312973,0.15885416666666666,0.06654567646410393,2.649113342840124,2.014234699303625,3.4841031711149757,2.3871448170243754,1.8956577750642225,3.0060596656236025,51.053966219732054,8.986114210502248e-13,25.596977249590722,1.2367036978932031,0.8517670971997393,1.5757873084843377,2.3123183097849935,1.8664269754097913,2.8384697365906173,True,True,True,False,stable
2022,primary_ps_ss,zolpidem_suspect_vs_all_other_suspect_drugs_excluding_mixed_zdrug_cases,is_zolpidem_suspect,broad_fall,Broad fall-related definition,456,82,0.17982456140350878,82,374,19587,307228,327271,456,326815,0.17982456140350878,0.05993298961185992,3.4390233181508307,2.706760709306467,4.369385643186562,3.000427019711427,2.4651777641509303,3.651891734353327,113.75975257378087,1.470930536150009e-26,27.405617974094863,1.5638385239184027,1.2345240395359247,1.8590050512326421,2.904372829146135,2.4151677212983205,3.4687487897337332,True,True,True,True,stable
2023,primary_ps_ss,zolpidem_suspect_vs_all_other_suspect_drugs_excluding_mixed_zdrug_cases,is_zolpidem_suspect,broad_fall,Broad fall-related definition,341,42,0.12316715542521994,42,299,18187,274887,293415,341,293074,0.12316715542521994,0.06205599950865651,2.123103845170013,1.5365698911056358,2.933527438919346,1.984774339313296,1.4947483707769398,2.635446376803172,20.794395483646102,5.113237792396838e-06,21.185314315900687,0.9707444868800893,0.5012565172883956,1.3737667215012483,1.915725858255832,1.4789801303864116,2.448644437181522,False,True,True,False,stable
2024,primary_ps_ss,zolpidem_suspect_vs_all_other_suspect_drugs_excluding_mixed_zdrug_cases,is_zolpidem_suspect,broad_fall,Broad fall-related definition,419,95,0.22673031026252982,95,324,19446,293833,313698,419,313279,0.22673031026252982,0.06207246575736005,4.430460642513678,3.523177167205728,5.571386442774514,3.6526712366931546,3.0590488987570508,4.361488686495534,191.41221471535061,1.5634389531735253e-43,26.10051387002786,1.8440466170993646,1.5392088500610503,2.1193963287904474,3.5239345183937525,2.9693900395033945,4.157278729948342,True,True,True,True,stable
2025,primary_ps_ss,zolpidem_suspect_vs_all_other_suspect_drugs_excluding_mixed_zdrug_cases,is_zolpidem_suspect,broad_fall,Broad fall-related definition,482,125,0.25933609958506226,125,357,22541,306490,329513,482,329031,0.25933609958506226,0.06850722272369472,4.760854699006615,3.881721994986798,5.839093447270549,3.7855293102600873,3.2536826591869494,4.404311563199327,270.64895408743007,8.193569767179329e-61,33.15502575012215,1.8987934985553576,1.634679323118339,2.1404818176115525,3.674432363782176,3.1656338017513934,4.245765659951758,True,True,True,True,stable
2004,sensitivity_ps_only,zolpidem_primary_suspect_vs_all_other_primary_suspect_drugs_excluding_mixed_zdrug_cases,is_zolpidem_suspect_ps,strict_fall,Narrow fall definition,69,12,0.17391304347826086,12,57,1531,47243,48843,69,48774,0.17391304347826086,0.03138967482675196,6.496338822235209,3.4786441666582943,12.131858296337752,5.540453809672564,3.305090872546078,9.287680611779386,41.20925647871541,1.3677329225981197e-10,2.1797801117867452,2.2217415639609346,1.2915504022198414,2.922943502704386,3.9321366938726943,2.418273597953295,6.114438309065996,True,True,True,True,stable
2005,sensitivity_ps_only,zolpidem_primary_suspect_vs_all_other_primary_suspect_drugs_excluding_mixed_zdrug_cases,is_zolpidem_suspect_ps,strict_fall,Narrow fall definition,60,9,0.15,9,51,1789,50156,52005,60,51945,0.15,0.03444027336606026,4.947489560385361,2.4319012675670133,10.065233024287501,4.3553661263275565,2.380585475519179,7.968297836575069,20.640088884370172,5.542334790016602e-06,2.0744159215460054,1.883682359854876,0.7906161213852014,2.6736784985431377,3.091442004146585,1.7646947698485336,5.108357757338802,True,True,True,False,stable
2006,sensitivity_ps_only,zolpidem_primary_suspect_vs_all_other_primary_suspect_drugs_excluding_mixed_zdrug_cases,is_zolpidem_suspect_ps,strict_fall,Narrow fall definition,80,14,0.175,14,66,1985,48718,50783,80,50703,0.175,0.039149557225410726,5.20610640409129,2.919372117580998,9.284031907922186,4.470037783375314,2.772231613406355,7.20763650777762,35.47306153683433,2.5860240109691492e-09,3.1490853238288405,1.9904461103532751,1.1367032653414184,2.6472907404352264,3.4954382302980105,2.2285226186778138,5.275014660984099,True,True,True,True,stable
2007,sensitivity_ps_only,zolpidem_primary_suspect_vs_all_other_primary_suspect_drugs_excluding_mixed_zdrug_cases,is_zolpidem_suspect_ps,strict_fall,Narrow fall definition,114,28,0.24561403508771928,28,86,1496,47904,49514,114,49400,0.24561403508771928,0.030283400809716598,10.425568959084691,6.7849430728890345,16.019661027804148,8.110516934046347,5.856766319221222,11.23153654288181,169.63658797790043,8.88259341643947e-39,3.508825786646201,2.8297102911641425,2.2457626714185284,3.314272549051823,6.321260359053422,4.601192909089077,8.514168298923245,True,True,True,True,stable
2008,sensitivity_ps_only,zolpidem_primary_suspect_vs_all_other_primary_suspect_drugs_excluding_mixed_zdrug_cases,is_zolpidem_suspect_ps,strict_fall,Narrow fall definition,103,16,0.1553398058252427,16,87,1729,48218,50050,103,49947,0.1553398058252427,0.03461669369531704,5.128790145124084,3.002840885826175,8.759867523078809,4.487424685687332,2.85355987763308,7.056792628588158,41.00348247416129,1.5195821176229524e-10,3.5911088911088913,2.011902182090428,1.218974302062315,2.632135394804538,3.5944527165115416,2.3593734353052334,5.2930967790175,True,True,True,True,stable
2009,sensitivity_ps_only,zolpidem_primary_suspect_vs_all_other_primary_suspect_drugs_excluding_mixed_zdrug_cases,is_zolpidem_suspect_ps,strict_fall,Narrow fall definition,114,14,0.12280701754385964,14,100,1749,43988,45851,114,45737,0.12280701754385964,0.038240374314012726,3.521052029731275,2.008568577398445,6.1724591012634065,3.211449148887083,1.9619923429512849,5.256598310864889,19.76831468113646,8.741994949389864e-06,4.383372227432335,1.5701032457813595,0.7163604007695032,2.2269478758633108,2.6940123864697076,1.7175722020223156,4.065571724976209,True,True,True,False,stable
2010,sensitivity_ps_only,zolpidem_primary_suspect_vs_all_other_primary_suspect_drugs_excluding_mixed_zdrug_cases,is_zolpidem_suspect_ps,strict_fall,Narrow fall definition,118,20,0.1694915254237288,20,98,2890,81097,84105,118,83987,0.1694915254237288,0.03441008727541167,5.726784831579691,3.5353394460648664,9.27663807324528,4.9256348601255056,3.298424537711671,7.355596133212019,60.38967822068488,7.781997060596852e-15,4.082753700731229,2.161337254206351,1.4599680280283822,2.7240921699302225,4.033646519746594,2.768582854273826,5.717770435394699,True,True,True,True,stable
2011,sensitivity_ps_only,zolpidem_primary_suspect_vs_all_other_primary_suspect_drugs_excluding_mixed_zdrug_cases,is_zolpidem_suspect_ps,strict_fall,Narrow fall definition,149,19,0.12751677852348994,19,130,4247,104072,108468,149,108319,0.12751677852348994,0.0392082644780694,3.581474706127402,2.2109089688467334,5.801668567711871,3.2522933677621633,2.134684436732236,4.955023781492314,28.4186818964986,9.771778091497116e-08,5.860106206438766,1.616351361808092,0.8949812035306614,2.191913423579106,2.8428329387633338,1.9321350427353428,4.063966183683365,True,True,True,False,stable
2012,sensitivity_ps_only,zolpidem_primary_suspect_vs_all_other_primary_suspect_drugs_excluding_mixed_zdrug_cases,is_zolpidem_suspect_ps,strict_fall,Narrow fall definition,162,24,0.14814814814814814,24,138,4953,118738,123853,162,123691,0.14814814814814814,0.040043333791464214,4.169207945996717,2.7001728050731693,6.437474988379914,3.699695657700907,2.554824616428603,5.357607669658785,46.25888257466863,1.036157345979071e-11,6.509927090986896,1.8053104050174904,1.1703934598474013,2.3244602387426596,3.262574982023645,2.3145532081945484,4.494371631820346,True,True,True,True,stable
2013,sensitivity_ps_only,zolpidem_primary_suspect_vs_all_other_primary_suspect_drugs_excluding_mixed_zdrug_cases,is_zolpidem_suspect_ps,strict_fall,Narrow fall definition,206,24,0.11650485436893204,24,182,5360,144941,150507,206,150301,0.11650485436893204,0.03566177204409818,3.56587666065278,2.327726312973118,5.462616583453584,3.266939573974786,2.240904975734186,4.762760713004265,36.67041970662511,1.3988602460608439e-09,7.369119044296943,1.6385077104870809,1.003590765316991,2.1576575442122494,2.927631942405205,2.076936144622743,4.032969670537887,True,True,True,True,stable
2014,sensitivity_ps_only,zolpidem_primary_suspect_vs_all_other_primary_suspect_drugs_excluding_mixed_zdrug_cases,is_zolpidem_suspect_ps,strict_fall,Narrow fall definition,212,21,0.09905660377358491,21,191,5773,168080,174065,212,173853,0.09905660377358491,0.03320621444553732,3.2011086090420924,2.03832290258378,5.027219344832053,2.983074265693584,1.9861372348025852,4.480421553311152,26.524000223925018,2.6028424926123e-07,7.056720190733347,1.508504550846858,0.8256133402721808,2.0592988451591703,2.6688201687399267,1.8486106241546543,3.753443408143934,True,True,True,False,stable
2015,sensitivity_ps_only,zolpidem_primary_suspect_vs_all_other_primary_suspect_drugs_excluding_mixed_zdrug_cases,is_zolpidem_suspect_ps,strict_fall,Narrow fall definition,251,20,0.0796812749003984,20,231,7933,245156,253340,251,253089,0.0796812749003984,0.031344704827155664,2.675611711285479,1.693475599216119,4.227340525533253,2.542096833892214,1.668601456577826,3.8728578879095616,17.710397738883866,2.5721678055605004e-05,7.879541327859793,1.2906807275350056,0.5893115013570367,1.8534356432588766,2.3089066223902783,1.584769328590202,3.272918923103738,True,True,True,False,stable
2016,sensitivity_ps_only,zolpidem_primary_suspect_vs_all_other_primary_suspect_drugs_excluding_mixed_zdrug_cases,is_zolpidem_suspect_ps,strict_fall,Narrow fall definition,225,24,0.10666666666666667,24,201,7768,230794,238787,225,238562,0.10666666666666667,0.032561765914101995,3.547565980601626,2.321846589078968,5.42035139010381,3.275825609337453,2.242954209156259,4.7843301387895165,36.79307777829169,1.3135582058851547e-09,7.342108238723213,1.6434682896884591,1.0085513445183698,2.1626181234136284,2.9371112844282057,2.083661029602184,4.046027971453954,True,True,True,True,stable
2017,sensitivity_ps_only,zolpidem_primary_suspect_vs_all_other_primary_suspect_drugs_excluding_mixed_zdrug_cases,is_zolpidem_suspect_ps,strict_fall,Narrow fall definition,234,11,0.04700854700854701,11,223,8381,247457,256072,234,255838,0.04700854700854701,0.03275901156200408,1.456437072322994,0.7947240801054617,2.669113719764582,1.434980628752255,0.8056243759853525,2.555991931569429,1.0817684936351395,0.2983022685524115,7.6686556905870225,0.4934632813702527,-0.4830743722310459,1.2206972237818194,1.3270360933569116,0.79876427911468,2.1003849847992617,False,False,False,False,stable
2018,sensitivity_ps_only,zolpidem_primary_suspect_vs_all_other_primary_suspect_drugs_excluding_mixed_zdrug_cases,is_zolpidem_suspect_ps,strict_fall,Narrow fall definition,413,42,0.1016949152542373,42,371,9907,299364,309684,413,309271,0.1016949152542373,0.03203339466034643,3.4208402292261426,2.484731177019959,4.709623311414652,3.1746530872709418,2.3819037353255057,4.231246659992171,62.14819481270886,3.185589096741195e-15,13.268160447423826,1.6261270261975638,1.15663905660587,2.0291492608187225,2.9787287902399475,2.2996404603452993,3.807354612175125,True,True,True,True,stable
2019,sensitivity_ps_only,zolpidem_primary_suspect_vs_all_other_primary_suspect_drugs_excluding_mixed_zdrug_cases,is_zolpidem_suspect_ps,strict_fall,Narrow fall definition,344,43,0.125,43,301,9814,281980,292138,344,291794,0.125,0.03363331665490037,4.10463186701214,2.9800745194894547,5.653550826835685,3.7165528836356225,2.8081564717874534,4.918801881459309,85.19748108722915,2.7000561852640266e-20,11.606870725479055,1.8451893825210108,1.3815705025556662,2.2438787465010455,3.4505753825548924,2.672083975468584,4.398316015034349,True,True,True,True,stable
2020,sensitivity_ps_only,zolpidem_primary_suspect_vs_all_other_primary_suspect_drugs_excluding_mixed_zdrug_cases,is_zolpidem_suspect_ps,strict_fall,Narrow fall definition,268,32,0.11940298507462686,32,236,10297,278852,289417,268,289149,0.11940298507462686,0.03561139758394461,3.6719860811854037,2.537001843538643,5.314730777496166,3.352942967014012,2.4209164615326464,4.643789539491768,52.216211870771836,4.971400991218323e-13,9.564648932163626,1.6911428680537077,1.1478436571300974,2.147377162471429,3.0764185419647307,2.2861799878606512,4.068516994422525,True,True,True,True,stable
2021,sensitivity_ps_only,zolpidem_primary_suspect_vs_all_other_primary_suspect_drugs_excluding_mixed_zdrug_cases,is_zolpidem_suspect_ps,strict_fall,Narrow fall definition,217,21,0.0967741935483871,21,196,9055,304075,313347,217,313130,0.0967741935483871,0.028917701912943506,3.597952985722174,2.292958502446474,5.645660692792803,3.3465381806522863,2.227622605295251,5.027475375739935,33.129142839946354,8.623645874418503e-09,6.285338618209206,1.6638439404402448,0.9809527298655677,2.2146382347525573,2.9513984820390813,2.0443440340858143,4.1508631068409505,True,True,True,True,stable
2022,sensitivity_ps_only,zolpidem_primary_suspect_vs_all_other_primary_suspect_drugs_excluding_mixed_zdrug_cases,is_zolpidem_suspect_ps,strict_fall,Narrow fall definition,234,22,0.09401709401709402,22,212,8523,318088,326845,234,326611,0.09401709401709402,0.026095263172397746,3.8729475625333447,2.495448953760801,6.010831357430667,3.602841381440466,2.4191744860547946,5.365659275362346,39.74425759236896,2.894905171639427e-10,6.117670455414646,1.7655296457454903,1.0997751147631356,2.3051193658848064,3.161406731244523,2.2085172012129597,4.413636512463964,True,True,True,True,stable
2023,sensitivity_ps_only,zolpidem_primary_suspect_vs_all_other_primary_suspect_drugs_excluding_mixed_zdrug_cases,is_zolpidem_suspect_ps,strict_fall,Narrow fall definition,211,13,0.061611374407582936,13,198,7858,285175,293244,211,293033,0.061611374407582936,0.026816092385499243,2.382745114674359,1.358848501847075,4.178151040227933,2.2975522877039007,1.3563522954448,3.8918697837292515,8.486254097146421,0.0035783982282141173,5.663478195632306,1.1311427747103757,0.24151915784580855,1.8090313579469346,2.026431755363513,1.270198126821978,3.1017688463753466,True,True,True,False,stable
2024,sensitivity_ps_only,zolpidem_primary_suspect_vs_all_other_primary_suspect_drugs_excluding_mixed_zdrug_cases,is_zolpidem_suspect_ps,strict_fall,Narrow fall definition,231,9,0.03896103896103896,9,222,8421,305070,313722,231,313491,0.03896103896103896,0.02686201517746921,1.4686738751576658,0.7539443247761951,2.8609578727327527,1.4504138540476268,0.7641607092122229,2.7529553962307296,0.8709505398040926,0.35069229341942487,6.207183429915657,0.5022204556266303,-0.5908457828430448,1.292216594314892,1.3187368700279603,0.7527775239591463,2.17910596765528,False,False,False,False,stable
2025,sensitivity_ps_only,zolpidem_primary_suspect_vs_all_other_primary_suspect_drugs_excluding_mixed_zdrug_cases,is_zolpidem_suspect_ps,strict_fall,Narrow fall definition,299,27,0.0903010033444816,27,272,10339,318955,329593,299,329294,0.0903010033444816,0.03139747459716849,3.0622859333306782,2.0610101925295803,4.54999939906428,2.8760594443677068,2.006020380627057,4.1234466047403995,32.11930640760144,1.4498929994160871e-08,9.403822289915137,1.4733742858624594,0.8778062518954197,1.965912076321236,2.643404902208413,1.9128199483718742,3.57889254949571,True,True,True,False,stable
2004,sensitivity_ps_only,zolpidem_primary_suspect_vs_all_other_primary_suspect_drugs_excluding_mixed_zdrug_cases,is_zolpidem_suspect_ps,broad_fall,Broad fall-related definition,69,12,0.17391304347826086,12,57,3724,45050,48843,69,48774,0.17391304347826086,0.07635215483659327,2.5467804850472047,1.3653552803421034,4.7504784523132475,2.2777751832998643,1.3607266056281164,3.8128598090149133,7.954364078007828,0.004797156145370066,5.277808488422087,1.1133338047338588,0.1831426429927659,1.8145357434773108,1.991671150698954,1.2248825853500382,3.0970312913769487,True,True,True,False,stable
2005,sensitivity_ps_only,zolpidem_primary_suspect_vs_all_other_primary_suspect_drugs_excluding_mixed_zdrug_cases,is_zolpidem_suspect_ps,broad_fall,Broad fall-related definition,60,12,0.2,12,48,4118,47827,52005,60,51945,0.2,0.07927615747425161,2.9035332685769792,1.5411682764426056,5.470204370669368,2.5228266148615837,1.5196228954824642,4.188311552540307,10.35299842977041,0.0012926454804893274,4.7649264493798675,1.2474428127224215,0.3172516509813289,1.9486447514658736,2.1688620255247595,1.3338554028660727,3.3725615583537,True,True,True,False,stable
2006,sensitivity_ps_only,zolpidem_primary_suspect_vs_all_other_primary_suspect_drugs_excluding_mixed_zdrug_cases,is_zolpidem_suspect_ps,broad_fall,Broad fall-related definition,80,16,0.2,16,64,4667,46036,50783,80,50703,0.2,0.09204583555213695,2.4660381401328477,1.4246831158017246,4.268559121069997,2.172830512106278,1.4006123898572678,3.370805847877123,9.867568784730521,0.0016821764617954264,7.3772719217060825,1.066698041259674,0.2737701612315606,1.6869312539737837,1.9699162185111223,1.2930391250890607,2.900846947641876,True,True,True,False,stable
2007,sensitivity_ps_only,zolpidem_primary_suspect_vs_all_other_primary_suspect_drugs_excluding_mixed_zdrug_cases,is_zolpidem_suspect_ps,broad_fall,Broad fall-related definition,114,30,0.2631578947368421,30,84,4029,45371,49514,114,49400,0.2631578947368421,0.0815587044534413,4.021823919441194,2.647497686667857,6.109568186005587,3.2266070985356166,2.3698727349832827,4.393060105986608,47.457160409601514,5.621921435089072e-12,9.345356868764389,1.631293836518284,1.0687359839151382,2.1010335881986126,2.9483145222417315,2.169525137396812,3.9332144952201613,True,True,True,True,stable
2008,sensitivity_ps_only,zolpidem_primary_suspect_vs_all_other_primary_suspect_drugs_excluding_mixed_zdrug_cases,is_zolpidem_suspect_ps,broad_fall,Broad fall-related definition,103,21,0.20388349514563106,21,82,4458,45489,50050,103,49947,0.20388349514563106,0.08925460988647967,2.613194695204018,1.6164487929635074,4.2245609912101845,2.284290922395432,1.558004137891963,3.3491470858339953,15.19864760049661,9.677270123915836e-05,9.217522477522477,1.1456762150475608,0.4627850044728833,1.6964705093598733,2.1044179140516155,1.457666334788664,2.959664963565694,True,True,True,False,stable
2009,sensitivity_ps_only,zolpidem_primary_suspect_vs_all_other_primary_suspect_drugs_excluding_mixed_zdrug_cases,is_zolpidem_suspect_ps,broad_fall,Broad fall-related definition,114,17,0.14912280701754385,17,97,4044,41693,45851,114,45737,0.14912280701754385,0.0884185670245097,1.8068794803552672,1.0781494731546593,3.0281640327440824,1.6865553473198325,1.086766173036262,2.617369780314472,4.46628103281344,0.03457015821453953,10.096922640727573,0.7237095568488287,-0.043147292559353345,1.3278716845212628,1.5772282390909176,1.0484262066266037,2.2978649945047698,False,True,False,False,stable
2010,sensitivity_ps_only,zolpidem_primary_suspect_vs_all_other_primary_suspect_drugs_excluding_mixed_zdrug_cases,is_zolpidem_suspect_ps,broad_fall,Broad fall-related definition,118,28,0.23728813559322035,28,90,7072,76915,84105,118,83987,0.23728813559322035,0.08420350768571326,3.38364127702363,2.21250614203587,5.174687687439868,2.81803148247565,2.0376215543338034,3.8973387473908536,33.774274662950965,6.189190931830272e-09,9.961357826526365,1.4458918016828362,0.8619441819372217,1.930454059570516,2.6001761973349016,1.8926466562043474,3.502203119866229,True,True,True,False,stable
2011,sensitivity_ps_only,zolpidem_primary_suspect_vs_all_other_primary_suspect_drugs_excluding_mixed_zdrug_cases,is_zolpidem_suspect_ps,broad_fall,Broad fall-related definition,149,26,0.174496644295302,26,123,9433,98886,108468,149,108319,0.174496644295302,0.08708536821794884,2.215915584365215,1.4507359487905678,3.3846833954353843,2.003742395147124,1.4123300680128685,2.8428082620650894,13.205594330998716,0.00027911471760819385,12.993611018918022,0.9737158807777798,0.3658291545494068,1.4746499782380937,1.8938336892679823,1.3619150200384276,2.5780770978083805,True,True,True,False,stable
2012,sensitivity_ps_only,zolpidem_primary_suspect_vs_all_other_primary_suspect_drugs_excluding_mixed_zdrug_cases,is_zolpidem_suspect_ps,broad_fall,Broad fall-related definition,162,30,0.18518518518518517,30,132,10222,113469,123853,162,123691,0.18518518518518517,0.08264142096029622,2.5228339944148983,1.6962789253522987,3.7521490529946626,2.24082769915288,1.6214088732733258,3.096880040599317,21.07692785929677,4.412086418975108e-06,13.409638846051367,1.1327242808668878,0.5701664282637419,1.6024640325472164,2.1167335434162875,1.5576040469796728,2.8238395166718466,True,True,True,False,stable
2013,sensitivity_ps_only,zolpidem_primary_suspect_vs_all_other_primary_suspect_drugs_excluding_mixed_zdrug_cases,is_zolpidem_suspect_ps,broad_fall,Broad fall-related definition,206,31,0.15048543689320387,31,175,11705,138596,150507,206,150301,0.15048543689320387,0.07787706003286737,2.097504607310673,1.4309626334560779,3.0745216365739156,1.9323461469872223,1.3962767546991772,2.6742274547002913,14.091826368471418,0.00017409868352155823,16.063146564611614,0.9273750554167759,0.374690591235489,1.390210007834409,1.8461613997533681,1.3653667290606943,2.4519293796684782,False,True,True,False,stable
2014,sensitivity_ps_only,zolpidem_primary_suspect_vs_all_other_primary_suspect_drugs_excluding_mixed_zdrug_cases,is_zolpidem_suspect_ps,broad_fall,Broad fall-related definition,212,30,0.14150943396226415,30,182,13223,160630,174065,212,173853,0.14150943396226415,0.07605850920030141,2.0023801351790462,1.360314563980427,2.9474992857735414,1.8605338896348413,1.3349557102905207,2.5930346061641414,11.981517482345879,0.0005373081131172446,16.141303536035387,0.8740407964971936,0.3114829438940478,1.3437805481775222,1.779407606301916,1.3093818527243875,2.3738280760799633,False,True,True,False,stable
2015,sensitivity_ps_only,zolpidem_primary_suspect_vs_all_other_primary_suspect_drugs_excluding_mixed_zdrug_cases,is_zolpidem_suspect_ps,broad_fall,Broad fall-related definition,251,25,0.099601593625498,25,226,18086,235003,253340,251,253089,0.099601593625498,0.07146102754367041,1.4373497224176721,0.9506696189274146,2.1731779194385927,1.3937889930932026,0.9605922629055407,2.0223437480037174,2.582536901939041,0.10804836870898823,17.943715954843295,0.46736789448745825,-0.1536076281374066,0.9771579563204765,1.3461790527606545,0.9617197946550674,1.8431484220495373,False,False,False,False,stable
2016,sensitivity_ps_only,zolpidem_primary_suspect_vs_all_other_primary_suspect_drugs_excluding_mixed_zdrug_cases,is_zolpidem_suspect_ps,broad_fall,Broad fall-related definition,225,39,0.17333333333333334,39,186,16890,221672,238787,225,238562,0.17333333333333334,0.07079920523805132,2.7519012968162113,1.9478912991928137,3.887773794439609,2.4482384053680684,1.83977149290675,3.2579433438492704,34.33799091124612,4.6325001540907385e-09,15.95155933949503,1.263628318889221,0.7751387061684059,1.6805740722957412,2.3302313348894206,1.7812956666465725,3.005017766361745,True,True,True,False,stable
2017,sensitivity_ps_only,zolpidem_primary_suspect_vs_all_other_primary_suspect_drugs_excluding_mixed_zdrug_cases,is_zolpidem_suspect_ps,broad_fall,Broad fall-related definition,234,18,0.07692307692307693,18,216,18594,237244,256072,234,255838,0.07692307692307693,0.0726788045560081,1.063264135384174,0.6572253091447019,1.7201568562012655,1.0583976634315453,0.6788790864085257,1.6500811946993077,0.015377904480104792,0.9013091949412394,17.007747820925363,0.07953176187363531,-0.6635798431363052,0.6688540502685008,1.0274605921490239,0.6909221694680784,1.4822381219970386,False,False,False,False,stable
2018,sensitivity_ps_only,zolpidem_primary_suspect_vs_all_other_primary_suspect_drugs_excluding_mixed_zdrug_cases,is_zolpidem_suspect_ps,broad_fall,Broad fall-related definition,413,68,0.16464891041162227,68,345,22954,286317,309684,413,309271,0.16464891041162227,0.07421969728813888,2.458547340427547,1.8949021314521475,3.189850771074509,2.218399110042382,1.7845946884663482,2.757653961004509,47.70781374049356,4.947159309876501e-12,30.702541945983647,1.1344404236176098,0.7709901111239009,1.456739584867345,2.1607292049084914,1.7641639997148624,2.624636523352145,True,True,True,False,stable
2019,sensitivity_ps_only,zolpidem_primary_suspect_vs_all_other_primary_suspect_drugs_excluding_mixed_zdrug_cases,is_zolpidem_suspect_ps,broad_fall,Broad fall-related definition,344,52,0.1511627906976744,52,292,21766,270028,292138,344,291794,0.1511627906976744,0.07459372022728362,2.20927952229127,1.644324532249626,2.9683410494021425,2.026481454968171,1.5770507707110322,2.6039916809262857,28.05239821910544,1.1807469707148847e-07,25.69125550253647,1.0032322044850912,0.5842762639673572,1.368439330718653,1.966966057532279,1.559317090566783,2.454576522966422,True,True,True,False,stable
2020,sensitivity_ps_only,zolpidem_primary_suspect_vs_all_other_primary_suspect_drugs_excluding_mixed_zdrug_cases,is_zolpidem_suspect_ps,broad_fall,Broad fall-related definition,268,41,0.15298507462686567,41,227,22417,266732,289417,268,289149,0.15298507462686567,0.07752750312122815,2.149095075932579,1.5405977385933698,2.997933548581371,1.9733006799876693,1.488415856015063,2.616147602770762,20.25837014197703,6.765681174629537e-06,20.796096981172496,0.9625222901338387,0.48694257730029195,1.3700255964345431,1.9040566740947953,1.4653142142423614,2.440685603817659,False,True,True,False,stable
2021,sensitivity_ps_only,zolpidem_primary_suspect_vs_all_other_primary_suspect_drugs_excluding_mixed_zdrug_cases,is_zolpidem_suspect_ps,broad_fall,Broad fall-related definition,217,35,0.16129032258064516,35,182,20854,292276,313347,217,313130,0.16129032258064516,0.06659853734870501,2.695258611150047,1.8766064872788386,3.871040108953372,2.421829802900039,1.7875242360157708,3.281219619873783,29.74688611388488,4.922964132192285e-08,14.466112648278107,1.246119485341463,0.7284124445828818,1.6841679345422749,2.2954167199445243,1.7283700881762405,3.000374835412839,True,True,True,False,stable
2022,sensitivity_ps_only,zolpidem_primary_suspect_vs_all_other_primary_suspect_drugs_excluding_mixed_zdrug_cases,is_zolpidem_suspect_ps,broad_fall,Broad fall-related definition,234,28,0.11965811965811966,28,206,19646,306965,326845,234,326611,0.11965811965811966,0.060151066559301435,2.1237604631096625,1.4306778076015998,3.152602550135988,1.9892933991478223,1.404915062779587,2.8167455334016474,13.604002726431084,0.00022570376936947905,14.085318729061175,0.9664450058687383,0.3824973861231238,1.4510072637564182,1.8893509791143974,1.3752428841870143,2.5447855804383033,False,True,True,False,stable
2023,sensitivity_ps_only,zolpidem_primary_suspect_vs_all_other_primary_suspect_drugs_excluding_mixed_zdrug_cases,is_zolpidem_suspect_ps,broad_fall,Broad fall-related definition,211,28,0.13270142180094788,28,183,18194,274839,293244,211,293033,0.13270142180094788,0.06208857022929158,2.311304213062494,1.5523889973285045,3.441229726900709,2.137292279575528,1.5133090247917087,3.01856277435595,16.84850920886463,4.048511797208901e-05,13.111408929082948,1.0661455100551382,0.4821978903095241,1.5507077679428183,2.0197459980246424,1.4701563353520282,2.7204159252243785,True,True,True,False,stable
2024,sensitivity_ps_only,zolpidem_primary_suspect_vs_all_other_primary_suspect_drugs_excluding_mixed_zdrug_cases,is_zolpidem_suspect_ps,broad_fall,Broad fall-related definition,231,28,0.12121212121212122,28,203,19513,293978,313722,231,313491,0.12121212121212122,0.06224421115757709,2.0780346258992677,1.3993831178072842,3.0858082046913715,1.9473637621539022,1.3757228787410367,2.756533078537281,12.751022795060628,0.00035581453915877544,14.388442633924303,0.9367690667556651,0.3528214470100506,1.421331324643345,1.852134253545068,1.3481531387782753,2.494658003494208,False,True,True,False,stable
2025,sensitivity_ps_only,zolpidem_primary_suspect_vs_all_other_primary_suspect_drugs_excluding_mixed_zdrug_cases,is_zolpidem_suspect_ps,broad_fall,Broad fall-related definition,299,46,0.15384615384615385,46,253,22620,306674,329593,299,329294,0.15384615384615385,0.06869241468110564,2.4650269270958924,1.7999366611910428,3.3758730972716613,2.23963816908114,1.7163300501033738,2.9225026550709234,32.50780745516577,1.1871465033550939e-08,20.562129656879847,1.142579397137101,0.6953578624859705,1.5290816318989602,2.1566003327801515,1.6844293430613764,2.727737311068731,True,True,True,False,stable
