,FALL,CONFUSIONAL STATE,NAUSEA,DIZZINESS,PAIN,ANXIETY,MALAISE,DYSARTHRIA,HEADACHE,MOTOR DYSFUNCTION,MUSCULAR WEAKNESS,HYPOTENSION,FATIGUE,VOMITING,PYREXIA,GASTROINTESTINAL DISORDER,AFFECT LABILITY,PNEUMONIA,COORDINATION ABNORMAL,SYNCOPE,APHASIA,CEREBROVASCULAR ACCIDENT,DYSPHAGIA,EATING DISORDER,CYSTITIS,NASOPHARYNGITIS,MUSCLE SPASTICITY,PSORIASIS,SKIN EXFOLIATION,SNEEZING,ADJUSTMENT DISORDER,CAROTID ARTERY THROMBOSIS,HEMIPARESIS,HEMIPLEGIA,HYPONATRAEMIA,INFLUENZA,INFLUENZA LIKE ILLNESS,NEUROLOGIC NEGLECT SYNDROME,PALPITATIONS,PERSONALITY DISORDER,RESPIRATORY TRACT CONGESTION,RHINORRHOEA,SENSORY LOSS,SINUS CONGESTION,SINUS DISORDER,SKIN HAEMORRHAGE,BLOOD PRESSURE INCREASED,HEAD INJURY,COUGH,DRUG INTERACTION
FALL,0.0,0.0,0.0,0.0,0.0,0.0,0.0,0.0,0.0,0.0,0.0,0.0,0.0,0.0,0.0,0.0,0.0,0.0,0.0,0.0,0.0,0.0,0.0,0.0,0.0,0.0,0.0,0.0,0.0,0.0,0.0,0.0,0.0,0.0,0.0,0.0,0.0,0.0,0.0,0.0,0.0,0.0,0.0,0.0,0.0,0.0,0.0,0.0,0.0,0.0
CONFUSIONAL STATE,0.0,0.0,0.4506221453608615,-0.03140313780257879,0.38362773720308385,0.49240600345336977,0.4165097272923299,0.4796238509704527,0.4631775322486135,0.43028489480493515,0.45057558323559993,-0.12334876792785206,0.5003329168316714,0.47474302751813985,0.505012922652195,0.4312932540684248,0.5715722184819504,0.49705735399410483,0.5203212112736372,0.0,0.5212450593365943,0.5263341538959039,0.5263341538959039,0.5354929073371263,0.531513564460409,0.5222978941465165,0.5275125308483527,0.5275125308483527,0.5275125308483527,0.5275125308483527,0.5328224466911149,0.5328224466911149,0.5328224466911149,0.5328224466911149,0.038164848433723045,0.5328224466911149,0.5328224466911149,0.5328224466911149,0.47682347330348557,0.5328224466911149,0.5328224466911149,0.5328224466911149,0.5328224466911149,0.5328224466911149,0.5328224466911149,0.5328224466911149,0.48186799258743895,-0.10994285420198996,0.49646232838239396,-0.004696179509177701
NAUSEA,0.0,0.4506221453608615,0.0,0.1911846300109785,0.6205020010480848,0.7452830527039132,0.6209598702978666,0.6127984159382428,0.7245093004250144,0.7854425101450716,0.678201145730789,0.1660336761434661,0.6749372180470041,0.7696211082805421,0.7109608249722849,0.7376008500324971,0.7809995696436451,0.6884760986052573,0.69348096619825,0.13805289783544838,0.7045788987241803,0.7102822065193393,0.7215931925551227,0.7102822065193393,0.7160929833333899,0.7160929833333899,0.7220148639649568,0.7220148639649568,0.7220148639649568,0.7220148639649568,0.7280516584018958,0.7280516584018958,0.7280516584018958,0.7280516584018958,0.33615475630341324,0.7280516584018958,0.7280516584018958,0.7280516584018958,0.716525278928411,0.7280516584018958,0.7280516584018958,0.7280516584018958,0.7280516584018958,0.7280516584018958,0.7280516584018958,0.7280516584018958,0.6645995929372461,0.0,0.6704190000362051,0.21498238451009008
DIZZINESS,0.0,-0.03140313780257879,0.1911846300109785,0.0,-0.04334952198277065,0.03379764549999934,-0.025779418644308657,-0.08410968244415482,-0.0011630815324389686,0.11288849472117032,0.02088561506243603,0.19626219961551641,-0.07828177489996468,-0.05487470129670498,-0.05389230038486035,0.03480170358491407,-0.006557024608431035,0.0,0.0,0.28213029651404464,0.0,0.0,0.0,0.0,0.0,0.0,0.0,0.0,0.0,0.0,0.0,0.0,0.0,0.0,0.3127687102580579,0.0,0.0,0.0,-0.04026808293030586,0.0,0.0,0.0,0.0,0.0,0.0,0.0,0.0,-0.05098874277578233,0.0,0.27197816167728867
PAIN,0.0,0.38362773720308385,0.6205020010480848,-0.04334952198277065,0.0,0.7614732730235034,0.6604896024819333,0.651119286711996,0.7571055243111926,0.6723165342318353,0.7086591165254483,-0.054406367164983496,0.7045216673608701,0.769822253321059,0.7528805590551296,0.6349296079845916,0.7124598896092285,0.7291331040890722,0.7341416297275052,-0.06579130793297455,0.7455788930675998,0.751458055245708,0.751458055245708,0.751458055245708,0.7574490009139933,0.7574490009139933,0.7635555147757678,0.7635555147757678,0.7635555147757678,0.7635555147757678,0.7697815640685629,0.7697815640685629,0.7697815640685629,0.7697815640685629,-0.02415082397158652,0.7697815640685629,0.7697815640685629,0.7697815640685629,0.757752285461894,0.7697815640685629,0.7697815640685629,0.7697815640685629,0.7697815640685629,0.7697815640685629,0.7697815640685629,0.7697815640685629,0.7155939965442367,-0.04717615381548833,0.7094848987220231,-0.04613205935891412
ANXIETY,0.0,0.49240600345336977,0.7452830527039132,0.03379764549999934,0.7614732730235034,0.0,0.653990762734316,0.6758384377881878,0.7183939106054344,0.665199569583876,0.7230030679893366,-0.05367225405793913,0.7411660191185412,0.7625340093673234,0.756651159802068,0.6382464804467706,0.82979401918978,0.7213524606467487,0.7610740549637987,0.0,0.7610453057111973,0.7551635054438735,0.7551635054438735,0.7551635054438735,0.761171063272421,0.761171063272421,0.7672945960754889,0.7672945960754889,0.7672945960754889,0.7792927409864607,0.7735380854034888,0.7735380854034888,0.7735380854034888,0.7735380854034888,0.14564040221467744,0.7735380854034888,0.7735380854034888,0.7735380854034888,0.7735380854034888,0.7735380854034888,0.7735380854034888,0.7735380854034888,0.7735380854034888,0.7735380854034888,0.7735380854034888,0.7735380854034888,0.7069850890368229,0.0,0.7252336088742799,0.05238300039191561
MALAISE,0.0,0.4165097272923299,0.6209598702978666,-0.025779418644308657,0.6604896024819333,0.653990762734316,0.0,0.7236287052128831,0.7564398896931044,0.6908175207326618,0.7282221420057741,-0.0035781524928771165,0.734660704656018,0.7790693794884777,0.7844206422418013,0.6626551242649886,0.742564222375008,0.7714791562310012,0.7647418228722211,0.0,0.7764446360849617,0.7946427555199068,0.7946427555199068,0.7824613243700184,0.7885931080496403,0.8008502404366183,0.8071783236215371,0.7948438867079445,0.7948438867079445,0.7948438867079445,0.8012177480865941,0.8012177480865941,0.8012177480865941,0.8012177480865941,-0.018066674711756534,0.8012177480865941,0.8012177480865941,0.8012177480865941,0.7888043477411646,0.8012177480865941,0.8012177480865941,0.8012177480865941,0.8012177480865941,0.8012177480865941,0.8012177480865941,0.8012177480865941,0.732754493728026,-0.041878530489998025,0.738892841327311,0.0
DYSARTHRIA,0.0,0.4796238509704527,0.6127984159382428,-0.08410968244415482,0.651119286711996,0.6758384377881878,0.7236287052128831,0.0,0.7567954696868754,0.7336331334665779,0.7265598493667667,0.0,0.8030649477749595,0.7773627091402561,0.782623194374611,0.7145008634202616,0.798949243439985,0.8045820201709335,0.8727667573446783,0.062016018578334046,0.8343153549065476,0.86639762724223,0.8534988059222528,0.8534988059222528,0.8599850254268808,0.8599850254268808,0.8535376540533838,0.8535376540533838,0.8535376540533838,0.8535376540533838,0.8601991306153156,0.8601991306153156,0.8601991306153156,0.8601991306153156,0.0,0.8601991306153156,0.8601991306153156,0.8601991306153156,0.7813324205914255,0.8601991306153156,0.8601991306153156,0.8601991306153156,0.8601991306153156,0.8601991306153156,0.8601991306153156,0.8601991306153156,0.7876157007179224,0.0,0.8073440311335093,0.0748980735181978
HEADACHE,0.0,0.4631775322486135,0.7245093004250144,-0.0011630815324389686,0.7571055243111926,0.7183939106054344,0.7564398896931044,0.7567954696868754,0.0,0.7452143015767266,0.7963786773896959,-0.03794566444386366,0.8150537367326534,0.8863951292863813,0.8435202260313096,0.7145008634202616,0.798949243439985,0.8045820201709335,0.8220948361717818,0.0,0.8343153549065476,0.8534988059222528,0.8405999846022755,0.8405999846022755,0.847006044664314,0.8599850254268808,0.8535376540533838,0.8535376540533838,0.8535376540533838,0.8535376540533838,0.8601991306153156,0.8601991306153156,0.8601991306153156,0.8601991306153156,-0.020479131318124236,0.8601991306153156,0.8601991306153156,0.8601991306153156,0.8470546789446672,0.8601991306153156,0.8601991306153156,0.8601991306153156,0.8601991306153156,0.8601991306153156,0.8601991306153156,0.8601991306153156,0.8140754683519165,0.0,0.7940268319041399,0.0
MOTOR DYSFUNCTION,0.0,0.43028489480493515,0.7854425101450716,0.11288849472117032,0.6723165342318353,0.665199569583876,0.6908175207326618,0.7336331334665779,0.7452143015767266,0.0,0.7498327920410763,0.1163287775934219,0.7670985809018779,0.7894774224898256,0.7948026007059508,0.8614444502382314,0.798949243439985,0.8045820201709335,0.8220948361717818,0.13802390033767883,0.8343153549065476,0.8405999846022755,0.8405999846022755,0.8405999846022755,0.847006044664314,0.847006044664314,0.8535376540533838,0.8535376540533838,0.8535376540533838,0.8535376540533838,0.8601991306153156,0.8601991306153156,0.8601991306153156,0.8601991306153156,0.09782093371771097,0.8601991306153156,0.8601991306153156,0.8601991306153156,0.7944768722620739,0.8601991306153156,0.8601991306153156,0.8601991306153156,0.8601991306153156,0.8601991306153156,0.8601991306153156,0.8601991306153156,0.7876157007179224,0.0,0.7940268319041399,0.1148496712063057
MUSCULAR WEAKNESS,0.0,0.45057558323559993,0.678201145730789,0.02088561506243603,0.7086591165254483,0.7230030679893366,0.7282221420057741,0.7265598493667667,0.7963786773896959,0.7498327920410763,0.0,-0.02517402021380496,0.80791614970108,0.842941331670086,0.8363080070369272,0.7435112543409754,0.7913025137902344,0.821905649669305,0.8142439788889605,0.0,0.8263565482725648,0.8325856185119545,0.8325856185119545,0.8325856185119545,0.8389350153377167,0.8389350153377167,0.8454088201525269,0.8454088201525269,0.8454088201525269,0.8454088201525269,0.852011311427142,0.852011311427142,0.852011311427142,0.852011311427142,-0.006457988687342535,0.852011311427142,0.852011311427142,0.852011311427142,0.852011311427142,0.852011311427142,0.852011311427142,0.852011311427142,0.852011311427142,0.852011311427142,0.852011311427142,0.852011311427142,0.7922816765753772,-0.045181110344567794,0.7987165657106566,-0.004130982912378031
HYPOTENSION,0.0,-0.12334876792785206,0.1660336761434661,0.19626219961551641,-0.054406367164983496,-0.05367225405793913,-0.0035781524928771165,0.0,-0.03794566444386366,0.1163287775934219,-0.02517402021380496,0.0,0.0,-0.03005304508666571,-0.004176048217967116,0.10981432078553326,0.0,0.0,0.0,0.3150394612269363,0.0,0.0,0.0,0.0,0.0,0.0,0.0,0.0,0.0,0.0,0.0,0.0,0.0,0.0,0.33386229772269954,0.0,0.0,0.0,-0.016336046362867555,0.0,0.0,0.0,0.0,0.0,0.0,0.0,0.0,-0.04238583927233686,0.0,0.20414322121948406
FATIGUE,0.0,0.5003329168316714,0.6749372180470041,-0.07828177489996468,0.7045216673608701,0.7411660191185412,0.734660704656018,0.8030649477749595,0.8150537367326534,0.7670985809018779,0.80791614970108,0.0,0.0,0.8370441635281821,0.8425777771129819,0.7467954238291534,0.8341231828688311,0.8399074305135812,0.871008823594399,0.0,0.8704500175516846,0.9036133281706784,0.8902605087367998,0.8902605087367998,0.8969266185595096,0.8969266185595096,0.8902036628141071,0.8902036628141071,0.8902036628141071,0.9037242013205598,0.8970506866744293,0.8970506866744293,0.8970506866744293,0.8970506866744293,-0.04183888237587107,0.8970506866744293,0.8970506866744293,0.8970506866744293,0.8426223058599192,0.8970506866744293,0.8970506866744293,0.8970506866744293,0.8970506866744293,0.8970506866744293,0.8970506866744293,0.8970506866744293,0.8355589009858655,-0.02725975953430856,0.8560225436131529,0.0
VOMITING,0.0,0.47474302751813985,0.7696211082805421,-0.05487470129670498,0.769822253321059,0.7625340093673234,0.7790693794884777,0.7773627091402561,0.8863951292863813,0.7894774224898256,0.842941331670086,-0.03005304508666571,0.8370441635281821,0.0,0.8917259340665933,0.7567026643388861,0.8449208385176669,0.8507523334798874,0.8688879022960747,0.0,0.8815472220675303,0.8880588183253348,0.9015518892619273,0.8880588183253348,0.894697118260511,0.894697118260511,0.9014664231511491,0.9014664231511491,0.9014664231511491,0.9014664231511491,0.9083712420671435,0.9083712420671435,0.9083712420671435,0.9083712420671435,0.01462010489162403,0.9083712420671435,0.9083712420671435,0.9083712420671435,0.8946212245721356,0.9083712420671435,0.9083712420671435,0.9083712420671435,0.9083712420671435,0.9083712420671435,0.9083712420671435,0.9083712420671435,0.8323799919356153,0.0,0.839022235586127,-0.03861334781558619
PYREXIA,0.0,0.505012922652195,0.7109608249722849,-0.05389230038486035,0.7528805590551296,0.756651159802068,0.7844206422418013,0.782623194374611,0.8435202260313096,0.7948026007059508,0.8363080070369272,-0.004176048217967116,0.8425777771129819,0.8917259340665933,0.0,0.761780624092648,0.8504563981559298,0.8563122436349732,0.8745240962536717,0.0,0.900719694196553,0.8937765230446726,0.8937765230446726,0.8937765230446726,0.9004432468838723,0.9140926714471354,0.9072416385614704,0.9072416385614704,0.9072416385614704,0.9072416385614704,0.9141762303658908,0.9141762303658908,0.9141762303658908,0.9141762303658908,-0.011994454425903665,0.9141762303658908,0.9141762303658908,0.9141762303658908,0.9003527873092969,0.9141762303658908,0.9141762303658908,0.9141762303658908,0.9141762303658908,0.9141762303658908,0.9141762303658908,0.9141762303658908,0.8516853351497525,-0.02485182751282757,0.8444425834338667,0.0
GASTROINTESTINAL DISORDER,0.0,0.4312932540684248,0.7376008500324971,0.03480170358491407,0.6349296079845916,0.6382464804467706,0.6626551242649886,0.7145008634202616,0.7145008634202616,0.8614444502382314,0.7435112543409754,0.10981432078553326,0.7467954238291534,0.7567026643388861,0.761780624092648,0.0,0.7775417971951248,0.8093092824583957,0.7998904961813893,0.08998543343195894,0.811692025269585,0.8177616336078486,0.8177616336078486,0.8177616336078486,0.823948825182162,0.823948825182162,0.8302575896501201,0.8302575896501201,0.8302575896501201,0.8302575896501201,0.8366921093468163,0.8366921093468163,0.8366921093468163,0.8366921093468163,0.10008591229979195,0.8366921093468163,0.8366921093468163,0.8366921093468163,0.8366921093468163,0.8366921093468163,0.8366921093468163,0.8366921093468163,0.8366921093468163,0.8366921093468163,0.8366921093468163,0.8366921093468163,0.8432567714335689,0.0,0.8499561809967929,0.061426675299968356
AFFECT LABILITY,0.0,0.5715722184819504,0.7809995696436451,-0.006557024608431035,0.7124598896092285,0.82979401918978,0.742564222375008,0.798949243439985,0.798949243439985,0.798949243439985,0.7913025137902344,0.0,0.8341231828688311,0.8449208385176669,0.8504563981559298,0.7775417971951248,0.0,0.873574935927795,0.8920252729310787,0.0,0.9049062589609996,0.9115324726067563,0.9115324726067563,0.9115324726067563,0.9182880273426965,0.9182880273426965,0.9251773155492042,0.9251773155492042,0.9251773155492042,0.9251773155492042,0.9322049418466282,0.9322049418466282,0.9322049418466282,0.9322049418466282,0.060977563400361874,0.9322049418466282,0.9322049418466282,0.9322049418466282,0.8478926149002153,0.9322049418466282,0.9322049418466282,0.9322049418466282,0.9322049418466282,0.9322049418466282,0.9322049418466282,0.9322049418466282,0.8545154229596967,0.0,0.8612743898474395,0.04978078068676681
PNEUMONIA,0.0,0.49705735399410483,0.6884760986052573,0.0,0.7291331040890722,0.7213524606467487,0.7714791562310012,0.8045820201709335,0.8045820201709335,0.8045820201709335,0.821905649669305,0.0,0.8399074305135812,0.8507523334798874,0.8563122436349732,0.8093092824583957,0.873574935927795,0.0,0.8980665885757163,0.0,0.9110059226617827,0.9176623027436778,0.9176623027436778,0.9176623027436778,0.9244487155573021,0.9244487155573021,0.9313695773657644,0.9313695773657644,0.9313695773657644,0.9313695773657644,0.9384295178379946,0.9384295178379946,0.9384295178379946,0.9384295178379946,0.0,0.9384295178379946,0.9384295178379946,0.9384295178379946,0.853642443417947,0.9384295178379946,0.9384295178379946,0.9384295178379946,0.9384295178379946,0.9384295178379946,0.9384295178379946,0.9384295178379946,0.8602952469001065,0.0,0.8670849356604204,-0.034879413967723025
COORDINATION ABNORMAL,0.0,0.5203212112736372,0.69348096619825,0.0,0.7341416297275052,0.7610740549637987,0.7647418228722211,0.8727667573446783,0.8220948361717818,0.8220948361717818,0.8142439788889605,0.0,0.871008823594399,0.8688879022960747,0.8745240962536717,0.7998904961813893,0.8920252729310787,0.8980665885757163,0.0,0.0,0.9299813237956065,0.9508414295113387,0.9508414295113387,0.9508414295113387,0.9578121227218084,0.9436151547680964,0.9506348486732092,0.9506348486732092,0.9506348486732092,0.9506348486732092,0.9577959329606239,0.9577959329606239,0.9577959329606239,0.9577959329606239,0.0,0.9577959329606239,0.9577959329606239,0.9577959329606239,0.8715281300177975,0.9577959329606239,0.9577959329606239,0.9577959329606239,0.9577959329606239,0.9577959329606239,0.9577959329606239,0.9577959329606239,0.8782748471007756,0.0,0.8997276430964961,0.0
SYNCOPE,0.0,0.0,0.13805289783544838,0.28213029651404464,-0.06579130793297455,0.0,0.0,0.062016018578334046,0.0,0.13802390033767883,0.0,0.3150394612269363,0.0,0.0,0.0,0.08998543343195894,0.0,0.0,0.0,0.0,0.0,0.0,0.0,0.0,0.0,0.0,0.0,0.0,0.0,0.0,0.0,0.0,0.0,0.0,0.23889757510373652,0.0,0.0,0.0,0.0,0.0,0.0,0.0,0.0,0.0,0.0,0.0,0.0,0.0,0.0,0.4044521633695756
APHASIA,0.0,0.5212450593365943,0.7045788987241803,0.0,0.7455788930675998,0.7610453057111973,0.7764446360849617,0.8343153549065476,0.8343153549065476,0.8343153549065476,0.8263565482725648,0.0,0.8704500175516846,0.8815472220675303,0.900719694196553,0.811692025269585,0.9049062589609996,0.9110059226617827,0.9299813237956065,0.0,0.0,0.9500491961284135,0.9500491961284135,0.9500491961284135,0.9570001816289712,0.9570001816289712,0.9640894159434309,0.9640894159434309,0.9640894159434309,0.9640894159434309,0.9713216617076271,0.9713216617076271,0.9713216617076271,0.9713216617076271,0.0,0.9713216617076271,0.9713216617076271,0.9713216617076271,0.8840165519901974,0.9713216617076271,0.9713216617076271,0.9713216617076271,0.9713216617076271,0.9713216617076271,0.9713216617076271,0.9713216617076271,0.890829367168076,0.0,0.8977829257355527,0.0
CEREBROVASCULAR ACCIDENT,0.0,0.5263341538959039,0.7102822065193393,0.0,0.751458055245708,0.7551635054438735,0.7946427555199068,0.86639762724223,0.8534988059222528,0.8405999846022755,0.8325856185119545,0.0,0.9036133281706784,0.8880588183253348,0.8937765230446726,0.8177616336078486,0.9115324726067563,0.9176623027436778,0.9508414295113387,0.0,0.9500491961284135,0.0,0.971267217630854,0.971267217630854,0.9783426142492578,0.9783426142492578,0.9710121170994734,0.9710121170994734,0.9710121170994734,0.9710121170994734,0.9782811383144797,0.9782811383144797,0.9782811383144797,0.9782811383144797,0.0,0.9782811383144797,0.9782811383144797,0.9782811383144797,0.8904413288050098,0.9782811383144797,0.9782811383144797,0.9782811383144797,0.9782811383144797,0.9782811383144797,0.9782811383144797,0.9782811383144797,0.8972883099242022,0.0,0.9191092249812031,0.0
DYSPHAGIA,0.0,0.5263341538959039,0.7215931925551227,0.0,0.751458055245708,0.7551635054438735,0.7946427555199068,0.8534988059222528,0.8405999846022755,0.8405999846022755,0.8325856185119545,0.0,0.8902605087367998,0.9015518892619273,0.8937765230446726,0.8177616336078486,0.9115324726067563,0.9176623027436778,0.9508414295113387,0.0,0.9500491961284135,0.971267217630854,0.0,0.971267217630854,0.9783426142492578,0.9638869434413136,0.9855589583992932,0.9710121170994734,0.9710121170994734,0.9710121170994734,0.9782811383144797,0.9782811383144797,0.9782811383144797,0.9782811383144797,0.0,0.9782811383144797,0.9782811383144797,0.9782811383144797,0.8904413288050098,0.9782811383144797,0.9782811383144797,0.9782811383144797,0.9782811383144797,0.9782811383144797,0.9782811383144797,0.9782811383144797,0.8972883099242022,0.0,0.9191092249812031,0.0
EATING DISORDER,0.0,0.5354929073371263,0.7102822065193393,0.0,0.751458055245708,0.7551635054438735,0.7824613243700184,0.8534988059222528,0.8405999846022755,0.8405999846022755,0.8325856185119545,0.0,0.8902605087367998,0.8880588183253348,0.8937765230446726,0.8177616336078486,0.9115324726067563,0.9176623027436778,0.9508414295113387,0.0,0.9500491961284135,0.971267217630854,0.971267217630854,0.0,0.9783426142492578,0.9638869434413136,0.9710121170994734,0.9710121170994734,0.9710121170994734,0.9710121170994734,0.9782811383144797,0.9782811383144797,0.9782811383144797,0.9782811383144797,0.0,0.9782811383144797,0.9782811383144797,0.9782811383144797,0.8904413288050098,0.9782811383144797,0.9782811383144797,0.9782811383144797,0.9782811383144797,0.9782811383144797,0.9782811383144797,0.9782811383144797,0.8972883099242022,0.0,0.9191092249812031,0.0
CYSTITIS,0.0,0.531513564460409,0.7160929833333899,0.0,0.7574490009139933,0.761171063272421,0.7885931080496403,0.8599850254268808,0.847006044664314,0.847006044664314,0.8389350153377167,0.0,0.8969266185595096,0.894697118260511,0.9004432468838723,0.823948825182162,0.9182880273426965,0.9244487155573021,0.9578121227218084,0.0,0.9570001816289712,0.9783426142492578,0.9783426142492578,0.9783426142492578,0.0,0.9709089894848408,0.9780709172595412,0.9780709172595412,0.9780709172595412,0.9780709172595412,0.9853775465155181,0.9853775465155181,0.9853775465155181,0.9853775465155181,0.0,0.9853775465155181,0.9853775465155181,0.9853775465155181,0.8969918584336738,0.9853775465155181,0.9853775465155181,0.9853775465155181,0.9853775465155181,0.9853775465155181,0.9853775465155181,0.9853775465155181,0.9038737838733588,0.0,0.9258226564917708,0.0
NASOPHARYNGITIS,0.0,0.5222978941465165,0.7160929833333899,0.0,0.7574490009139933,0.761171063272421,0.8008502404366183,0.8599850254268808,0.8599850254268808,0.847006044664314,0.8389350153377167,0.0,0.8969266185595096,0.894697118260511,0.9140926714471354,0.823948825182162,0.9182880273426965,0.9244487155573021,0.9436151547680964,0.0,0.9570001816289712,0.9783426142492578,0.9638869434413136,0.9638869434413136,0.9709089894848408,0.0,0.9780709172595412,0.9780709172595412,0.9780709172595412,0.9780709172595412,0.9853775465155181,0.9853775465155181,0.9853775465155181,0.9853775465155181,0.0,0.9853775465155181,0.9853775465155181,0.9853775465155181,0.8969918584336738,0.9853775465155181,0.9853775465155181,0.9853775465155181,0.9853775465155181,0.9853775465155181,0.9853775465155181,0.9853775465155181,0.9038737838733588,0.0,0.9108981108012727,0.0
MUSCLE SPASTICITY,0.0,0.5275125308483527,0.7220148639649568,0.0,0.7635555147757678,0.7672945960754889,0.8071783236215371,0.8535376540533838,0.8535376540533838,0.8535376540533838,0.8454088201525269,0.0,0.8902036628141071,0.9014664231511491,0.9072416385614704,0.8302575896501201,0.9251773155492042,0.9313695773657644,0.9506348486732092,0.0,0.9640894159434309,0.9710121170994734,0.9855589583992932,0.9710121170994734,0.9780709172595412,0.9780709172595412,0.0,0.9852704420279621,0.9852704420279621,0.9852704420279621,0.992615540630229,0.992615540630229,0.992615540630229,0.992615540630229,0.0,0.992615540630229,0.992615540630229,0.992615540630229,0.9036724127198056,0.992615540630229,0.992615540630229,0.992615540630229,0.992615540630229,0.992615540630229,0.992615540630229,0.992615540630229,0.910590087720759,0.0,0.9176510201139799,0.0
PSORIASIS,0.0,0.5275125308483527,0.7220148639649568,0.0,0.7635555147757678,0.7672945960754889,0.7948438867079445,0.8535376540533838,0.8535376540533838,0.8535376540533838,0.8454088201525269,0.0,0.8902036628141071,0.9014664231511491,0.9072416385614704,0.8302575896501201,0.9251773155492042,0.9313695773657644,0.9506348486732092,0.0,0.9640894159434309,0.9710121170994734,0.9710121170994734,0.9710121170994734,0.9780709172595412,0.9780709172595412,0.9852704420279621,0.0,0.9852704420279621,0.9852704420279621,0.992615540630229,0.992615540630229,0.992615540630229,0.992615540630229,0.0,0.992615540630229,0.992615540630229,0.992615540630229,0.9036724127198056,0.992615540630229,0.992615540630229,0.992615540630229,0.992615540630229,0.992615540630229,0.992615540630229,0.992615540630229,0.910590087720759,0.0,0.9176510201139799,0.0
SKIN EXFOLIATION,0.0,0.5275125308483527,0.7220148639649568,0.0,0.7635555147757678,0.7672945960754889,0.7948438867079445,0.8535376540533838,0.8535376540533838,0.8535376540533838,0.8454088201525269,0.0,0.8902036628141071,0.9014664231511491,0.9072416385614704,0.8302575896501201,0.9251773155492042,0.9313695773657644,0.9506348486732092,0.0,0.9640894159434309,0.9710121170994734,0.9710121170994734,0.9710121170994734,0.9780709172595412,0.9780709172595412,0.9852704420279621,0.9852704420279621,0.0,0.9852704420279621,0.992615540630229,0.992615540630229,0.992615540630229,0.992615540630229,0.0,0.992615540630229,0.992615540630229,0.992615540630229,0.9036724127198056,0.992615540630229,0.992615540630229,0.992615540630229,0.992615540630229,0.992615540630229,0.992615540630229,0.992615540630229,0.910590087720759,0.0,0.9176510201139799,0.0
SNEEZING,0.0,0.5275125308483527,0.7220148639649568,0.0,0.7635555147757678,0.7792927409864607,0.7948438867079445,0.8535376540533838,0.8535376540533838,0.8535376540533838,0.8454088201525269,0.0,0.9037242013205598,0.9014664231511491,0.9072416385614704,0.8302575896501201,0.9251773155492042,0.9313695773657644,0.9506348486732092,0.0,0.9640894159434309,0.9710121170994734,0.9710121170994734,0.9710121170994734,0.9780709172595412,0.9780709172595412,0.9852704420279621,0.9852704420279621,0.9852704420279621,0.0,0.992615540630229,0.992615540630229,0.992615540630229,0.992615540630229,0.0,0.992615540630229,0.992615540630229,0.992615540630229,0.9184962673715429,0.992615540630229,0.992615540630229,0.992615540630229,0.992615540630229,0.992615540630229,0.992615540630229,0.992615540630229,0.910590087720759,0.0,0.9326696934440528,0.0
ADJUSTMENT DISORDER,0.0,0.5328224466911149,0.7280516584018958,0.0,0.7697815640685629,0.7735380854034888,0.8012177480865941,0.8601991306153156,0.8601991306153156,0.8601991306153156,0.852011311427142,0.0,0.8970506866744293,0.9083712420671435,0.9141762303658908,0.8366921093468163,0.9322049418466282,0.9384295178379946,0.9577959329606239,0.0,0.9713216617076271,0.9782811383144797,0.9782811383144797,0.9782811383144797,0.9853775465155181,0.9853775465155181,0.992615540630229,0.992615540630229,0.992615540630229,0.992615540630229,0.0,1.0,1.0,1.0,0.0,1.0,1.0,1.0,0.9104874699622383,1.0,1.0,1.0,1.0,1.0,1.0,1.0,0.9174417279376275,0.0,0.9245401179418086,0.0
CAROTID ARTERY THROMBOSIS,0.0,0.5328224466911149,0.7280516584018958,0.0,0.7697815640685629,0.7735380854034888,0.8012177480865941,0.8601991306153156,0.8601991306153156,0.8601991306153156,0.852011311427142,0.0,0.8970506866744293,0.9083712420671435,0.9141762303658908,0.8366921093468163,0.9322049418466282,0.9384295178379946,0.9577959329606239,0.0,0.9713216617076271,0.9782811383144797,0.9782811383144797,0.9782811383144797,0.9853775465155181,0.9853775465155181,0.992615540630229,0.992615540630229,0.992615540630229,0.992615540630229,1.0,0.0,1.0,1.0,0.0,1.0,1.0,1.0,0.9104874699622383,1.0,1.0,1.0,1.0,1.0,1.0,1.0,0.9174417279376275,0.0,0.9245401179418086,0.0
HEMIPARESIS,0.0,0.5328224466911149,0.7280516584018958,0.0,0.7697815640685629,0.7735380854034888,0.8012177480865941,0.8601991306153156,0.8601991306153156,0.8601991306153156,0.852011311427142,0.0,0.8970506866744293,0.9083712420671435,0.9141762303658908,0.8366921093468163,0.9322049418466282,0.9384295178379946,0.9577959329606239,0.0,0.9713216617076271,0.9782811383144797,0.9782811383144797,0.9782811383144797,0.9853775465155181,0.9853775465155181,0.992615540630229,0.992615540630229,0.992615540630229,0.992615540630229,1.0,1.0,0.0,1.0,0.0,1.0,1.0,1.0,0.9104874699622383,1.0,1.0,1.0,1.0,1.0,1.0,1.0,0.9174417279376275,0.0,0.9245401179418086,0.0
HEMIPLEGIA,0.0,0.5328224466911149,0.7280516584018958,0.0,0.7697815640685629,0.7735380854034888,0.8012177480865941,0.8601991306153156,0.8601991306153156,0.8601991306153156,0.852011311427142,0.0,0.8970506866744293,0.9083712420671435,0.9141762303658908,0.8366921093468163,0.9322049418466282,0.9384295178379946,0.9577959329606239,0.0,0.9713216617076271,0.9782811383144797,0.9782811383144797,0.9782811383144797,0.9853775465155181,0.9853775465155181,0.992615540630229,0.992615540630229,0.992615540630229,0.992615540630229,1.0,1.0,1.0,0.0,0.0,1.0,1.0,1.0,0.9104874699622383,1.0,1.0,1.0,1.0,1.0,1.0,1.0,0.9174417279376275,0.0,0.9245401179418086,0.0
HYPONATRAEMIA,0.0,0.038164848433723045,0.33615475630341324,0.3127687102580579,-0.02415082397158652,0.14564040221467744,-0.018066674711756534,0.0,-0.020479131318124236,0.09782093371771097,-0.006457988687342535,0.33386229772269954,-0.04183888237587107,0.01462010489162403,-0.011994454425903665,0.10008591229979195,0.060977563400361874,0.0,0.0,0.23889757510373652,0.0,0.0,0.0,0.0,0.0,0.0,0.0,0.0,0.0,0.0,0.0,0.0,0.0,0.0,0.0,0.0,0.0,0.0,0.00044341457832703973,0.0,0.0,0.0,0.0,0.0,0.0,0.0,0.0,0.0,0.0,0.36529174508541284
INFLUENZA,0.0,0.5328224466911149,0.7280516584018958,0.0,0.7697815640685629,0.7735380854034888,0.8012177480865941,0.8601991306153156,0.8601991306153156,0.8601991306153156,0.852011311427142,0.0,0.8970506866744293,0.9083712420671435,0.9141762303658908,0.8366921093468163,0.9322049418466282,0.9384295178379946,0.9577959329606239,0.0,0.9713216617076271,0.9782811383144797,0.9782811383144797,0.9782811383144797,0.9853775465155181,0.9853775465155181,0.992615540630229,0.992615540630229,0.992615540630229,0.992615540630229,1.0,1.0,1.0,1.0,0.0,0.0,1.0,1.0,0.9104874699622383,1.0,1.0,1.0,1.0,1.0,1.0,1.0,0.9174417279376275,0.0,0.9245401179418086,0.0
INFLUENZA LIKE ILLNESS,0.0,0.5328224466911149,0.7280516584018958,0.0,0.7697815640685629,0.7735380854034888,0.8012177480865941,0.8601991306153156,0.8601991306153156,0.8601991306153156,0.852011311427142,0.0,0.8970506866744293,0.9083712420671435,0.9141762303658908,0.8366921093468163,0.9322049418466282,0.9384295178379946,0.9577959329606239,0.0,0.9713216617076271,0.9782811383144797,0.9782811383144797,0.9782811383144797,0.9853775465155181,0.9853775465155181,0.992615540630229,0.992615540630229,0.992615540630229,0.992615540630229,1.0,1.0,1.0,1.0,0.0,1.0,0.0,1.0,0.9104874699622383,1.0,1.0,1.0,1.0,1.0,1.0,1.0,0.9174417279376275,0.0,0.9245401179418086,0.0
NEUROLOGIC NEGLECT SYNDROME,0.0,0.5328224466911149,0.7280516584018958,0.0,0.7697815640685629,0.7735380854034888,0.8012177480865941,0.8601991306153156,0.8601991306153156,0.8601991306153156,0.852011311427142,0.0,0.8970506866744293,0.9083712420671435,0.9141762303658908,0.8366921093468163,0.9322049418466282,0.9384295178379946,0.9577959329606239,0.0,0.9713216617076271,0.9782811383144797,0.9782811383144797,0.9782811383144797,0.9853775465155181,0.9853775465155181,0.992615540630229,0.992615540630229,0.992615540630229,0.992615540630229,1.0,1.0,1.0,1.0,0.0,1.0,1.0,0.0,0.9104874699622383,1.0,1.0,1.0,1.0,1.0,1.0,1.0,0.9174417279376275,0.0,0.9245401179418086,0.0
PALPITATIONS,0.0,0.47682347330348557,0.716525278928411,-0.04026808293030586,0.757752285461894,0.7735380854034888,0.7888043477411646,0.7813324205914255,0.8470546789446672,0.7944768722620739,0.852011311427142,-0.016336046362867555,0.8426223058599192,0.8946212245721356,0.9003527873092969,0.8366921093468163,0.8478926149002153,0.853642443417947,0.8715281300177975,0.0,0.8840165519901974,0.8904413288050098,0.8904413288050098,0.8904413288050098,0.8969918584336738,0.8969918584336738,0.9036724127198056,0.9036724127198056,0.9036724127198056,0.9184962673715429,0.9104874699622383,0.9104874699622383,0.9104874699622383,0.9104874699622383,0.00044341457832703973,0.9104874699622383,0.9104874699622383,0.9104874699622383,0.0,0.9104874699622383,0.9104874699622383,0.9104874699622383,0.9104874699622383,0.9104874699622383,0.9104874699622383,0.9104874699622383,0.9174417279376275,0.0,0.9396549388298193,0.0
PERSONALITY DISORDER,0.0,0.5328224466911149,0.7280516584018958,0.0,0.7697815640685629,0.7735380854034888,0.8012177480865941,0.8601991306153156,0.8601991306153156,0.8601991306153156,0.852011311427142,0.0,0.8970506866744293,0.9083712420671435,0.9141762303658908,0.8366921093468163,0.9322049418466282,0.9384295178379946,0.9577959329606239,0.0,0.9713216617076271,0.9782811383144797,0.9782811383144797,0.9782811383144797,0.9853775465155181,0.9853775465155181,0.992615540630229,0.992615540630229,0.992615540630229,0.992615540630229,1.0,1.0,1.0,1.0,0.0,1.0,1.0,1.0,0.9104874699622383,0.0,1.0,1.0,1.0,1.0,1.0,1.0,0.9174417279376275,0.0,0.9245401179418086,0.0
RESPIRATORY TRACT CONGESTION,0.0,0.5328224466911149,0.7280516584018958,0.0,0.7697815640685629,0.7735380854034888,0.8012177480865941,0.8601991306153156,0.8601991306153156,0.8601991306153156,0.852011311427142,0.0,0.8970506866744293,0.9083712420671435,0.9141762303658908,0.8366921093468163,0.9322049418466282,0.9384295178379946,0.9577959329606239,0.0,0.9713216617076271,0.9782811383144797,0.9782811383144797,0.9782811383144797,0.9853775465155181,0.9853775465155181,0.992615540630229,0.992615540630229,0.992615540630229,0.992615540630229,1.0,1.0,1.0,1.0,0.0,1.0,1.0,1.0,0.9104874699622383,1.0,0.0,1.0,1.0,1.0,1.0,1.0,0.9174417279376275,0.0,0.9245401179418086,0.0
RHINORRHOEA,0.0,0.5328224466911149,0.7280516584018958,0.0,0.7697815640685629,0.7735380854034888,0.8012177480865941,0.8601991306153156,0.8601991306153156,0.8601991306153156,0.852011311427142,0.0,0.8970506866744293,0.9083712420671435,0.9141762303658908,0.8366921093468163,0.9322049418466282,0.9384295178379946,0.9577959329606239,0.0,0.9713216617076271,0.9782811383144797,0.9782811383144797,0.9782811383144797,0.9853775465155181,0.9853775465155181,0.992615540630229,0.992615540630229,0.992615540630229,0.992615540630229,1.0,1.0,1.0,1.0,0.0,1.0,1.0,1.0,0.9104874699622383,1.0,1.0,0.0,1.0,1.0,1.0,1.0,0.9174417279376275,0.0,0.9245401179418086,0.0
SENSORY LOSS,0.0,0.5328224466911149,0.7280516584018958,0.0,0.7697815640685629,0.7735380854034888,0.8012177480865941,0.8601991306153156,0.8601991306153156,0.8601991306153156,0.852011311427142,0.0,0.8970506866744293,0.9083712420671435,0.9141762303658908,0.8366921093468163,0.9322049418466282,0.9384295178379946,0.9577959329606239,0.0,0.9713216617076271,0.9782811383144797,0.9782811383144797,0.9782811383144797,0.9853775465155181,0.9853775465155181,0.992615540630229,0.992615540630229,0.992615540630229,0.992615540630229,1.0,1.0,1.0,1.0,0.0,1.0,1.0,1.0,0.9104874699622383,1.0,1.0,1.0,0.0,1.0,1.0,1.0,0.9174417279376275,0.0,0.9245401179418086,0.0
SINUS CONGESTION,0.0,0.5328224466911149,0.7280516584018958,0.0,0.7697815640685629,0.7735380854034888,0.8012177480865941,0.8601991306153156,0.8601991306153156,0.8601991306153156,0.852011311427142,0.0,0.8970506866744293,0.9083712420671435,0.9141762303658908,0.8366921093468163,0.9322049418466282,0.9384295178379946,0.9577959329606239,0.0,0.9713216617076271,0.9782811383144797,0.9782811383144797,0.9782811383144797,0.9853775465155181,0.9853775465155181,0.992615540630229,0.992615540630229,0.992615540630229,0.992615540630229,1.0,1.0,1.0,1.0,0.0,1.0,1.0,1.0,0.9104874699622383,1.0,1.0,1.0,1.0,0.0,1.0,1.0,0.9174417279376275,0.0,0.9245401179418086,0.0
SINUS DISORDER,0.0,0.5328224466911149,0.7280516584018958,0.0,0.7697815640685629,0.7735380854034888,0.8012177480865941,0.8601991306153156,0.8601991306153156,0.8601991306153156,0.852011311427142,0.0,0.8970506866744293,0.9083712420671435,0.9141762303658908,0.8366921093468163,0.9322049418466282,0.9384295178379946,0.9577959329606239,0.0,0.9713216617076271,0.9782811383144797,0.9782811383144797,0.9782811383144797,0.9853775465155181,0.9853775465155181,0.992615540630229,0.992615540630229,0.992615540630229,0.992615540630229,1.0,1.0,1.0,1.0,0.0,1.0,1.0,1.0,0.9104874699622383,1.0,1.0,1.0,1.0,1.0,0.0,1.0,0.9174417279376275,0.0,0.9245401179418086,0.0
SKIN HAEMORRHAGE,0.0,0.5328224466911149,0.7280516584018958,0.0,0.7697815640685629,0.7735380854034888,0.8012177480865941,0.8601991306153156,0.8601991306153156,0.8601991306153156,0.852011311427142,0.0,0.8970506866744293,0.9083712420671435,0.9141762303658908,0.8366921093468163,0.9322049418466282,0.9384295178379946,0.9577959329606239,0.0,0.9713216617076271,0.9782811383144797,0.9782811383144797,0.9782811383144797,0.9853775465155181,0.9853775465155181,0.992615540630229,0.992615540630229,0.992615540630229,0.992615540630229,1.0,1.0,1.0,1.0,0.0,1.0,1.0,1.0,0.9104874699622383,1.0,1.0,1.0,1.0,1.0,1.0,0.0,0.9174417279376275,0.0,0.9245401179418086,0.0
BLOOD PRESSURE INCREASED,0.0,0.48186799258743895,0.6645995929372461,0.0,0.7155939965442367,0.7069850890368229,0.732754493728026,0.7876157007179224,0.8140754683519165,0.7876157007179224,0.7922816765753772,0.0,0.8355589009858655,0.8323799919356153,0.8516853351497525,0.8432567714335689,0.8545154229596967,0.8602952469001065,0.8782748471007756,0.0,0.890829367168076,0.8972883099242022,0.8972883099242022,0.8972883099242022,0.9038737838733588,0.9038737838733588,0.910590087720759,0.910590087720759,0.910590087720759,0.910590087720759,0.9174417279376275,0.9174417279376275,0.9174417279376275,0.9174417279376275,0.0,0.9174417279376275,0.9174417279376275,0.9174417279376275,0.9174417279376275,0.9174417279376275,0.9174417279376275,0.9174417279376275,0.9174417279376275,0.9174417279376275,0.9174417279376275,0.9174417279376275,0.0,0.0,0.9315701618543277,0.0
HEAD INJURY,0.0,-0.10994285420198996,0.0,-0.05098874277578233,-0.04717615381548833,0.0,-0.041878530489998025,0.0,0.0,0.0,-0.045181110344567794,-0.04238583927233686,-0.02725975953430856,0.0,-0.02485182751282757,0.0,0.0,0.0,0.0,0.0,0.0,0.0,0.0,0.0,0.0,0.0,0.0,0.0,0.0,0.0,0.0,0.0,0.0,0.0,0.0,0.0,0.0,0.0,0.0,0.0,0.0,0.0,0.0,0.0,0.0,0.0,0.0,0.0,0.0,-0.026852581386199934
COUGH,0.0,0.49646232838239396,0.6704190000362051,0.0,0.7094848987220231,0.7252336088742799,0.738892841327311,0.8073440311335093,0.7940268319041399,0.7940268319041399,0.7987165657106566,0.0,0.8560225436131529,0.839022235586127,0.8444425834338667,0.8499561809967929,0.8612743898474395,0.8670849356604204,0.8997276430964961,0.0,0.8977829257355527,0.9191092249812031,0.9191092249812031,0.9191092249812031,0.9258226564917708,0.9108981108012727,0.9176510201139799,0.9176510201139799,0.9176510201139799,0.9326696934440528,0.9245401179418086,0.9245401179418086,0.9245401179418086,0.9245401179418086,0.0,0.9245401179418086,0.9245401179418086,0.9245401179418086,0.9396549388298193,0.9245401179418086,0.9245401179418086,0.9245401179418086,0.9245401179418086,0.9245401179418086,0.9245401179418086,0.9245401179418086,0.9315701618543277,0.0,0.0,0.0
DRUG INTERACTION,0.0,-0.004696179509177701,0.21498238451009008,0.27197816167728867,-0.04613205935891412,0.05238300039191561,0.0,0.0748980735181978,0.0,0.1148496712063057,-0.004130982912378031,0.20414322121948406,0.0,-0.03861334781558619,0.0,0.061426675299968356,0.04978078068676681,-0.034879413967723025,0.0,0.4044521633695756,0.0,0.0,0.0,0.0,0.0,0.0,0.0,0.0,0.0,0.0,0.0,0.0,0.0,0.0,0.36529174508541284,0.0,0.0,0.0,0.0,0.0,0.0,0.0,0.0,0.0,0.0,0.0,0.0,-0.026852581386199934,0.0,0.0
