pt1,pt2,co_count,pt1_case_count,pt2_case_count,jaccard,lift,phi,community_id_pt1,community_id_pt2,same_community
ANXIETY,NAUSEA,94,115,128,0.6308724832214765,6.75625,0.7457550997242676,2,2,True
ANXIETY,PAIN,91,115,116,0.65,7.2172413793103445,0.7618936357660664,2,2,True
MOTOR DYSFUNCTION,NAUSEA,89,95,128,0.664179104477612,7.74358552631579,0.7857837430017276,1,2,False
ANXIETY,CONFUSIONAL STATE,89,115,221,0.3603238866396761,3.704977375565611,0.4853892108432358,2,2,True
CONFUSIONAL STATE,NAUSEA,89,221,128,0.3423076923076923,3.3286906108597285,0.4439240873634768,2,2,True
NAUSEA,VOMITING,83,128,86,0.6335877862595419,7.977289244186046,0.7699567501823535,2,2,True
HEADACHE,NAUSEA,83,95,128,0.5928571428571429,7.221546052631579,0.7249540656697727,2,2,True
AFFECT LABILITY,ANXIETY,82,82,115,0.7130434782608696,9.2,0.8300207384333889,1,2,False
AFFECT LABILITY,NAUSEA,82,82,128,0.640625,8.265625,0.7813012278286509,1,2,False
HEADACHE,PAIN,82,95,116,0.6356589147286822,7.872595281306715,0.7574831419240721,2,2,True
AFFECT LABILITY,CONFUSIONAL STATE,82,82,221,0.37104072398190047,4.787330316742081,0.5640902711344847,1,2,False
HEADACHE,VOMITING,81,95,86,0.81,10.489351285189718,0.8865460032972953,2,2,True
NAUSEA,PAIN,81,128,116,0.49693251533742333,5.771686422413793,0.62121073129263,2,2,True
PAIN,VOMITING,79,116,86,0.6422764227642277,8.378307939053729,0.7701519391220886,2,2,True
HEADACHE,MALAISE,79,95,108,0.6370967741935484,8.146393762183235,0.7568079335413193,2,2,True
GASTROINTESTINAL DISORDER,NAUSEA,79,84,128,0.5939849624060151,7.773623511904762,0.7379802331688496,1,2,False
GASTROINTESTINAL DISORDER,MOTOR DYSFUNCTION,78,84,95,0.7722772277227723,10.341353383458646,0.8616256624956538,1,1,True
ANXIETY,VOMITING,78,115,86,0.6341463414634146,8.344186046511627,0.7628740410719823,2,2,True
ANXIETY,MUSCULAR WEAKNESS,78,115,94,0.5954198473282443,7.634042553191489,0.7234303697452343,2,2,True
ANXIETY,HEADACHE,78,115,95,0.5909090909090909,7.553684210526316,0.7188317380537477,2,2,True
MUSCULAR WEAKNESS,NAUSEA,78,94,128,0.5416666666666666,6.858710106382978,0.6787204420615739,2,2,True
MALAISE,PAIN,78,108,116,0.5342465753424658,6.587164750957855,0.6610664186147583,2,2,True
MALAISE,NAUSEA,78,108,128,0.4936708860759494,5.969618055555555,0.6216366302555355,2,2,True
CONFUSIONAL STATE,DYSARTHRIA,78,221,95,0.3277310924369748,3.930650154798762,0.47298355887908167,2,1,False
PYREXIA,VOMITING,77,85,86,0.8191489361702128,11.144459644322845,0.8918628103000306,2,2,True
HEADACHE,PYREXIA,77,95,85,0.7475728155339806,10.088668730650156,0.8437270562509124,2,2,True
MUSCULAR WEAKNESS,VOMITING,77,94,86,0.7475728155339806,10.077436912419595,0.8431498018509077,2,2,True
HEADACHE,MUSCULAR WEAKNESS,77,95,94,0.6875,9.122732362821948,0.7966658715228064,2,2,True
MALAISE,PYREXIA,77,108,85,0.6637931034482759,8.874291938997821,0.7847198346627785,2,2,True
MALAISE,VOMITING,77,108,86,0.6581196581196581,8.771102497846684,0.7793791896490025,2,2,True
ANXIETY,PYREXIA,77,115,85,0.6260162601626016,8.334117647058823,0.7569967043355019,2,2,True
PAIN,PYREXIA,77,116,85,0.6209677419354839,8.262271805273834,0.7532325602895245,2,2,True
ANXIETY,FATIGUE,77,115,88,0.6111111111111112,8.05,0.741545254075631,2,1,False
MUSCULAR WEAKNESS,PAIN,77,94,116,0.5789473684210527,7.471203228173147,0.7091106240573907,2,2,True
NAUSEA,PYREXIA,77,128,85,0.5661764705882353,7.487683823529411,0.7113874998372821,2,2,True
ANXIETY,MALAISE,77,115,108,0.5273972602739726,6.559259259259259,0.6545759986668573,2,2,True
CONFUSIONAL STATE,FATIGUE,77,221,88,0.33189655172413796,4.1889140271493215,0.49355060390777283,2,1,False
COORDINATION ABNORMAL,DYSARTHRIA,76,78,95,0.7835051546391752,10.851282051282052,0.8729224764686863,1,1,True
MUSCULAR WEAKNESS,PYREXIA,76,94,85,0.7378640776699029,10.063579474342928,0.8365236038824844,2,2,True
FATIGUE,HEADACHE,76,88,95,0.7102803738317757,9.618181818181819,0.8153043889082547,1,2,False
MALAISE,MUSCULAR WEAKNESS,76,108,94,0.6031746031746031,7.920409771473602,0.7286304145186485,2,2,True
DYSARTHRIA,MALAISE,76,95,108,0.5984251968503937,7.837037037037037,0.7240468470862287,1,2,False
CONFUSIONAL STATE,PYREXIA,76,221,85,0.33043478260869563,4.280436518498802,0.49821647936824176,2,2,True
CONFUSIONAL STATE,HEADACHE,76,221,95,0.31666666666666665,3.8298642533936653,0.45671751830328594,2,2,True
CONFUSIONAL STATE,MALAISE,76,221,108,0.30039525691699603,3.3688620747444276,0.4104150309742114,2,2,True
FATIGUE,MUSCULAR WEAKNESS,75,88,94,0.7009345794392523,9.592601547388782,0.8081752609501722,1,2,False
DYSARTHRIA,FATIGUE,75,95,88,0.6944444444444444,9.491626794258373,0.8033319255024013,1,1,True
FATIGUE,NAUSEA,75,88,128,0.5319148936170213,7.044566761363637,0.6754359281717972,1,2,False
CONFUSIONAL STATE,PAIN,75,221,116,0.2862595419847328,3.0952566703073803,0.3778106387043831,2,2,True
CEREBROVASCULAR ACCIDENT,FATIGUE,74,75,88,0.8314606741573034,11.862424242424243,0.9037245959726566,1,1,True
CEREBROVASCULAR ACCIDENT,DYSARTHRIA,74,75,95,0.7708333333333334,10.988350877192982,0.8665553781363599,1,1,True
FATIGUE,PYREXIA,74,88,85,0.7474747474747475,10.466844919786096,0.842779133854594,1,2,False
FATIGUE,VOMITING,74,88,86,0.74,10.345137420718816,0.8372540445644265,1,2,False
MALAISE,PNEUMONIA,74,108,81,0.6434782608695652,8.949702789208962,0.7717847535661397,2,1,False
DYSARTHRIA,HEADACHE,74,95,95,0.6379310344827587,8.675013850415512,0.7571405148384981,1,2,False
ANXIETY,COORDINATION ABNORMAL,74,115,78,0.6218487394957983,8.728205128205127,0.7613879132317423,2,1,False
FATIGUE,MALAISE,74,88,108,0.6065573770491803,8.237794612794612,0.7350413971199881,1,2,False
FATIGUE,PAIN,74,88,116,0.5692307692307692,7.669670846394984,0.7049582767040107,1,2,False
ANXIETY,DYSARTHRIA,74,115,95,0.5441176470588235,7.166315789473685,0.6763437715256753,2,1,False
MOTOR DYSFUNCTION,PAIN,74,95,116,0.5401459854014599,7.1045372050816695,0.6728293799978369,1,2,False
CONFUSIONAL STATE,EATING DISORDER,74,221,75,0.3333333333333333,4.723499245852187,0.52849216214508,2,1,False
CONFUSIONAL STATE,COORDINATION ABNORMAL,74,221,78,0.3288888888888889,4.541826197934795,0.5134461684527896,2,1,False
CONFUSIONAL STATE,MUSCULAR WEAKNESS,74,221,94,0.3070539419087137,3.7687493982863196,0.4442653752162629,2,2,True
DYSPHAGIA,MUSCLE SPASTICITY,73,75,73,0.9733333333333334,14.106666666666667,0.9855744629385524,1,1,True
CEREBROVASCULAR ACCIDENT,CYSTITIS,73,75,74,0.9605263157894737,13.916036036036036,0.9783661795493205,1,1,True
CEREBROVASCULAR ACCIDENT,NASOPHARYNGITIS,73,75,74,0.9605263157894737,13.916036036036036,0.9783661795493205,1,1,True
CYSTITIS,DYSPHAGIA,73,74,75,0.9605263157894737,13.916036036036036,0.9783661795493205,1,1,True
CYSTITIS,EATING DISORDER,73,74,75,0.9605263157894737,13.916036036036036,0.9783661795493205,1,1,True
CEREBROVASCULAR ACCIDENT,DYSPHAGIA,73,75,75,0.948051948051948,13.730488888888889,0.9712987453374025,1,1,True
CEREBROVASCULAR ACCIDENT,EATING DISORDER,73,75,75,0.948051948051948,13.730488888888889,0.9712987453374025,1,1,True
DYSPHAGIA,EATING DISORDER,73,75,75,0.948051948051948,13.730488888888889,0.9712987453374025,1,1,True
COORDINATION ABNORMAL,CYSTITIS,73,78,74,0.9240506329113924,13.380803880803882,0.9578586341341415,1,1,True
CEREBROVASCULAR ACCIDENT,COORDINATION ABNORMAL,73,75,78,0.9125,13.202393162393163,0.950896283888048,1,1,True
COORDINATION ABNORMAL,DYSPHAGIA,73,78,75,0.9125,13.202393162393163,0.950896283888048,1,1,True
COORDINATION ABNORMAL,EATING DISORDER,73,78,75,0.9125,13.202393162393163,0.950896283888048,1,1,True
NASOPHARYNGITIS,PYREXIA,73,74,85,0.8488372093023255,12.278855325914149,0.9141898168141431,1,2,False
APHASIA,PYREXIA,73,76,85,0.8295454545454546,11.955727554179566,0.9008351395741403,1,2,False
DYSPHAGIA,VOMITING,73,75,86,0.8295454545454546,11.974263565891473,0.9016652912770183,1,2,False
FATIGUE,SNEEZING,73,88,73,0.8295454545454546,12.022727272727273,0.903832275728646,1,1,True
CYSTITIS,FATIGUE,73,74,88,0.8202247191011236,11.860257985257986,0.8970443633639709,1,1,True
FATIGUE,NASOPHARYNGITIS,73,88,74,0.8202247191011236,11.860257985257986,0.8970443633639709,1,1,True
DYSPHAGIA,FATIGUE,73,75,88,0.8111111111111111,11.702121212121211,0.8903878133115637,1,1,True
EATING DISORDER,FATIGUE,73,75,88,0.8111111111111111,11.702121212121211,0.8903878133115637,1,1,True
COORDINATION ABNORMAL,FATIGUE,73,78,88,0.7849462365591398,11.252039627039627,0.8711641771310923,1,1,True
CYSTITIS,DYSARTHRIA,73,74,95,0.7604166666666666,10.986344238975818,0.8601486306071312,1,1,True
DYSARTHRIA,NASOPHARYNGITIS,73,95,74,0.7604166666666666,10.986344238975818,0.8601486306071312,1,1,True
HEADACHE,NASOPHARYNGITIS,73,95,74,0.7604166666666666,10.986344238975818,0.8601486306071312,2,1,False
CEREBROVASCULAR ACCIDENT,HEADACHE,73,75,95,0.7525773195876289,10.839859649122808,0.8536727838149992,1,2,False
DYSARTHRIA,DYSPHAGIA,73,95,75,0.7525773195876289,10.839859649122808,0.8536727838149992,1,1,True
DYSARTHRIA,EATING DISORDER,73,95,75,0.7525773195876289,10.839859649122808,0.8536727838149992,1,1,True
MUSCULAR WEAKNESS,PNEUMONIA,73,94,81,0.7156862745098039,10.143682689781981,0.8221324377394631,2,1,False
MOTOR DYSFUNCTION,PYREXIA,73,95,85,0.6822429906542056,9.564582043343654,0.7950745933868846,1,2,False
MALAISE,MUSCLE SPASTICITY,73,108,73,0.6759259259259259,9.796296296296296,0.8074083560572656,2,1,False
MOTOR DYSFUNCTION,VOMITING,73,95,86,0.6759259259259259,9.453365973072215,0.7897587087468321,1,2,False
MALAISE,NASOPHARYNGITIS,73,108,74,0.6697247706422018,9.663913913913914,0.8010922203025141,2,1,False
CEREBROVASCULAR ACCIDENT,MALAISE,73,75,108,0.6636363636363637,9.535061728395062,0.7948965540892846,1,2,False
DYSPHAGIA,MALAISE,73,75,108,0.6636363636363637,9.535061728395062,0.7948965540892846,1,2,False
ANXIETY,SNEEZING,73,115,73,0.6347826086956522,9.2,0.7795612458560321,2,1,False
MOTOR DYSFUNCTION,MUSCULAR WEAKNESS,73,95,94,0.6293103448275862,8.648824188129899,0.7501856414538128,1,2,False
HEADACHE,MOTOR DYSFUNCTION,73,95,95,0.6239316239316239,8.557783933518005,0.7455757774498551,2,1,False
ANXIETY,APHASIA,73,115,76,0.6186440677966102,8.836842105263157,0.7613515265461555,2,1,False
PAIN,PNEUMONIA,73,116,81,0.5887096774193549,8.21988080034057,0.7295058825070593,2,1,False
DYSPHAGIA,NAUSEA,73,75,128,0.5615384615384615,8.045208333333333,0.7219568201923414,1,2,False
MALAISE,MOTOR DYSFUNCTION,73,108,95,0.5615384615384615,7.527680311890839,0.6912857606311382,2,1,False
NAUSEA,PNEUMONIA,73,128,81,0.5367647058823529,7.449266975308642,0.6889204769573595,2,1,False
ANXIETY,MOTOR DYSFUNCTION,73,115,95,0.5328467153284672,7.069473684210526,0.6657217798936571,2,1,False
CONFUSIONAL STATE,CYSTITIS,73,221,74,0.32882882882882886,4.722636663813135,0.5245686943553227,2,1,False
CEREBROVASCULAR ACCIDENT,CONFUSIONAL STATE,73,75,221,0.3273542600896861,4.659668174962293,0.5194323454406146,1,2,False
CONFUSIONAL STATE,DYSPHAGIA,73,221,75,0.3273542600896861,4.659668174962293,0.5194323454406146,2,1,False
APHASIA,CONFUSIONAL STATE,73,76,221,0.32589285714285715,4.598356751607525,0.5143854534394467,1,2,False
CONFUSIONAL STATE,PNEUMONIA,73,221,81,0.31877729257641924,4.31450756940953,0.49039682595105644,2,1,False
CONFUSIONAL STATE,VOMITING,73,221,86,0.31196581196581197,4.063664106071767,0.4682638692936723,2,2,True
ADJUSTMENT DISORDER,CAROTID ARTERY THROMBOSIS,72,72,72,1.0,14.694444444444445,1.0,1,1,True
ADJUSTMENT DISORDER,HEMIPARESIS,72,72,72,1.0,14.694444444444445,1.0,1,1,True
ADJUSTMENT DISORDER,HEMIPLEGIA,72,72,72,1.0,14.694444444444445,1.0,1,1,True
ADJUSTMENT DISORDER,INFLUENZA,72,72,72,1.0,14.694444444444445,1.0,1,1,True
ADJUSTMENT DISORDER,INFLUENZA LIKE ILLNESS,72,72,72,1.0,14.694444444444445,1.0,1,1,True
ADJUSTMENT DISORDER,NEUROLOGIC NEGLECT SYNDROME,72,72,72,1.0,14.694444444444445,1.0,1,1,True
ADJUSTMENT DISORDER,PERSONALITY DISORDER,72,72,72,1.0,14.694444444444445,1.0,1,1,True
ADJUSTMENT DISORDER,RESPIRATORY TRACT CONGESTION,72,72,72,1.0,14.694444444444445,1.0,1,1,True
ADJUSTMENT DISORDER,RHINORRHOEA,72,72,72,1.0,14.694444444444445,1.0,1,1,True
ADJUSTMENT DISORDER,SENSORY LOSS,72,72,72,1.0,14.694444444444445,1.0,1,1,True
ADJUSTMENT DISORDER,SINUS CONGESTION,72,72,72,1.0,14.694444444444445,1.0,1,1,True
ADJUSTMENT DISORDER,SINUS DISORDER,72,72,72,1.0,14.694444444444445,1.0,1,1,True
ADJUSTMENT DISORDER,SKIN HAEMORRHAGE,72,72,72,1.0,14.694444444444445,1.0,1,1,True
CAROTID ARTERY THROMBOSIS,HEMIPARESIS,72,72,72,1.0,14.694444444444445,1.0,1,1,True
CAROTID ARTERY THROMBOSIS,HEMIPLEGIA,72,72,72,1.0,14.694444444444445,1.0,1,1,True
CAROTID ARTERY THROMBOSIS,INFLUENZA,72,72,72,1.0,14.694444444444445,1.0,1,1,True
CAROTID ARTERY THROMBOSIS,INFLUENZA LIKE ILLNESS,72,72,72,1.0,14.694444444444445,1.0,1,1,True
CAROTID ARTERY THROMBOSIS,NEUROLOGIC NEGLECT SYNDROME,72,72,72,1.0,14.694444444444445,1.0,1,1,True
CAROTID ARTERY THROMBOSIS,PERSONALITY DISORDER,72,72,72,1.0,14.694444444444445,1.0,1,1,True
CAROTID ARTERY THROMBOSIS,RESPIRATORY TRACT CONGESTION,72,72,72,1.0,14.694444444444445,1.0,1,1,True
CAROTID ARTERY THROMBOSIS,RHINORRHOEA,72,72,72,1.0,14.694444444444445,1.0,1,1,True
CAROTID ARTERY THROMBOSIS,SENSORY LOSS,72,72,72,1.0,14.694444444444445,1.0,1,1,True
CAROTID ARTERY THROMBOSIS,SINUS CONGESTION,72,72,72,1.0,14.694444444444445,1.0,1,1,True
CAROTID ARTERY THROMBOSIS,SINUS DISORDER,72,72,72,1.0,14.694444444444445,1.0,1,1,True
CAROTID ARTERY THROMBOSIS,SKIN HAEMORRHAGE,72,72,72,1.0,14.694444444444445,1.0,1,1,True
HEMIPARESIS,HEMIPLEGIA,72,72,72,1.0,14.694444444444445,1.0,1,1,True
HEMIPARESIS,INFLUENZA,72,72,72,1.0,14.694444444444445,1.0,1,1,True
HEMIPARESIS,INFLUENZA LIKE ILLNESS,72,72,72,1.0,14.694444444444445,1.0,1,1,True
HEMIPARESIS,NEUROLOGIC NEGLECT SYNDROME,72,72,72,1.0,14.694444444444445,1.0,1,1,True
HEMIPARESIS,PERSONALITY DISORDER,72,72,72,1.0,14.694444444444445,1.0,1,1,True
HEMIPARESIS,RESPIRATORY TRACT CONGESTION,72,72,72,1.0,14.694444444444445,1.0,1,1,True
HEMIPARESIS,RHINORRHOEA,72,72,72,1.0,14.694444444444445,1.0,1,1,True
HEMIPARESIS,SENSORY LOSS,72,72,72,1.0,14.694444444444445,1.0,1,1,True
HEMIPARESIS,SINUS CONGESTION,72,72,72,1.0,14.694444444444445,1.0,1,1,True
HEMIPARESIS,SINUS DISORDER,72,72,72,1.0,14.694444444444445,1.0,1,1,True
HEMIPARESIS,SKIN HAEMORRHAGE,72,72,72,1.0,14.694444444444445,1.0,1,1,True
HEMIPLEGIA,INFLUENZA,72,72,72,1.0,14.694444444444445,1.0,1,1,True
HEMIPLEGIA,INFLUENZA LIKE ILLNESS,72,72,72,1.0,14.694444444444445,1.0,1,1,True
HEMIPLEGIA,NEUROLOGIC NEGLECT SYNDROME,72,72,72,1.0,14.694444444444445,1.0,1,1,True
HEMIPLEGIA,PERSONALITY DISORDER,72,72,72,1.0,14.694444444444445,1.0,1,1,True
HEMIPLEGIA,RESPIRATORY TRACT CONGESTION,72,72,72,1.0,14.694444444444445,1.0,1,1,True
HEMIPLEGIA,RHINORRHOEA,72,72,72,1.0,14.694444444444445,1.0,1,1,True
HEMIPLEGIA,SENSORY LOSS,72,72,72,1.0,14.694444444444445,1.0,1,1,True
HEMIPLEGIA,SINUS CONGESTION,72,72,72,1.0,14.694444444444445,1.0,1,1,True
HEMIPLEGIA,SINUS DISORDER,72,72,72,1.0,14.694444444444445,1.0,1,1,True
HEMIPLEGIA,SKIN HAEMORRHAGE,72,72,72,1.0,14.694444444444445,1.0,1,1,True
INFLUENZA,INFLUENZA LIKE ILLNESS,72,72,72,1.0,14.694444444444445,1.0,1,1,True
INFLUENZA,NEUROLOGIC NEGLECT SYNDROME,72,72,72,1.0,14.694444444444445,1.0,1,1,True
INFLUENZA,PERSONALITY DISORDER,72,72,72,1.0,14.694444444444445,1.0,1,1,True
INFLUENZA,RESPIRATORY TRACT CONGESTION,72,72,72,1.0,14.694444444444445,1.0,1,1,True
INFLUENZA,RHINORRHOEA,72,72,72,1.0,14.694444444444445,1.0,1,1,True
INFLUENZA,SENSORY LOSS,72,72,72,1.0,14.694444444444445,1.0,1,1,True
INFLUENZA,SINUS CONGESTION,72,72,72,1.0,14.694444444444445,1.0,1,1,True
INFLUENZA,SINUS DISORDER,72,72,72,1.0,14.694444444444445,1.0,1,1,True
INFLUENZA,SKIN HAEMORRHAGE,72,72,72,1.0,14.694444444444445,1.0,1,1,True
INFLUENZA LIKE ILLNESS,NEUROLOGIC NEGLECT SYNDROME,72,72,72,1.0,14.694444444444445,1.0,1,1,True
INFLUENZA LIKE ILLNESS,PERSONALITY DISORDER,72,72,72,1.0,14.694444444444445,1.0,1,1,True
INFLUENZA LIKE ILLNESS,RESPIRATORY TRACT CONGESTION,72,72,72,1.0,14.694444444444445,1.0,1,1,True
INFLUENZA LIKE ILLNESS,RHINORRHOEA,72,72,72,1.0,14.694444444444445,1.0,1,1,True
INFLUENZA LIKE ILLNESS,SENSORY LOSS,72,72,72,1.0,14.694444444444445,1.0,1,1,True
INFLUENZA LIKE ILLNESS,SINUS CONGESTION,72,72,72,1.0,14.694444444444445,1.0,1,1,True
INFLUENZA LIKE ILLNESS,SINUS DISORDER,72,72,72,1.0,14.694444444444445,1.0,1,1,True
INFLUENZA LIKE ILLNESS,SKIN HAEMORRHAGE,72,72,72,1.0,14.694444444444445,1.0,1,1,True
NEUROLOGIC NEGLECT SYNDROME,PERSONALITY DISORDER,72,72,72,1.0,14.694444444444445,1.0,1,1,True
NEUROLOGIC NEGLECT SYNDROME,RESPIRATORY TRACT CONGESTION,72,72,72,1.0,14.694444444444445,1.0,1,1,True
NEUROLOGIC NEGLECT SYNDROME,RHINORRHOEA,72,72,72,1.0,14.694444444444445,1.0,1,1,True
NEUROLOGIC NEGLECT SYNDROME,SENSORY LOSS,72,72,72,1.0,14.694444444444445,1.0,1,1,True
NEUROLOGIC NEGLECT SYNDROME,SINUS CONGESTION,72,72,72,1.0,14.694444444444445,1.0,1,1,True
NEUROLOGIC NEGLECT SYNDROME,SINUS DISORDER,72,72,72,1.0,14.694444444444445,1.0,1,1,True
NEUROLOGIC NEGLECT SYNDROME,SKIN HAEMORRHAGE,72,72,72,1.0,14.694444444444445,1.0,1,1,True
PERSONALITY DISORDER,RESPIRATORY TRACT CONGESTION,72,72,72,1.0,14.694444444444445,1.0,1,1,True
PERSONALITY DISORDER,RHINORRHOEA,72,72,72,1.0,14.694444444444445,1.0,1,1,True
PERSONALITY DISORDER,SENSORY LOSS,72,72,72,1.0,14.694444444444445,1.0,1,1,True
PERSONALITY DISORDER,SINUS CONGESTION,72,72,72,1.0,14.694444444444445,1.0,1,1,True
PERSONALITY DISORDER,SINUS DISORDER,72,72,72,1.0,14.694444444444445,1.0,1,1,True
PERSONALITY DISORDER,SKIN HAEMORRHAGE,72,72,72,1.0,14.694444444444445,1.0,1,1,True
RESPIRATORY TRACT CONGESTION,RHINORRHOEA,72,72,72,1.0,14.694444444444445,1.0,1,1,True
RESPIRATORY TRACT CONGESTION,SENSORY LOSS,72,72,72,1.0,14.694444444444445,1.0,1,1,True
RESPIRATORY TRACT CONGESTION,SINUS CONGESTION,72,72,72,1.0,14.694444444444445,1.0,1,1,True
RESPIRATORY TRACT CONGESTION,SINUS DISORDER,72,72,72,1.0,14.694444444444445,1.0,1,1,True
RESPIRATORY TRACT CONGESTION,SKIN HAEMORRHAGE,72,72,72,1.0,14.694444444444445,1.0,1,1,True
RHINORRHOEA,SENSORY LOSS,72,72,72,1.0,14.694444444444445,1.0,1,1,True
RHINORRHOEA,SINUS CONGESTION,72,72,72,1.0,14.694444444444445,1.0,1,1,True
RHINORRHOEA,SINUS DISORDER,72,72,72,1.0,14.694444444444445,1.0,1,1,True
RHINORRHOEA,SKIN HAEMORRHAGE,72,72,72,1.0,14.694444444444445,1.0,1,1,True
SENSORY LOSS,SINUS CONGESTION,72,72,72,1.0,14.694444444444445,1.0,1,1,True
SENSORY LOSS,SINUS DISORDER,72,72,72,1.0,14.694444444444445,1.0,1,1,True
SENSORY LOSS,SKIN HAEMORRHAGE,72,72,72,1.0,14.694444444444445,1.0,1,1,True
SINUS CONGESTION,SINUS DISORDER,72,72,72,1.0,14.694444444444445,1.0,1,1,True
SINUS CONGESTION,SKIN HAEMORRHAGE,72,72,72,1.0,14.694444444444445,1.0,1,1,True
SINUS DISORDER,SKIN HAEMORRHAGE,72,72,72,1.0,14.694444444444445,1.0,1,1,True
ADJUSTMENT DISORDER,MUSCLE SPASTICITY,72,72,73,0.9863013698630136,14.493150684931507,0.9926233244358432,1,1,True
ADJUSTMENT DISORDER,PSORIASIS,72,72,73,0.9863013698630136,14.493150684931507,0.9926233244358432,1,1,True
ADJUSTMENT DISORDER,SKIN EXFOLIATION,72,72,73,0.9863013698630136,14.493150684931507,0.9926233244358432,1,1,True
ADJUSTMENT DISORDER,SNEEZING,72,72,73,0.9863013698630136,14.493150684931507,0.9926233244358432,1,1,True
CAROTID ARTERY THROMBOSIS,MUSCLE SPASTICITY,72,72,73,0.9863013698630136,14.493150684931507,0.9926233244358432,1,1,True
CAROTID ARTERY THROMBOSIS,PSORIASIS,72,72,73,0.9863013698630136,14.493150684931507,0.9926233244358432,1,1,True
CAROTID ARTERY THROMBOSIS,SKIN EXFOLIATION,72,72,73,0.9863013698630136,14.493150684931507,0.9926233244358432,1,1,True
CAROTID ARTERY THROMBOSIS,SNEEZING,72,72,73,0.9863013698630136,14.493150684931507,0.9926233244358432,1,1,True
HEMIPARESIS,MUSCLE SPASTICITY,72,72,73,0.9863013698630136,14.493150684931507,0.9926233244358432,1,1,True
HEMIPARESIS,PSORIASIS,72,72,73,0.9863013698630136,14.493150684931507,0.9926233244358432,1,1,True
HEMIPARESIS,SKIN EXFOLIATION,72,72,73,0.9863013698630136,14.493150684931507,0.9926233244358432,1,1,True
HEMIPARESIS,SNEEZING,72,72,73,0.9863013698630136,14.493150684931507,0.9926233244358432,1,1,True
HEMIPLEGIA,MUSCLE SPASTICITY,72,72,73,0.9863013698630136,14.493150684931507,0.9926233244358432,1,1,True
HEMIPLEGIA,PSORIASIS,72,72,73,0.9863013698630136,14.493150684931507,0.9926233244358432,1,1,True
HEMIPLEGIA,SKIN EXFOLIATION,72,72,73,0.9863013698630136,14.493150684931507,0.9926233244358432,1,1,True
HEMIPLEGIA,SNEEZING,72,72,73,0.9863013698630136,14.493150684931507,0.9926233244358432,1,1,True
INFLUENZA,MUSCLE SPASTICITY,72,72,73,0.9863013698630136,14.493150684931507,0.9926233244358432,1,1,True
INFLUENZA,PSORIASIS,72,72,73,0.9863013698630136,14.493150684931507,0.9926233244358432,1,1,True
INFLUENZA,SKIN EXFOLIATION,72,72,73,0.9863013698630136,14.493150684931507,0.9926233244358432,1,1,True
INFLUENZA,SNEEZING,72,72,73,0.9863013698630136,14.493150684931507,0.9926233244358432,1,1,True
INFLUENZA LIKE ILLNESS,MUSCLE SPASTICITY,72,72,73,0.9863013698630136,14.493150684931507,0.9926233244358432,1,1,True
INFLUENZA LIKE ILLNESS,PSORIASIS,72,72,73,0.9863013698630136,14.493150684931507,0.9926233244358432,1,1,True
INFLUENZA LIKE ILLNESS,SKIN EXFOLIATION,72,72,73,0.9863013698630136,14.493150684931507,0.9926233244358432,1,1,True
INFLUENZA LIKE ILLNESS,SNEEZING,72,72,73,0.9863013698630136,14.493150684931507,0.9926233244358432,1,1,True
MUSCLE SPASTICITY,NEUROLOGIC NEGLECT SYNDROME,72,73,72,0.9863013698630136,14.493150684931507,0.9926233244358432,1,1,True
MUSCLE SPASTICITY,PERSONALITY DISORDER,72,73,72,0.9863013698630136,14.493150684931507,0.9926233244358432,1,1,True
MUSCLE SPASTICITY,RESPIRATORY TRACT CONGESTION,72,73,72,0.9863013698630136,14.493150684931507,0.9926233244358432,1,1,True
MUSCLE SPASTICITY,RHINORRHOEA,72,73,72,0.9863013698630136,14.493150684931507,0.9926233244358432,1,1,True
MUSCLE SPASTICITY,SENSORY LOSS,72,73,72,0.9863013698630136,14.493150684931507,0.9926233244358432,1,1,True
MUSCLE SPASTICITY,SINUS CONGESTION,72,73,72,0.9863013698630136,14.493150684931507,0.9926233244358432,1,1,True
MUSCLE SPASTICITY,SINUS DISORDER,72,73,72,0.9863013698630136,14.493150684931507,0.9926233244358432,1,1,True
MUSCLE SPASTICITY,SKIN HAEMORRHAGE,72,73,72,0.9863013698630136,14.493150684931507,0.9926233244358432,1,1,True
NEUROLOGIC NEGLECT SYNDROME,PSORIASIS,72,72,73,0.9863013698630136,14.493150684931507,0.9926233244358432,1,1,True
NEUROLOGIC NEGLECT SYNDROME,SKIN EXFOLIATION,72,72,73,0.9863013698630136,14.493150684931507,0.9926233244358432,1,1,True
NEUROLOGIC NEGLECT SYNDROME,SNEEZING,72,72,73,0.9863013698630136,14.493150684931507,0.9926233244358432,1,1,True
PERSONALITY DISORDER,PSORIASIS,72,72,73,0.9863013698630136,14.493150684931507,0.9926233244358432,1,1,True
PERSONALITY DISORDER,SKIN EXFOLIATION,72,72,73,0.9863013698630136,14.493150684931507,0.9926233244358432,1,1,True
PERSONALITY DISORDER,SNEEZING,72,72,73,0.9863013698630136,14.493150684931507,0.9926233244358432,1,1,True
PSORIASIS,RESPIRATORY TRACT CONGESTION,72,73,72,0.9863013698630136,14.493150684931507,0.9926233244358432,1,1,True
PSORIASIS,RHINORRHOEA,72,73,72,0.9863013698630136,14.493150684931507,0.9926233244358432,1,1,True
PSORIASIS,SENSORY LOSS,72,73,72,0.9863013698630136,14.493150684931507,0.9926233244358432,1,1,True
PSORIASIS,SINUS CONGESTION,72,73,72,0.9863013698630136,14.493150684931507,0.9926233244358432,1,1,True
PSORIASIS,SINUS DISORDER,72,73,72,0.9863013698630136,14.493150684931507,0.9926233244358432,1,1,True
PSORIASIS,SKIN HAEMORRHAGE,72,73,72,0.9863013698630136,14.493150684931507,0.9926233244358432,1,1,True
RESPIRATORY TRACT CONGESTION,SKIN EXFOLIATION,72,72,73,0.9863013698630136,14.493150684931507,0.9926233244358432,1,1,True
RESPIRATORY TRACT CONGESTION,SNEEZING,72,72,73,0.9863013698630136,14.493150684931507,0.9926233244358432,1,1,True
RHINORRHOEA,SKIN EXFOLIATION,72,72,73,0.9863013698630136,14.493150684931507,0.9926233244358432,1,1,True
RHINORRHOEA,SNEEZING,72,72,73,0.9863013698630136,14.493150684931507,0.9926233244358432,1,1,True
SENSORY LOSS,SKIN EXFOLIATION,72,72,73,0.9863013698630136,14.493150684931507,0.9926233244358432,1,1,True
SENSORY LOSS,SNEEZING,72,72,73,0.9863013698630136,14.493150684931507,0.9926233244358432,1,1,True
SINUS CONGESTION,SKIN EXFOLIATION,72,72,73,0.9863013698630136,14.493150684931507,0.9926233244358432,1,1,True
SINUS CONGESTION,SNEEZING,72,72,73,0.9863013698630136,14.493150684931507,0.9926233244358432,1,1,True
SINUS DISORDER,SKIN EXFOLIATION,72,72,73,0.9863013698630136,14.493150684931507,0.9926233244358432,1,1,True
SINUS DISORDER,SNEEZING,72,72,73,0.9863013698630136,14.493150684931507,0.9926233244358432,1,1,True
SKIN EXFOLIATION,SKIN HAEMORRHAGE,72,73,72,0.9863013698630136,14.493150684931507,0.9926233244358432,1,1,True
SKIN HAEMORRHAGE,SNEEZING,72,72,73,0.9863013698630136,14.493150684931507,0.9926233244358432,1,1,True
ADJUSTMENT DISORDER,CYSTITIS,72,72,74,0.972972972972973,14.297297297297296,0.985393016497928,1,1,True
ADJUSTMENT DISORDER,NASOPHARYNGITIS,72,72,74,0.972972972972973,14.297297297297296,0.985393016497928,1,1,True
CAROTID ARTERY THROMBOSIS,CYSTITIS,72,72,74,0.972972972972973,14.297297297297296,0.985393016497928,1,1,True
CAROTID ARTERY THROMBOSIS,NASOPHARYNGITIS,72,72,74,0.972972972972973,14.297297297297296,0.985393016497928,1,1,True
CYSTITIS,HEMIPARESIS,72,74,72,0.972972972972973,14.297297297297296,0.985393016497928,1,1,True
CYSTITIS,HEMIPLEGIA,72,74,72,0.972972972972973,14.297297297297296,0.985393016497928,1,1,True
CYSTITIS,INFLUENZA,72,74,72,0.972972972972973,14.297297297297296,0.985393016497928,1,1,True
CYSTITIS,INFLUENZA LIKE ILLNESS,72,74,72,0.972972972972973,14.297297297297296,0.985393016497928,1,1,True
CYSTITIS,NEUROLOGIC NEGLECT SYNDROME,72,74,72,0.972972972972973,14.297297297297296,0.985393016497928,1,1,True
CYSTITIS,PERSONALITY DISORDER,72,74,72,0.972972972972973,14.297297297297296,0.985393016497928,1,1,True
CYSTITIS,RESPIRATORY TRACT CONGESTION,72,74,72,0.972972972972973,14.297297297297296,0.985393016497928,1,1,True
CYSTITIS,RHINORRHOEA,72,74,72,0.972972972972973,14.297297297297296,0.985393016497928,1,1,True
CYSTITIS,SENSORY LOSS,72,74,72,0.972972972972973,14.297297297297296,0.985393016497928,1,1,True
CYSTITIS,SINUS CONGESTION,72,74,72,0.972972972972973,14.297297297297296,0.985393016497928,1,1,True
CYSTITIS,SINUS DISORDER,72,74,72,0.972972972972973,14.297297297297296,0.985393016497928,1,1,True
CYSTITIS,SKIN HAEMORRHAGE,72,74,72,0.972972972972973,14.297297297297296,0.985393016497928,1,1,True
HEMIPARESIS,NASOPHARYNGITIS,72,72,74,0.972972972972973,14.297297297297296,0.985393016497928,1,1,True
HEMIPLEGIA,NASOPHARYNGITIS,72,72,74,0.972972972972973,14.297297297297296,0.985393016497928,1,1,True
INFLUENZA,NASOPHARYNGITIS,72,72,74,0.972972972972973,14.297297297297296,0.985393016497928,1,1,True
INFLUENZA LIKE ILLNESS,NASOPHARYNGITIS,72,72,74,0.972972972972973,14.297297297297296,0.985393016497928,1,1,True
MUSCLE SPASTICITY,PSORIASIS,72,73,73,0.972972972972973,14.294614374179021,0.9852861414366177,1,1,True
MUSCLE SPASTICITY,SKIN EXFOLIATION,72,73,73,0.972972972972973,14.294614374179021,0.9852861414366177,1,1,True
MUSCLE SPASTICITY,SNEEZING,72,73,73,0.972972972972973,14.294614374179021,0.9852861414366177,1,1,True
NASOPHARYNGITIS,NEUROLOGIC NEGLECT SYNDROME,72,74,72,0.972972972972973,14.297297297297296,0.985393016497928,1,1,True
NASOPHARYNGITIS,PERSONALITY DISORDER,72,74,72,0.972972972972973,14.297297297297296,0.985393016497928,1,1,True
NASOPHARYNGITIS,RESPIRATORY TRACT CONGESTION,72,74,72,0.972972972972973,14.297297297297296,0.985393016497928,1,1,True
NASOPHARYNGITIS,RHINORRHOEA,72,74,72,0.972972972972973,14.297297297297296,0.985393016497928,1,1,True
NASOPHARYNGITIS,SENSORY LOSS,72,74,72,0.972972972972973,14.297297297297296,0.985393016497928,1,1,True
NASOPHARYNGITIS,SINUS CONGESTION,72,74,72,0.972972972972973,14.297297297297296,0.985393016497928,1,1,True
NASOPHARYNGITIS,SINUS DISORDER,72,74,72,0.972972972972973,14.297297297297296,0.985393016497928,1,1,True
NASOPHARYNGITIS,SKIN HAEMORRHAGE,72,74,72,0.972972972972973,14.297297297297296,0.985393016497928,1,1,True
PSORIASIS,SKIN EXFOLIATION,72,73,73,0.972972972972973,14.294614374179021,0.9852861414366177,1,1,True
PSORIASIS,SNEEZING,72,73,73,0.972972972972973,14.294614374179021,0.9852861414366177,1,1,True
SKIN EXFOLIATION,SNEEZING,72,73,73,0.972972972972973,14.294614374179021,0.9852861414366177,1,1,True
ADJUSTMENT DISORDER,CEREBROVASCULAR ACCIDENT,72,72,75,0.96,14.106666666666667,0.9783041998811366,1,1,True
ADJUSTMENT DISORDER,DYSPHAGIA,72,72,75,0.96,14.106666666666667,0.9783041998811366,1,1,True
ADJUSTMENT DISORDER,EATING DISORDER,72,72,75,0.96,14.106666666666667,0.9783041998811366,1,1,True
CAROTID ARTERY THROMBOSIS,CEREBROVASCULAR ACCIDENT,72,72,75,0.96,14.106666666666667,0.9783041998811366,1,1,True
CAROTID ARTERY THROMBOSIS,DYSPHAGIA,72,72,75,0.96,14.106666666666667,0.9783041998811366,1,1,True
CAROTID ARTERY THROMBOSIS,EATING DISORDER,72,72,75,0.96,14.106666666666667,0.9783041998811366,1,1,True
CEREBROVASCULAR ACCIDENT,HEMIPARESIS,72,75,72,0.96,14.106666666666667,0.9783041998811366,1,1,True
CEREBROVASCULAR ACCIDENT,HEMIPLEGIA,72,75,72,0.96,14.106666666666667,0.9783041998811366,1,1,True
CEREBROVASCULAR ACCIDENT,INFLUENZA,72,75,72,0.96,14.106666666666667,0.9783041998811366,1,1,True
CEREBROVASCULAR ACCIDENT,INFLUENZA LIKE ILLNESS,72,75,72,0.96,14.106666666666667,0.9783041998811366,1,1,True
CEREBROVASCULAR ACCIDENT,NEUROLOGIC NEGLECT SYNDROME,72,75,72,0.96,14.106666666666667,0.9783041998811366,1,1,True
CEREBROVASCULAR ACCIDENT,PERSONALITY DISORDER,72,75,72,0.96,14.106666666666667,0.9783041998811366,1,1,True
CEREBROVASCULAR ACCIDENT,RESPIRATORY TRACT CONGESTION,72,75,72,0.96,14.106666666666667,0.9783041998811366,1,1,True
CEREBROVASCULAR ACCIDENT,RHINORRHOEA,72,75,72,0.96,14.106666666666667,0.9783041998811366,1,1,True
CEREBROVASCULAR ACCIDENT,SENSORY LOSS,72,75,72,0.96,14.106666666666667,0.9783041998811366,1,1,True
CEREBROVASCULAR ACCIDENT,SINUS CONGESTION,72,75,72,0.96,14.106666666666667,0.9783041998811366,1,1,True
CEREBROVASCULAR ACCIDENT,SINUS DISORDER,72,75,72,0.96,14.106666666666667,0.9783041998811366,1,1,True
CEREBROVASCULAR ACCIDENT,SKIN HAEMORRHAGE,72,75,72,0.96,14.106666666666667,0.9783041998811366,1,1,True
CYSTITIS,MUSCLE SPASTICITY,72,74,73,0.96,14.101443909663088,0.9780944336434382,1,1,True
CYSTITIS,PSORIASIS,72,74,73,0.96,14.101443909663088,0.9780944336434382,1,1,True
CYSTITIS,SKIN EXFOLIATION,72,74,73,0.96,14.101443909663088,0.9780944336434382,1,1,True
CYSTITIS,SNEEZING,72,74,73,0.96,14.101443909663088,0.9780944336434382,1,1,True
DYSPHAGIA,HEMIPARESIS,72,75,72,0.96,14.106666666666667,0.9783041998811366,1,1,True
DYSPHAGIA,HEMIPLEGIA,72,75,72,0.96,14.106666666666667,0.9783041998811366,1,1,True
DYSPHAGIA,INFLUENZA,72,75,72,0.96,14.106666666666667,0.9783041998811366,1,1,True
DYSPHAGIA,INFLUENZA LIKE ILLNESS,72,75,72,0.96,14.106666666666667,0.9783041998811366,1,1,True
DYSPHAGIA,NEUROLOGIC NEGLECT SYNDROME,72,75,72,0.96,14.106666666666667,0.9783041998811366,1,1,True
DYSPHAGIA,PERSONALITY DISORDER,72,75,72,0.96,14.106666666666667,0.9783041998811366,1,1,True
DYSPHAGIA,RESPIRATORY TRACT CONGESTION,72,75,72,0.96,14.106666666666667,0.9783041998811366,1,1,True
DYSPHAGIA,RHINORRHOEA,72,75,72,0.96,14.106666666666667,0.9783041998811366,1,1,True
DYSPHAGIA,SENSORY LOSS,72,75,72,0.96,14.106666666666667,0.9783041998811366,1,1,True
DYSPHAGIA,SINUS CONGESTION,72,75,72,0.96,14.106666666666667,0.9783041998811366,1,1,True
DYSPHAGIA,SINUS DISORDER,72,75,72,0.96,14.106666666666667,0.9783041998811366,1,1,True
DYSPHAGIA,SKIN HAEMORRHAGE,72,75,72,0.96,14.106666666666667,0.9783041998811366,1,1,True
EATING DISORDER,HEMIPARESIS,72,75,72,0.96,14.106666666666667,0.9783041998811366,1,1,True
EATING DISORDER,HEMIPLEGIA,72,75,72,0.96,14.106666666666667,0.9783041998811366,1,1,True
EATING DISORDER,INFLUENZA,72,75,72,0.96,14.106666666666667,0.9783041998811366,1,1,True
EATING DISORDER,INFLUENZA LIKE ILLNESS,72,75,72,0.96,14.106666666666667,0.9783041998811366,1,1,True
EATING DISORDER,NEUROLOGIC NEGLECT SYNDROME,72,75,72,0.96,14.106666666666667,0.9783041998811366,1,1,True
EATING DISORDER,PERSONALITY DISORDER,72,75,72,0.96,14.106666666666667,0.9783041998811366,1,1,True
EATING DISORDER,RESPIRATORY TRACT CONGESTION,72,75,72,0.96,14.106666666666667,0.9783041998811366,1,1,True
EATING DISORDER,RHINORRHOEA,72,75,72,0.96,14.106666666666667,0.9783041998811366,1,1,True
EATING DISORDER,SENSORY LOSS,72,75,72,0.96,14.106666666666667,0.9783041998811366,1,1,True
EATING DISORDER,SINUS CONGESTION,72,75,72,0.96,14.106666666666667,0.9783041998811366,1,1,True
EATING DISORDER,SINUS DISORDER,72,75,72,0.96,14.106666666666667,0.9783041998811366,1,1,True
EATING DISORDER,SKIN HAEMORRHAGE,72,75,72,0.96,14.106666666666667,0.9783041998811366,1,1,True
MUSCLE SPASTICITY,NASOPHARYNGITIS,72,73,74,0.96,14.101443909663088,0.9780944336434382,1,1,True
NASOPHARYNGITIS,PSORIASIS,72,74,73,0.96,14.101443909663088,0.9780944336434382,1,1,True
NASOPHARYNGITIS,SKIN EXFOLIATION,72,74,73,0.96,14.101443909663088,0.9780944336434382,1,1,True
NASOPHARYNGITIS,SNEEZING,72,74,73,0.96,14.101443909663088,0.9780944336434382,1,1,True
ADJUSTMENT DISORDER,APHASIA,72,72,76,0.9473684210526315,13.921052631578947,0.9713522231683216,1,1,True
APHASIA,CAROTID ARTERY THROMBOSIS,72,76,72,0.9473684210526315,13.921052631578947,0.9713522231683216,1,1,True
APHASIA,HEMIPARESIS,72,76,72,0.9473684210526315,13.921052631578947,0.9713522231683216,1,1,True
APHASIA,HEMIPLEGIA,72,76,72,0.9473684210526315,13.921052631578947,0.9713522231683216,1,1,True
APHASIA,INFLUENZA,72,76,72,0.9473684210526315,13.921052631578947,0.9713522231683216,1,1,True
APHASIA,INFLUENZA LIKE ILLNESS,72,76,72,0.9473684210526315,13.921052631578947,0.9713522231683216,1,1,True
APHASIA,NEUROLOGIC NEGLECT SYNDROME,72,76,72,0.9473684210526315,13.921052631578947,0.9713522231683216,1,1,True
APHASIA,PERSONALITY DISORDER,72,76,72,0.9473684210526315,13.921052631578947,0.9713522231683216,1,1,True
APHASIA,RESPIRATORY TRACT CONGESTION,72,76,72,0.9473684210526315,13.921052631578947,0.9713522231683216,1,1,True
APHASIA,RHINORRHOEA,72,76,72,0.9473684210526315,13.921052631578947,0.9713522231683216,1,1,True
APHASIA,SENSORY LOSS,72,76,72,0.9473684210526315,13.921052631578947,0.9713522231683216,1,1,True
APHASIA,SINUS CONGESTION,72,76,72,0.9473684210526315,13.921052631578947,0.9713522231683216,1,1,True
APHASIA,SINUS DISORDER,72,76,72,0.9473684210526315,13.921052631578947,0.9713522231683216,1,1,True
APHASIA,SKIN HAEMORRHAGE,72,76,72,0.9473684210526315,13.921052631578947,0.9713522231683216,1,1,True
CEREBROVASCULAR ACCIDENT,MUSCLE SPASTICITY,72,75,73,0.9473684210526315,13.913424657534247,0.9710433548992962,1,1,True
CEREBROVASCULAR ACCIDENT,PSORIASIS,72,75,73,0.9473684210526315,13.913424657534247,0.9710433548992962,1,1,True
CEREBROVASCULAR ACCIDENT,SKIN EXFOLIATION,72,75,73,0.9473684210526315,13.913424657534247,0.9710433548992962,1,1,True
CEREBROVASCULAR ACCIDENT,SNEEZING,72,75,73,0.9473684210526315,13.913424657534247,0.9710433548992962,1,1,True
CYSTITIS,NASOPHARYNGITIS,72,74,74,0.9473684210526315,13.910883856829804,0.9709404526477697,1,1,True
DYSPHAGIA,PSORIASIS,72,75,73,0.9473684210526315,13.913424657534247,0.9710433548992962,1,1,True
DYSPHAGIA,SKIN EXFOLIATION,72,75,73,0.9473684210526315,13.913424657534247,0.9710433548992962,1,1,True
DYSPHAGIA,SNEEZING,72,75,73,0.9473684210526315,13.913424657534247,0.9710433548992962,1,1,True
EATING DISORDER,MUSCLE SPASTICITY,72,75,73,0.9473684210526315,13.913424657534247,0.9710433548992962,1,1,True
EATING DISORDER,PSORIASIS,72,75,73,0.9473684210526315,13.913424657534247,0.9710433548992962,1,1,True
EATING DISORDER,SKIN EXFOLIATION,72,75,73,0.9473684210526315,13.913424657534247,0.9710433548992962,1,1,True
EATING DISORDER,SNEEZING,72,75,73,0.9473684210526315,13.913424657534247,0.9710433548992962,1,1,True
APHASIA,MUSCLE SPASTICITY,72,76,73,0.935064935064935,13.730353280461427,0.9641282825330749,1,1,True
APHASIA,PSORIASIS,72,76,73,0.935064935064935,13.730353280461427,0.9641282825330749,1,1,True
APHASIA,SKIN EXFOLIATION,72,76,73,0.935064935064935,13.730353280461427,0.9641282825330749,1,1,True
APHASIA,SNEEZING,72,76,73,0.935064935064935,13.730353280461427,0.9641282825330749,1,1,True
DYSPHAGIA,NASOPHARYNGITIS,72,75,74,0.935064935064935,13.725405405405406,0.963926256861368,1,1,True
EATING DISORDER,NASOPHARYNGITIS,72,75,74,0.935064935064935,13.725405405405406,0.963926256861368,1,1,True
ADJUSTMENT DISORDER,COORDINATION ABNORMAL,72,72,78,0.9230769230769231,13.564102564102564,0.9578412301238324,1,1,True
APHASIA,CYSTITIS,72,76,74,0.9230769230769231,13.544807965860597,0.9570472517481861,1,1,True
APHASIA,NASOPHARYNGITIS,72,76,74,0.9230769230769231,13.544807965860597,0.9570472517481861,1,1,True
CAROTID ARTERY THROMBOSIS,COORDINATION ABNORMAL,72,72,78,0.9230769230769231,13.564102564102564,0.9578412301238324,1,1,True
COORDINATION ABNORMAL,HEMIPARESIS,72,78,72,0.9230769230769231,13.564102564102564,0.9578412301238324,1,1,True
COORDINATION ABNORMAL,HEMIPLEGIA,72,78,72,0.9230769230769231,13.564102564102564,0.9578412301238324,1,1,True
COORDINATION ABNORMAL,INFLUENZA,72,78,72,0.9230769230769231,13.564102564102564,0.9578412301238324,1,1,True
COORDINATION ABNORMAL,INFLUENZA LIKE ILLNESS,72,78,72,0.9230769230769231,13.564102564102564,0.9578412301238324,1,1,True
COORDINATION ABNORMAL,NEUROLOGIC NEGLECT SYNDROME,72,78,72,0.9230769230769231,13.564102564102564,0.9578412301238324,1,1,True
COORDINATION ABNORMAL,PERSONALITY DISORDER,72,78,72,0.9230769230769231,13.564102564102564,0.9578412301238324,1,1,True
COORDINATION ABNORMAL,RESPIRATORY TRACT CONGESTION,72,78,72,0.9230769230769231,13.564102564102564,0.9578412301238324,1,1,True
COORDINATION ABNORMAL,RHINORRHOEA,72,78,72,0.9230769230769231,13.564102564102564,0.9578412301238324,1,1,True
COORDINATION ABNORMAL,SENSORY LOSS,72,78,72,0.9230769230769231,13.564102564102564,0.9578412301238324,1,1,True
COORDINATION ABNORMAL,SINUS CONGESTION,72,78,72,0.9230769230769231,13.564102564102564,0.9578412301238324,1,1,True
COORDINATION ABNORMAL,SINUS DISORDER,72,78,72,0.9230769230769231,13.564102564102564,0.9578412301238324,1,1,True
COORDINATION ABNORMAL,SKIN HAEMORRHAGE,72,78,72,0.9230769230769231,13.564102564102564,0.9578412301238324,1,1,True
APHASIA,CEREBROVASCULAR ACCIDENT,72,76,75,0.9113924050632911,13.364210526315789,0.9501043713420733,1,1,True
APHASIA,DYSPHAGIA,72,76,75,0.9113924050632911,13.364210526315789,0.9501043713420733,1,1,True
APHASIA,EATING DISORDER,72,76,75,0.9113924050632911,13.364210526315789,0.9501043713420733,1,1,True
COORDINATION ABNORMAL,MUSCLE SPASTICITY,72,78,73,0.9113924050632911,13.378292939936776,0.9506887060664776,1,1,True
COORDINATION ABNORMAL,PSORIASIS,72,78,73,0.9113924050632911,13.378292939936776,0.9506887060664776,1,1,True
COORDINATION ABNORMAL,SKIN EXFOLIATION,72,78,73,0.9113924050632911,13.378292939936776,0.9506887060664776,1,1,True
COORDINATION ABNORMAL,SNEEZING,72,78,73,0.9113924050632911,13.378292939936776,0.9506887060664776,1,1,True
COORDINATION ABNORMAL,NASOPHARYNGITIS,72,78,74,0.9,13.197505197505198,0.9436774688307086,1,1,True
ADJUSTMENT DISORDER,PNEUMONIA,72,72,81,0.8888888888888888,13.061728395061728,0.9384962965431443,1,1,True
CAROTID ARTERY THROMBOSIS,PNEUMONIA,72,72,81,0.8888888888888888,13.061728395061728,0.9384962965431443,1,1,True
HEMIPARESIS,PNEUMONIA,72,72,81,0.8888888888888888,13.061728395061728,0.9384962965431443,1,1,True
HEMIPLEGIA,PNEUMONIA,72,72,81,0.8888888888888888,13.061728395061728,0.9384962965431443,1,1,True
INFLUENZA,PNEUMONIA,72,72,81,0.8888888888888888,13.061728395061728,0.9384962965431443,1,1,True
INFLUENZA LIKE ILLNESS,PNEUMONIA,72,72,81,0.8888888888888888,13.061728395061728,0.9384962965431443,1,1,True
NEUROLOGIC NEGLECT SYNDROME,PNEUMONIA,72,72,81,0.8888888888888888,13.061728395061728,0.9384962965431443,1,1,True
PERSONALITY DISORDER,PNEUMONIA,72,72,81,0.8888888888888888,13.061728395061728,0.9384962965431443,1,1,True
PNEUMONIA,RESPIRATORY TRACT CONGESTION,72,81,72,0.8888888888888888,13.061728395061728,0.9384962965431443,1,1,True
PNEUMONIA,RHINORRHOEA,72,81,72,0.8888888888888888,13.061728395061728,0.9384962965431443,1,1,True
PNEUMONIA,SENSORY LOSS,72,81,72,0.8888888888888888,13.061728395061728,0.9384962965431443,1,1,True
PNEUMONIA,SINUS CONGESTION,72,81,72,0.8888888888888888,13.061728395061728,0.9384962965431443,1,1,True
PNEUMONIA,SINUS DISORDER,72,81,72,0.8888888888888888,13.061728395061728,0.9384962965431443,1,1,True
PNEUMONIA,SKIN HAEMORRHAGE,72,81,72,0.8888888888888888,13.061728395061728,0.9384962965431443,1,1,True
ADJUSTMENT DISORDER,AFFECT LABILITY,72,72,82,0.8780487804878049,12.902439024390244,0.9322787246538932,1,1,True
AFFECT LABILITY,CAROTID ARTERY THROMBOSIS,72,82,72,0.8780487804878049,12.902439024390244,0.9322787246538932,1,1,True
AFFECT LABILITY,HEMIPARESIS,72,82,72,0.8780487804878049,12.902439024390244,0.9322787246538932,1,1,True
AFFECT LABILITY,HEMIPLEGIA,72,82,72,0.8780487804878049,12.902439024390244,0.9322787246538932,1,1,True
AFFECT LABILITY,INFLUENZA,72,82,72,0.8780487804878049,12.902439024390244,0.9322787246538932,1,1,True
AFFECT LABILITY,INFLUENZA LIKE ILLNESS,72,82,72,0.8780487804878049,12.902439024390244,0.9322787246538932,1,1,True
AFFECT LABILITY,NEUROLOGIC NEGLECT SYNDROME,72,82,72,0.8780487804878049,12.902439024390244,0.9322787246538932,1,1,True
AFFECT LABILITY,PERSONALITY DISORDER,72,82,72,0.8780487804878049,12.902439024390244,0.9322787246538932,1,1,True
AFFECT LABILITY,RESPIRATORY TRACT CONGESTION,72,82,72,0.8780487804878049,12.902439024390244,0.9322787246538932,1,1,True
AFFECT LABILITY,RHINORRHOEA,72,82,72,0.8780487804878049,12.902439024390244,0.9322787246538932,1,1,True
AFFECT LABILITY,SENSORY LOSS,72,82,72,0.8780487804878049,12.902439024390244,0.9322787246538932,1,1,True
AFFECT LABILITY,SINUS CONGESTION,72,82,72,0.8780487804878049,12.902439024390244,0.9322787246538932,1,1,True
AFFECT LABILITY,SINUS DISORDER,72,82,72,0.8780487804878049,12.902439024390244,0.9322787246538932,1,1,True
AFFECT LABILITY,SKIN HAEMORRHAGE,72,82,72,0.8780487804878049,12.902439024390244,0.9322787246538932,1,1,True
APHASIA,COORDINATION ABNORMAL,72,76,78,0.8780487804878049,12.850202429149798,0.930060253282537,1,1,True
MUSCLE SPASTICITY,PNEUMONIA,72,73,81,0.8780487804878049,12.882800608828006,0.931445292635987,1,1,True
PNEUMONIA,PSORIASIS,72,81,73,0.8780487804878049,12.882800608828006,0.931445292635987,1,1,True
PNEUMONIA,SKIN EXFOLIATION,72,81,73,0.8780487804878049,12.882800608828006,0.931445292635987,1,1,True
PNEUMONIA,SNEEZING,72,81,73,0.8780487804878049,12.882800608828006,0.931445292635987,1,1,True
AFFECT LABILITY,MUSCLE SPASTICITY,72,82,73,0.8674698795180723,12.725693284330104,0.9252601587839483,1,1,True
AFFECT LABILITY,PSORIASIS,72,82,73,0.8674698795180723,12.725693284330104,0.9252601587839483,1,1,True
AFFECT LABILITY,SKIN EXFOLIATION,72,82,73,0.8674698795180723,12.725693284330104,0.9252601587839483,1,1,True
AFFECT LABILITY,SNEEZING,72,82,73,0.8674698795180723,12.725693284330104,0.9252601587839483,1,1,True
CYSTITIS,PNEUMONIA,72,74,81,0.8674698795180723,12.70870870870871,0.924533260916834,1,1,True
NASOPHARYNGITIS,PNEUMONIA,72,74,81,0.8674698795180723,12.70870870870871,0.924533260916834,1,1,True
AFFECT LABILITY,CYSTITIS,72,82,74,0.8571428571428571,12.553724456163481,0.9183798235641797,1,1,True
AFFECT LABILITY,NASOPHARYNGITIS,72,82,74,0.8571428571428571,12.553724456163481,0.9183798235641797,1,1,True
CEREBROVASCULAR ACCIDENT,PNEUMONIA,72,75,81,0.8571428571428571,12.539259259259259,0.9177555750379947,1,1,True
DYSPHAGIA,PNEUMONIA,72,75,81,0.8571428571428571,12.539259259259259,0.9177555750379947,1,1,True
EATING DISORDER,PNEUMONIA,72,75,81,0.8571428571428571,12.539259259259259,0.9177555750379947,1,1,True
ADJUSTMENT DISORDER,PYREXIA,72,72,85,0.8470588235294118,12.447058823529412,0.9142705864056044,1,2,False
AFFECT LABILITY,CEREBROVASCULAR ACCIDENT,72,82,75,0.8470588235294118,12.386341463414634,0.91163311772652,1,1,True
AFFECT LABILITY,DYSPHAGIA,72,82,75,0.8470588235294118,12.386341463414634,0.91163311772652,1,1,True
AFFECT LABILITY,EATING DISORDER,72,82,75,0.8470588235294118,12.386341463414634,0.91163311772652,1,1,True
APHASIA,PNEUMONIA,72,76,81,0.8470588235294118,12.374269005847953,0.9111078219117824,1,1,True
CAROTID ARTERY THROMBOSIS,PYREXIA,72,72,85,0.8470588235294118,12.447058823529412,0.9142705864056044,1,2,False
HEMIPARESIS,PYREXIA,72,72,85,0.8470588235294118,12.447058823529412,0.9142705864056044,1,2,False
HEMIPLEGIA,PYREXIA,72,72,85,0.8470588235294118,12.447058823529412,0.9142705864056044,1,2,False
INFLUENZA,PYREXIA,72,72,85,0.8470588235294118,12.447058823529412,0.9142705864056044,1,2,False
INFLUENZA LIKE ILLNESS,PYREXIA,72,72,85,0.8470588235294118,12.447058823529412,0.9142705864056044,1,2,False
NEUROLOGIC NEGLECT SYNDROME,PYREXIA,72,72,85,0.8470588235294118,12.447058823529412,0.9142705864056044,1,2,False
PERSONALITY DISORDER,PYREXIA,72,72,85,0.8470588235294118,12.447058823529412,0.9142705864056044,1,2,False
PYREXIA,RESPIRATORY TRACT CONGESTION,72,85,72,0.8470588235294118,12.447058823529412,0.9142705864056044,2,1,False
PYREXIA,RHINORRHOEA,72,85,72,0.8470588235294118,12.447058823529412,0.9142705864056044,2,1,False
PYREXIA,SENSORY LOSS,72,85,72,0.8470588235294118,12.447058823529412,0.9142705864056044,2,1,False
PYREXIA,SINUS CONGESTION,72,85,72,0.8470588235294118,12.447058823529412,0.9142705864056044,2,1,False
PYREXIA,SINUS DISORDER,72,85,72,0.8470588235294118,12.447058823529412,0.9142705864056044,2,1,False
PYREXIA,SKIN HAEMORRHAGE,72,85,72,0.8470588235294118,12.447058823529412,0.9142705864056044,2,1,False
ADJUSTMENT DISORDER,VOMITING,72,72,86,0.8372093023255814,12.30232558139535,0.9084723161156562,1,2,False
AFFECT LABILITY,APHASIA,72,82,76,0.8372093023255814,12.223363286264442,0.9050156520957502,1,1,True
CAROTID ARTERY THROMBOSIS,VOMITING,72,72,86,0.8372093023255814,12.30232558139535,0.9084723161156562,1,2,False
HEMIPARESIS,VOMITING,72,72,86,0.8372093023255814,12.30232558139535,0.9084723161156562,1,2,False
HEMIPLEGIA,VOMITING,72,72,86,0.8372093023255814,12.30232558139535,0.9084723161156562,1,2,False
INFLUENZA,VOMITING,72,72,86,0.8372093023255814,12.30232558139535,0.9084723161156562,1,2,False
INFLUENZA LIKE ILLNESS,VOMITING,72,72,86,0.8372093023255814,12.30232558139535,0.9084723161156562,1,2,False
MUSCLE SPASTICITY,PYREXIA,72,73,85,0.8372093023255814,12.27655116841257,0.9073454221947765,1,2,False
NEUROLOGIC NEGLECT SYNDROME,VOMITING,72,72,86,0.8372093023255814,12.30232558139535,0.9084723161156562,1,2,False
PERSONALITY DISORDER,VOMITING,72,72,86,0.8372093023255814,12.30232558139535,0.9084723161156562,1,2,False
PSORIASIS,PYREXIA,72,73,85,0.8372093023255814,12.27655116841257,0.9073454221947765,1,2,False
PYREXIA,SKIN EXFOLIATION,72,85,73,0.8372093023255814,12.27655116841257,0.9073454221947765,2,1,False
PYREXIA,SNEEZING,72,85,73,0.8372093023255814,12.27655116841257,0.9073454221947765,2,1,False
RESPIRATORY TRACT CONGESTION,VOMITING,72,72,86,0.8372093023255814,12.30232558139535,0.9084723161156562,1,2,False
RHINORRHOEA,VOMITING,72,72,86,0.8372093023255814,12.30232558139535,0.9084723161156562,1,2,False
SENSORY LOSS,VOMITING,72,72,86,0.8372093023255814,12.30232558139535,0.9084723161156562,1,2,False
SINUS CONGESTION,VOMITING,72,72,86,0.8372093023255814,12.30232558139535,0.9084723161156562,1,2,False
SINUS DISORDER,VOMITING,72,72,86,0.8372093023255814,12.30232558139535,0.9084723161156562,1,2,False
SKIN HAEMORRHAGE,VOMITING,72,72,86,0.8372093023255814,12.30232558139535,0.9084723161156562,1,2,False
COORDINATION ABNORMAL,PNEUMONIA,72,78,81,0.8275862068965517,12.056980056980057,0.898185453821651,1,1,True
CYSTITIS,PYREXIA,72,74,85,0.8275862068965517,12.110651828298888,0.900556347793657,1,2,False
MUSCLE SPASTICITY,VOMITING,72,73,86,0.8275862068965517,12.13380057343103,0.9015770457803691,1,2,False
PSORIASIS,VOMITING,72,73,86,0.8275862068965517,12.13380057343103,0.9015770457803691,1,2,False
SKIN EXFOLIATION,VOMITING,72,73,86,0.8275862068965517,12.13380057343103,0.9015770457803691,1,2,False
SNEEZING,VOMITING,72,73,86,0.8275862068965517,12.13380057343103,0.9015770457803691,1,2,False
ADJUSTMENT DISORDER,FATIGUE,72,72,88,0.8181818181818182,12.022727272727273,0.8971649982661825,1,1,True
AFFECT LABILITY,COORDINATION ABNORMAL,72,82,78,0.8181818181818182,11.909943714821763,0.8921518715807183,1,1,True
CAROTID ARTERY THROMBOSIS,FATIGUE,72,72,88,0.8181818181818182,12.022727272727273,0.8971649982661825,1,1,True
CEREBROVASCULAR ACCIDENT,PYREXIA,72,75,85,0.8181818181818182,11.949176470588235,0.893898834358587,1,2,False
CYSTITIS,VOMITING,72,74,86,0.8181818181818182,11.969830295411692,0.8948171782003703,1,2,False
DYSPHAGIA,PYREXIA,72,75,85,0.8181818181818182,11.949176470588235,0.893898834358587,1,2,False
EATING DISORDER,PYREXIA,72,75,85,0.8181818181818182,11.949176470588235,0.893898834358587,1,2,False
FATIGUE,HEMIPARESIS,72,88,72,0.8181818181818182,12.022727272727273,0.8971649982661825,1,1,True
FATIGUE,HEMIPLEGIA,72,88,72,0.8181818181818182,12.022727272727273,0.8971649982661825,1,1,True
FATIGUE,INFLUENZA,72,88,72,0.8181818181818182,12.022727272727273,0.8971649982661825,1,1,True
FATIGUE,INFLUENZA LIKE ILLNESS,72,88,72,0.8181818181818182,12.022727272727273,0.8971649982661825,1,1,True
FATIGUE,NEUROLOGIC NEGLECT SYNDROME,72,88,72,0.8181818181818182,12.022727272727273,0.8971649982661825,1,1,True
FATIGUE,PERSONALITY DISORDER,72,88,72,0.8181818181818182,12.022727272727273,0.8971649982661825,1,1,True
FATIGUE,RESPIRATORY TRACT CONGESTION,72,88,72,0.8181818181818182,12.022727272727273,0.8971649982661825,1,1,True
FATIGUE,RHINORRHOEA,72,88,72,0.8181818181818182,12.022727272727273,0.8971649982661825,1,1,True
FATIGUE,SENSORY LOSS,72,88,72,0.8181818181818182,12.022727272727273,0.8971649982661825,1,1,True
FATIGUE,SINUS CONGESTION,72,88,72,0.8181818181818182,12.022727272727273,0.8971649982661825,1,1,True
FATIGUE,SINUS DISORDER,72,88,72,0.8181818181818182,12.022727272727273,0.8971649982661825,1,1,True
FATIGUE,SKIN HAEMORRHAGE,72,88,72,0.8181818181818182,12.022727272727273,0.8971649982661825,1,1,True
NASOPHARYNGITIS,VOMITING,72,74,86,0.8181818181818182,11.969830295411692,0.8948171782003703,1,2,False
CEREBROVASCULAR ACCIDENT,VOMITING,72,75,86,0.8089887640449438,11.810232558139536,0.8881882077811565,1,2,False
EATING DISORDER,VOMITING,72,75,86,0.8089887640449438,11.810232558139536,0.8881882077811565,1,2,False
FATIGUE,MUSCLE SPASTICITY,72,88,73,0.8089887640449438,11.858032378580324,0.8903277629801514,1,1,True
FATIGUE,PSORIASIS,72,88,73,0.8089887640449438,11.858032378580324,0.8903277629801514,1,1,True
FATIGUE,SKIN EXFOLIATION,72,88,73,0.8089887640449438,11.858032378580324,0.8903277629801514,1,1,True
APHASIA,VOMITING,72,76,86,0.8,11.65483476132191,0.8816858365677599,1,2,False
AFFECT LABILITY,PNEUMONIA,72,82,81,0.7912087912087912,11.468834688346883,0.8737266587797666,1,1,True
COORDINATION ABNORMAL,PYREXIA,72,78,85,0.7912087912087912,11.489592760180996,0.8746734297797439,1,2,False
APHASIA,FATIGUE,72,76,88,0.782608695652174,11.389952153110048,0.8706028184243448,1,1,True
COORDINATION ABNORMAL,VOMITING,72,78,86,0.782608695652174,11.355992844364938,0.869044666053029,1,2,False
PNEUMONIA,PYREXIA,72,81,85,0.7659574468085106,11.0640522875817,0.8564877479720099,1,2,False
ADJUSTMENT DISORDER,DYSARTHRIA,72,72,95,0.7578947368421053,11.136842105263158,0.8603578619903393,1,1,True
ADJUSTMENT DISORDER,HEADACHE,72,72,95,0.7578947368421053,11.136842105263158,0.8603578619903393,1,2,False
ADJUSTMENT DISORDER,MOTOR DYSFUNCTION,72,72,95,0.7578947368421053,11.136842105263158,0.8603578619903393,1,1,True
AFFECT LABILITY,PYREXIA,72,82,85,0.7578947368421053,10.929124820659972,0.8506404495734534,1,2,False
CAROTID ARTERY THROMBOSIS,DYSARTHRIA,72,72,95,0.7578947368421053,11.136842105263158,0.8603578619903393,1,1,True
CAROTID ARTERY THROMBOSIS,HEADACHE,72,72,95,0.7578947368421053,11.136842105263158,0.8603578619903393,1,2,False
CAROTID ARTERY THROMBOSIS,MOTOR DYSFUNCTION,72,72,95,0.7578947368421053,11.136842105263158,0.8603578619903393,1,1,True
DYSARTHRIA,HEMIPARESIS,72,95,72,0.7578947368421053,11.136842105263158,0.8603578619903393,1,1,True
DYSARTHRIA,HEMIPLEGIA,72,95,72,0.7578947368421053,11.136842105263158,0.8603578619903393,1,1,True
DYSARTHRIA,INFLUENZA,72,95,72,0.7578947368421053,11.136842105263158,0.8603578619903393,1,1,True
DYSARTHRIA,INFLUENZA LIKE ILLNESS,72,95,72,0.7578947368421053,11.136842105263158,0.8603578619903393,1,1,True
DYSARTHRIA,NEUROLOGIC NEGLECT SYNDROME,72,95,72,0.7578947368421053,11.136842105263158,0.8603578619903393,1,1,True
DYSARTHRIA,PERSONALITY DISORDER,72,95,72,0.7578947368421053,11.136842105263158,0.8603578619903393,1,1,True
DYSARTHRIA,RESPIRATORY TRACT CONGESTION,72,95,72,0.7578947368421053,11.136842105263158,0.8603578619903393,1,1,True
DYSARTHRIA,RHINORRHOEA,72,95,72,0.7578947368421053,11.136842105263158,0.8603578619903393,1,1,True
DYSARTHRIA,SENSORY LOSS,72,95,72,0.7578947368421053,11.136842105263158,0.8603578619903393,1,1,True
DYSARTHRIA,SINUS CONGESTION,72,95,72,0.7578947368421053,11.136842105263158,0.8603578619903393,1,1,True
DYSARTHRIA,SINUS DISORDER,72,95,72,0.7578947368421053,11.136842105263158,0.8603578619903393,1,1,True
DYSARTHRIA,SKIN HAEMORRHAGE,72,95,72,0.7578947368421053,11.136842105263158,0.8603578619903393,1,1,True
HEADACHE,HEMIPARESIS,72,95,72,0.7578947368421053,11.136842105263158,0.8603578619903393,2,1,False
HEADACHE,HEMIPLEGIA,72,95,72,0.7578947368421053,11.136842105263158,0.8603578619903393,2,1,False
HEADACHE,INFLUENZA,72,95,72,0.7578947368421053,11.136842105263158,0.8603578619903393,2,1,False
HEADACHE,INFLUENZA LIKE ILLNESS,72,95,72,0.7578947368421053,11.136842105263158,0.8603578619903393,2,1,False
HEADACHE,NEUROLOGIC NEGLECT SYNDROME,72,95,72,0.7578947368421053,11.136842105263158,0.8603578619903393,2,1,False
HEADACHE,PERSONALITY DISORDER,72,95,72,0.7578947368421053,11.136842105263158,0.8603578619903393,2,1,False
HEADACHE,RESPIRATORY TRACT CONGESTION,72,95,72,0.7578947368421053,11.136842105263158,0.8603578619903393,2,1,False
HEADACHE,RHINORRHOEA,72,95,72,0.7578947368421053,11.136842105263158,0.8603578619903393,2,1,False
HEADACHE,SENSORY LOSS,72,95,72,0.7578947368421053,11.136842105263158,0.8603578619903393,2,1,False
HEADACHE,SINUS CONGESTION,72,95,72,0.7578947368421053,11.136842105263158,0.8603578619903393,2,1,False
HEADACHE,SINUS DISORDER,72,95,72,0.7578947368421053,11.136842105263158,0.8603578619903393,2,1,False
HEADACHE,SKIN HAEMORRHAGE,72,95,72,0.7578947368421053,11.136842105263158,0.8603578619903393,2,1,False
HEMIPARESIS,MOTOR DYSFUNCTION,72,72,95,0.7578947368421053,11.136842105263158,0.8603578619903393,1,1,True
HEMIPLEGIA,MOTOR DYSFUNCTION,72,72,95,0.7578947368421053,11.136842105263158,0.8603578619903393,1,1,True
INFLUENZA,MOTOR DYSFUNCTION,72,72,95,0.7578947368421053,11.136842105263158,0.8603578619903393,1,1,True
INFLUENZA LIKE ILLNESS,MOTOR DYSFUNCTION,72,72,95,0.7578947368421053,11.136842105263158,0.8603578619903393,1,1,True
MOTOR DYSFUNCTION,NEUROLOGIC NEGLECT SYNDROME,72,95,72,0.7578947368421053,11.136842105263158,0.8603578619903393,1,1,True
MOTOR DYSFUNCTION,PERSONALITY DISORDER,72,95,72,0.7578947368421053,11.136842105263158,0.8603578619903393,1,1,True
MOTOR DYSFUNCTION,RESPIRATORY TRACT CONGESTION,72,95,72,0.7578947368421053,11.136842105263158,0.8603578619903393,1,1,True
MOTOR DYSFUNCTION,RHINORRHOEA,72,95,72,0.7578947368421053,11.136842105263158,0.8603578619903393,1,1,True
MOTOR DYSFUNCTION,SENSORY LOSS,72,95,72,0.7578947368421053,11.136842105263158,0.8603578619903393,1,1,True
MOTOR DYSFUNCTION,SINUS CONGESTION,72,95,72,0.7578947368421053,11.136842105263158,0.8603578619903393,1,1,True
MOTOR DYSFUNCTION,SINUS DISORDER,72,95,72,0.7578947368421053,11.136842105263158,0.8603578619903393,1,1,True
MOTOR DYSFUNCTION,SKIN HAEMORRHAGE,72,95,72,0.7578947368421053,11.136842105263158,0.8603578619903393,1,1,True
PNEUMONIA,VOMITING,72,81,86,0.7578947368421053,10.935400516795866,0.850935612823014,1,2,False
AFFECT LABILITY,VOMITING,72,82,86,0.75,10.80204197390811,0.8451127783550442,1,2,False
DYSARTHRIA,MUSCLE SPASTICITY,72,95,73,0.75,10.984282624369142,0.8537069950850507,1,1,True
DYSARTHRIA,PSORIASIS,72,95,73,0.75,10.984282624369142,0.8537069950850507,1,1,True
DYSARTHRIA,SKIN EXFOLIATION,72,95,73,0.75,10.984282624369142,0.8537069950850507,1,1,True
DYSARTHRIA,SNEEZING,72,95,73,0.75,10.984282624369142,0.8537069950850507,1,1,True
HEADACHE,MUSCLE SPASTICITY,72,95,73,0.75,10.984282624369142,0.8537069950850507,2,1,False
HEADACHE,PSORIASIS,72,95,73,0.75,10.984282624369142,0.8537069950850507,2,1,False
HEADACHE,SKIN EXFOLIATION,72,95,73,0.75,10.984282624369142,0.8537069950850507,2,1,False
HEADACHE,SNEEZING,72,95,73,0.75,10.984282624369142,0.8537069950850507,2,1,False
MOTOR DYSFUNCTION,MUSCLE SPASTICITY,72,95,73,0.75,10.984282624369142,0.8537069950850507,1,1,True
MOTOR DYSFUNCTION,PSORIASIS,72,95,73,0.75,10.984282624369142,0.8537069950850507,1,1,True
MOTOR DYSFUNCTION,SKIN EXFOLIATION,72,95,73,0.75,10.984282624369142,0.8537069950850507,1,1,True
MOTOR DYSFUNCTION,SNEEZING,72,95,73,0.75,10.984282624369142,0.8537069950850507,1,1,True
CYSTITIS,HEADACHE,72,74,95,0.7422680412371134,10.835846372688478,0.847185875619063,1,2,False
CYSTITIS,MOTOR DYSFUNCTION,72,74,95,0.7422680412371134,10.835846372688478,0.847185875619063,1,1,True
FATIGUE,PNEUMONIA,72,88,81,0.7422680412371134,10.686868686868687,0.8401060438400935,1,1,True
MOTOR DYSFUNCTION,NASOPHARYNGITIS,72,95,74,0.7422680412371134,10.835846372688478,0.847185875619063,1,1,True
AFFECT LABILITY,FATIGUE,72,82,88,0.7346938775510204,10.556541019955654,0.8343306816005743,1,1,True
CEREBROVASCULAR ACCIDENT,MOTOR DYSFUNCTION,72,75,95,0.7346938775510204,10.691368421052632,0.8407901894936387,1,1,True
DYSPHAGIA,HEADACHE,72,75,95,0.7346938775510204,10.691368421052632,0.8407901894936387,1,2,False
DYSPHAGIA,MOTOR DYSFUNCTION,72,75,95,0.7346938775510204,10.691368421052632,0.8407901894936387,1,1,True
EATING DISORDER,HEADACHE,72,75,95,0.7346938775510204,10.691368421052632,0.8407901894936387,1,2,False
EATING DISORDER,MOTOR DYSFUNCTION,72,75,95,0.7346938775510204,10.691368421052632,0.8407901894936387,1,1,True
APHASIA,DYSARTHRIA,72,76,95,0.7272727272727273,10.550692520775623,0.8345158213314855,1,1,True
APHASIA,HEADACHE,72,76,95,0.7272727272727273,10.550692520775623,0.8345158213314855,1,2,False
APHASIA,MOTOR DYSFUNCTION,72,76,95,0.7272727272727273,10.550692520775623,0.8345158213314855,1,1,True
COORDINATION ABNORMAL,HEADACHE,72,78,95,0.7128712871287128,10.280161943319838,0.8223155020253388,1,2,False
COORDINATION ABNORMAL,MOTOR DYSFUNCTION,72,78,95,0.7128712871287128,10.280161943319838,0.8223155020253388,1,1,True
DYSARTHRIA,PNEUMONIA,72,95,81,0.6923076923076923,9.899415204678363,0.8048322233018876,1,1,True
HEADACHE,PNEUMONIA,72,95,81,0.6923076923076923,9.899415204678363,0.8048322233018876,2,1,False
MOTOR DYSFUNCTION,PNEUMONIA,72,95,81,0.6923076923076923,9.899415204678363,0.8048322233018876,1,1,True
AFFECT LABILITY,DYSARTHRIA,72,82,95,0.6857142857142857,9.778690629011553,0.7992091008685959,1,1,True
AFFECT LABILITY,HEADACHE,72,82,95,0.6857142857142857,9.778690629011553,0.7992091008685959,1,2,False
AFFECT LABILITY,MOTOR DYSFUNCTION,72,82,95,0.6857142857142857,9.778690629011553,0.7992091008685959,1,1,True
ADJUSTMENT DISORDER,MALAISE,72,72,108,0.6666666666666666,9.796296296296296,0.8014523665668419,1,2,False
CAROTID ARTERY THROMBOSIS,MALAISE,72,72,108,0.6666666666666666,9.796296296296296,0.8014523665668419,1,2,False
DYSARTHRIA,PYREXIA,72,95,85,0.6666666666666666,9.433560371517029,0.7829114776708777,1,2,False
HEMIPARESIS,MALAISE,72,72,108,0.6666666666666666,9.796296296296296,0.8014523665668419,1,2,False
HEMIPLEGIA,MALAISE,72,72,108,0.6666666666666666,9.796296296296296,0.8014523665668419,1,2,False
INFLUENZA,MALAISE,72,72,108,0.6666666666666666,9.796296296296296,0.8014523665668419,1,2,False
INFLUENZA LIKE ILLNESS,MALAISE,72,72,108,0.6666666666666666,9.796296296296296,0.8014523665668419,1,2,False
MALAISE,NEUROLOGIC NEGLECT SYNDROME,72,108,72,0.6666666666666666,9.796296296296296,0.8014523665668419,2,1,False
MALAISE,PERSONALITY DISORDER,72,108,72,0.6666666666666666,9.796296296296296,0.8014523665668419,2,1,False
MALAISE,RESPIRATORY TRACT CONGESTION,72,108,72,0.6666666666666666,9.796296296296296,0.8014523665668419,2,1,False
MALAISE,RHINORRHOEA,72,108,72,0.6666666666666666,9.796296296296296,0.8014523665668419,2,1,False
MALAISE,SENSORY LOSS,72,108,72,0.6666666666666666,9.796296296296296,0.8014523665668419,2,1,False
MALAISE,SINUS CONGESTION,72,108,72,0.6666666666666666,9.796296296296296,0.8014523665668419,2,1,False
MALAISE,SINUS DISORDER,72,108,72,0.6666666666666666,9.796296296296296,0.8014523665668419,2,1,False
MALAISE,SKIN HAEMORRHAGE,72,108,72,0.6666666666666666,9.796296296296296,0.8014523665668419,2,1,False
DYSARTHRIA,VOMITING,72,95,86,0.6605504587155964,9.323867809057527,0.7776602969280242,1,2,False
MALAISE,PSORIASIS,72,108,73,0.6605504587155964,9.662100456621005,0.7950905760903069,2,1,False
MALAISE,SKIN EXFOLIATION,72,108,73,0.6605504587155964,9.662100456621005,0.7950905760903069,2,1,False
MALAISE,SNEEZING,72,108,73,0.6605504587155964,9.662100456621005,0.7950905760903069,2,1,False
CYSTITIS,MALAISE,72,74,108,0.6545454545454545,9.531531531531531,0.7888517366498169,1,2,False
EATING DISORDER,MALAISE,72,75,108,0.6486486486486487,9.404444444444444,0.782731764633641,1,2,False
FATIGUE,MOTOR DYSFUNCTION,72,88,95,0.6486486486486487,9.111961722488038,0.7674145352848407,1,1,True
APHASIA,MALAISE,72,76,108,0.6428571428571429,9.280701754385966,0.7767267644078182,1,2,False
COORDINATION ABNORMAL,MALAISE,72,78,108,0.631578947368421,9.042735042735043,0.7650469714631833,1,2,False
ADJUSTMENT DISORDER,ANXIETY,72,72,115,0.6260869565217392,9.2,0.7738106754629624,1,2,False
ANXIETY,CAROTID ARTERY THROMBOSIS,72,115,72,0.6260869565217392,9.2,0.7738106754629624,2,1,False
ANXIETY,HEMIPARESIS,72,115,72,0.6260869565217392,9.2,0.7738106754629624,2,1,False
ANXIETY,HEMIPLEGIA,72,115,72,0.6260869565217392,9.2,0.7738106754629624,2,1,False
ANXIETY,INFLUENZA,72,115,72,0.6260869565217392,9.2,0.7738106754629624,2,1,False
ANXIETY,INFLUENZA LIKE ILLNESS,72,115,72,0.6260869565217392,9.2,0.7738106754629624,2,1,False
ANXIETY,NEUROLOGIC NEGLECT SYNDROME,72,115,72,0.6260869565217392,9.2,0.7738106754629624,2,1,False
ANXIETY,PALPITATIONS,72,115,72,0.6260869565217392,9.2,0.7738106754629624,2,1,False
ANXIETY,PERSONALITY DISORDER,72,115,72,0.6260869565217392,9.2,0.7738106754629624,2,1,False
ANXIETY,RESPIRATORY TRACT CONGESTION,72,115,72,0.6260869565217392,9.2,0.7738106754629624,2,1,False
ANXIETY,RHINORRHOEA,72,115,72,0.6260869565217392,9.2,0.7738106754629624,2,1,False
ANXIETY,SENSORY LOSS,72,115,72,0.6260869565217392,9.2,0.7738106754629624,2,1,False
ANXIETY,SINUS CONGESTION,72,115,72,0.6260869565217392,9.2,0.7738106754629624,2,1,False
ANXIETY,SINUS DISORDER,72,115,72,0.6260869565217392,9.2,0.7738106754629624,2,1,False
ANXIETY,SKIN HAEMORRHAGE,72,115,72,0.6260869565217392,9.2,0.7738106754629624,2,1,False
ADJUSTMENT DISORDER,PAIN,72,72,116,0.6206896551724138,9.120689655172415,0.7700594371124985,1,2,False
ANXIETY,MUSCLE SPASTICITY,72,115,73,0.6206896551724138,9.073972602739726,0.7675800172194209,2,1,False
ANXIETY,PSORIASIS,72,115,73,0.6206896551724138,9.073972602739726,0.7675800172194209,2,1,False
ANXIETY,SKIN EXFOLIATION,72,115,73,0.6206896551724138,9.073972602739726,0.7675800172194209,2,1,False
CAROTID ARTERY THROMBOSIS,PAIN,72,72,116,0.6206896551724138,9.120689655172415,0.7700594371124985,1,2,False
HEMIPARESIS,PAIN,72,72,116,0.6206896551724138,9.120689655172415,0.7700594371124985,1,2,False
HEMIPLEGIA,PAIN,72,72,116,0.6206896551724138,9.120689655172415,0.7700594371124985,1,2,False
INFLUENZA,PAIN,72,72,116,0.6206896551724138,9.120689655172415,0.7700594371124985,1,2,False
INFLUENZA LIKE ILLNESS,PAIN,72,72,116,0.6206896551724138,9.120689655172415,0.7700594371124985,1,2,False
NEUROLOGIC NEGLECT SYNDROME,PAIN,72,72,116,0.6206896551724138,9.120689655172415,0.7700594371124985,1,2,False
PAIN,PERSONALITY DISORDER,72,116,72,0.6206896551724138,9.120689655172415,0.7700594371124985,2,1,False
PAIN,RESPIRATORY TRACT CONGESTION,72,116,72,0.6206896551724138,9.120689655172415,0.7700594371124985,2,1,False
PAIN,RHINORRHOEA,72,116,72,0.6206896551724138,9.120689655172415,0.7700594371124985,2,1,False
PAIN,SENSORY LOSS,72,116,72,0.6206896551724138,9.120689655172415,0.7700594371124985,2,1,False
PAIN,SINUS CONGESTION,72,116,72,0.6206896551724138,9.120689655172415,0.7700594371124985,2,1,False
PAIN,SINUS DISORDER,72,116,72,0.6206896551724138,9.120689655172415,0.7700594371124985,2,1,False
PAIN,SKIN HAEMORRHAGE,72,116,72,0.6206896551724138,9.120689655172415,0.7700594371124985,2,1,False
ANXIETY,CYSTITIS,72,115,74,0.6153846153846154,8.95135135135135,0.7614691774727452,2,1,False
ANXIETY,NASOPHARYNGITIS,72,115,74,0.6153846153846154,8.95135135135135,0.7614691774727452,2,1,False
MUSCLE SPASTICITY,PAIN,72,73,116,0.6153846153846154,8.99574870099197,0.7638463262552938,1,2,False
PAIN,PSORIASIS,72,116,73,0.6153846153846154,8.99574870099197,0.7638463262552938,2,1,False
PAIN,SKIN EXFOLIATION,72,116,73,0.6153846153846154,8.99574870099197,0.7638463262552938,2,1,False
PAIN,SNEEZING,72,116,73,0.6153846153846154,8.99574870099197,0.7638463262552938,2,1,False
AFFECT LABILITY,MALAISE,72,82,108,0.6101694915254238,8.601626016260163,0.74291408435193,1,2,False
ANXIETY,CEREBROVASCULAR ACCIDENT,72,115,75,0.6101694915254238,8.832,0.7554741790053355,2,1,False
ANXIETY,DYSPHAGIA,72,115,75,0.6101694915254238,8.832,0.7554741790053355,2,1,False
ANXIETY,EATING DISORDER,72,115,75,0.6101694915254238,8.832,0.7554741790053355,2,1,False
CYSTITIS,PAIN,72,74,116,0.6101694915254238,8.874184529356944,0.7577526118985307,1,2,False
DYSARTHRIA,MOTOR DYSFUNCTION,72,95,95,0.6101694915254238,8.4405540166205,0.7340110400612122,1,1,True
NASOPHARYNGITIS,PAIN,72,74,116,0.6101694915254238,8.874184529356944,0.7577526118985307,1,2,False
CEREBROVASCULAR ACCIDENT,PAIN,72,75,116,0.6050420168067226,8.755862068965516,0.7517743311663354,1,2,False
DYSPHAGIA,PAIN,72,75,116,0.6050420168067226,8.755862068965516,0.7517743311663354,1,2,False
EATING DISORDER,PAIN,72,75,116,0.6050420168067226,8.755862068965516,0.7517743311663354,1,2,False
APHASIA,PAIN,72,76,116,0.6,8.640653357531761,0.7459077035274998,1,2,False
COORDINATION ABNORMAL,PAIN,72,78,116,0.5901639344262295,8.419098143236074,0.7344951338799063,1,2,False
ANXIETY,PNEUMONIA,72,115,81,0.5806451612903226,8.177777777777777,0.7217359029680267,2,1,False
AFFECT LABILITY,PAIN,72,82,116,0.5714285714285714,8.008410428931876,0.7128613812858461,1,2,False
ADJUSTMENT DISORDER,NAUSEA,72,72,128,0.5625,8.265625,0.7283905122506155,1,2,False
CAROTID ARTERY THROMBOSIS,NAUSEA,72,72,128,0.5625,8.265625,0.7283905122506155,1,2,False
HEMIPARESIS,NAUSEA,72,72,128,0.5625,8.265625,0.7283905122506155,1,2,False
HEMIPLEGIA,NAUSEA,72,72,128,0.5625,8.265625,0.7283905122506155,1,2,False
INFLUENZA,NAUSEA,72,72,128,0.5625,8.265625,0.7283905122506155,1,2,False
INFLUENZA LIKE ILLNESS,NAUSEA,72,72,128,0.5625,8.265625,0.7283905122506155,1,2,False
NAUSEA,NEUROLOGIC NEGLECT SYNDROME,72,128,72,0.5625,8.265625,0.7283905122506155,2,1,False
NAUSEA,PERSONALITY DISORDER,72,128,72,0.5625,8.265625,0.7283905122506155,2,1,False
NAUSEA,RESPIRATORY TRACT CONGESTION,72,128,72,0.5625,8.265625,0.7283905122506155,2,1,False
NAUSEA,RHINORRHOEA,72,128,72,0.5625,8.265625,0.7283905122506155,2,1,False
NAUSEA,SENSORY LOSS,72,128,72,0.5625,8.265625,0.7283905122506155,2,1,False
NAUSEA,SINUS CONGESTION,72,128,72,0.5625,8.265625,0.7283905122506155,2,1,False
NAUSEA,SINUS DISORDER,72,128,72,0.5625,8.265625,0.7283905122506155,2,1,False
NAUSEA,SKIN HAEMORRHAGE,72,128,72,0.5625,8.265625,0.7283905122506155,2,1,False
MUSCLE SPASTICITY,NAUSEA,72,73,128,0.5581395348837209,8.152397260273972,0.722367924290227,1,2,False
NAUSEA,PSORIASIS,72,128,73,0.5581395348837209,8.152397260273972,0.722367924290227,2,1,False
NAUSEA,SKIN EXFOLIATION,72,128,73,0.5581395348837209,8.152397260273972,0.722367924290227,2,1,False
NAUSEA,SNEEZING,72,128,73,0.5581395348837209,8.152397260273972,0.722367924290227,2,1,False
CYSTITIS,NAUSEA,72,74,128,0.5538461538461539,8.04222972972973,0.7164601004245545,1,2,False
NASOPHARYNGITIS,NAUSEA,72,74,128,0.5538461538461539,8.04222972972973,0.7164601004245545,1,2,False
CEREBROVASCULAR ACCIDENT,NAUSEA,72,75,128,0.549618320610687,7.935,0.7106632353716373,1,2,False
EATING DISORDER,NAUSEA,72,75,128,0.549618320610687,7.935,0.7106632353716373,1,2,False
APHASIA,NAUSEA,72,76,128,0.5454545454545454,7.8305921052631575,0.7049736988346305,1,2,False
COORDINATION ABNORMAL,NAUSEA,72,78,128,0.5373134328358209,7.6298076923076925,0.6939029043712017,1,2,False
DYSARTHRIA,PAIN,72,95,116,0.5179856115107914,6.912522686025408,0.651665939516278,1,2,False
DYSARTHRIA,NAUSEA,72,95,128,0.4768211920529801,6.264473684210526,0.6134329905611887,1,2,False
ADJUSTMENT DISORDER,CONFUSIONAL STATE,72,72,221,0.3257918552036199,4.787330316742081,0.5258893585629263,1,2,False
CAROTID ARTERY THROMBOSIS,CONFUSIONAL STATE,72,72,221,0.3257918552036199,4.787330316742081,0.5258893585629263,1,2,False
CONFUSIONAL STATE,HEMIPARESIS,72,221,72,0.3257918552036199,4.787330316742081,0.5258893585629263,2,1,False
CONFUSIONAL STATE,HEMIPLEGIA,72,221,72,0.3257918552036199,4.787330316742081,0.5258893585629263,2,1,False
CONFUSIONAL STATE,INFLUENZA,72,221,72,0.3257918552036199,4.787330316742081,0.5258893585629263,2,1,False
CONFUSIONAL STATE,INFLUENZA LIKE ILLNESS,72,221,72,0.3257918552036199,4.787330316742081,0.5258893585629263,2,1,False
CONFUSIONAL STATE,NEUROLOGIC NEGLECT SYNDROME,72,221,72,0.3257918552036199,4.787330316742081,0.5258893585629263,2,1,False
CONFUSIONAL STATE,PERSONALITY DISORDER,72,221,72,0.3257918552036199,4.787330316742081,0.5258893585629263,2,1,False
CONFUSIONAL STATE,RESPIRATORY TRACT CONGESTION,72,221,72,0.3257918552036199,4.787330316742081,0.5258893585629263,2,1,False
CONFUSIONAL STATE,RHINORRHOEA,72,221,72,0.3257918552036199,4.787330316742081,0.5258893585629263,2,1,False
CONFUSIONAL STATE,SENSORY LOSS,72,221,72,0.3257918552036199,4.787330316742081,0.5258893585629263,2,1,False
CONFUSIONAL STATE,SINUS CONGESTION,72,221,72,0.3257918552036199,4.787330316742081,0.5258893585629263,2,1,False
CONFUSIONAL STATE,SINUS DISORDER,72,221,72,0.3257918552036199,4.787330316742081,0.5258893585629263,2,1,False
CONFUSIONAL STATE,SKIN HAEMORRHAGE,72,221,72,0.3257918552036199,4.787330316742081,0.5258893585629263,2,1,False
CONFUSIONAL STATE,MUSCLE SPASTICITY,72,221,73,0.32432432432432434,4.72175044938945,0.5206237453395955,2,1,False
CONFUSIONAL STATE,PSORIASIS,72,221,73,0.32432432432432434,4.72175044938945,0.5206237453395955,2,1,False
CONFUSIONAL STATE,SKIN EXFOLIATION,72,221,73,0.32432432432432434,4.72175044938945,0.5206237453395955,2,1,False
CONFUSIONAL STATE,SNEEZING,72,221,73,0.32432432432432434,4.72175044938945,0.5206237453395955,2,1,False
CONFUSIONAL STATE,NASOPHARYNGITIS,72,221,74,0.32286995515695066,4.657943010884187,0.5154525038390951,2,1,False
CONFUSIONAL STATE,MOTOR DYSFUNCTION,72,221,95,0.29508196721311475,3.6282924505834724,0.42418543715169443,2,1,False
PALPITATIONS,PYREXIA,71,72,85,0.8255813953488372,12.274183006535948,0.9004630855431925,1,2,False
PALPITATIONS,VOMITING,71,72,86,0.8160919540229885,12.131459948320414,0.8947382667550828,1,2,False
ADJUSTMENT DISORDER,MUSCULAR WEAKNESS,71,72,94,0.7473684210526316,11.098995271867611,0.8521800628597996,1,2,False
CAROTID ARTERY THROMBOSIS,MUSCULAR WEAKNESS,71,72,94,0.7473684210526316,11.098995271867611,0.8521800628597996,1,2,False
HEMIPARESIS,MUSCULAR WEAKNESS,71,72,94,0.7473684210526316,11.098995271867611,0.8521800628597996,1,2,False
HEMIPLEGIA,MUSCULAR WEAKNESS,71,72,94,0.7473684210526316,11.098995271867611,0.8521800628597996,1,2,False
INFLUENZA,MUSCULAR WEAKNESS,71,72,94,0.7473684210526316,11.098995271867611,0.8521800628597996,1,2,False
INFLUENZA LIKE ILLNESS,MUSCULAR WEAKNESS,71,72,94,0.7473684210526316,11.098995271867611,0.8521800628597996,1,2,False
MUSCULAR WEAKNESS,NEUROLOGIC NEGLECT SYNDROME,71,94,72,0.7473684210526316,11.098995271867611,0.8521800628597996,2,1,False
MUSCULAR WEAKNESS,PALPITATIONS,71,94,72,0.7473684210526316,11.098995271867611,0.8521800628597996,2,1,False
MUSCULAR WEAKNESS,PERSONALITY DISORDER,71,94,72,0.7473684210526316,11.098995271867611,0.8521800628597996,2,1,False
MUSCULAR WEAKNESS,RESPIRATORY TRACT CONGESTION,71,94,72,0.7473684210526316,11.098995271867611,0.8521800628597996,2,1,False
MUSCULAR WEAKNESS,RHINORRHOEA,71,94,72,0.7473684210526316,11.098995271867611,0.8521800628597996,2,1,False
MUSCULAR WEAKNESS,SENSORY LOSS,71,94,72,0.7473684210526316,11.098995271867611,0.8521800628597996,2,1,False
MUSCULAR WEAKNESS,SINUS CONGESTION,71,94,72,0.7473684210526316,11.098995271867611,0.8521800628597996,2,1,False
MUSCULAR WEAKNESS,SINUS DISORDER,71,94,72,0.7473684210526316,11.098995271867611,0.8521800628597996,2,1,False
MUSCULAR WEAKNESS,SKIN HAEMORRHAGE,71,94,72,0.7473684210526316,11.098995271867611,0.8521800628597996,2,1,False
HEADACHE,PALPITATIONS,71,95,72,0.7395833333333334,10.982163742690059,0.8472296368549727,2,1,False
MUSCLE SPASTICITY,MUSCULAR WEAKNESS,71,73,94,0.7395833333333334,10.946954240746138,0.8455880653675678,1,2,False
MUSCULAR WEAKNESS,PSORIASIS,71,94,73,0.7395833333333334,10.946954240746138,0.8455880653675678,2,1,False
MUSCULAR WEAKNESS,SKIN EXFOLIATION,71,94,73,0.7395833333333334,10.946954240746138,0.8455880653675678,2,1,False
MUSCULAR WEAKNESS,SNEEZING,71,94,73,0.7395833333333334,10.946954240746138,0.8455880653675678,2,1,False
CYSTITIS,MUSCULAR WEAKNESS,71,74,94,0.7319587628865979,10.799022426682,0.8391246366173734,1,2,False
MUSCULAR WEAKNESS,NASOPHARYNGITIS,71,94,74,0.7319587628865979,10.799022426682,0.8391246366173734,2,1,False
CEREBROVASCULAR ACCIDENT,MUSCULAR WEAKNESS,71,75,94,0.7244897959183674,10.655035460992908,0.8327855018199688,1,2,False
DYSPHAGIA,MUSCULAR WEAKNESS,71,75,94,0.7244897959183674,10.655035460992908,0.8327855018199688,1,2,False
EATING DISORDER,MUSCULAR WEAKNESS,71,75,94,0.7244897959183674,10.655035460992908,0.8327855018199688,1,2,False
APHASIA,MUSCULAR WEAKNESS,71,76,94,0.7171717171717171,10.514837625979844,0.826566583093517,1,2,False
COORDINATION ABNORMAL,MUSCULAR WEAKNESS,71,78,94,0.7029702970297029,10.245226404800873,0.8144739985236733,1,2,False
AFFECT LABILITY,MUSCULAR WEAKNESS,71,82,94,0.6761904761904762,9.74545926310327,0.7915713159614068,1,2,False
MALAISE,PALPITATIONS,71,108,72,0.6513761467889908,9.660236625514404,0.7890556325927525,2,1,False
PAIN,PALPITATIONS,71,116,72,0.6068376068376068,8.994013409961687,0.7580471275397068,2,1,False
DYSARTHRIA,MUSCULAR WEAKNESS,71,95,94,0.6016949152542372,8.411870100783874,0.7269455264193161,1,2,False
NAUSEA,PALPITATIONS,71,128,72,0.5503875968992248,8.150824652777779,0.7168815940612315,2,1,False
COUGH,FATIGUE,68,70,88,0.7555555555555555,11.67922077922078,0.8561809917452753,1,1,True
FATIGUE,PALPITATIONS,68,88,72,0.7391304347826086,11.35479797979798,0.8428007045568112,1,1,True
GASTROINTESTINAL DISORDER,PNEUMONIA,68,84,81,0.7010309278350515,10.573780129335685,0.8095409860987598,1,1,True
BLOOD PRESSURE INCREASED,HEADACHE,68,71,95,0.6938775510204082,10.666271312083024,0.8142883807923328,1,2,False
GASTROINTESTINAL DISORDER,MUSCULAR WEAKNESS,68,84,94,0.6181818181818182,9.11144883485309,0.743847670955769,1,2,False
COUGH,PALPITATIONS,67,70,72,0.8933333333333333,14.06468253968254,0.9397172512613242,1,1,True
COUGH,SNEEZING,67,70,73,0.881578947368421,13.8720156555773,0.932739613848963,1,1,True
COUGH,CYSTITIS,67,70,74,0.8701298701298701,13.684555984555985,0.9259000935206497,1,1,True
CEREBROVASCULAR ACCIDENT,COUGH,67,75,70,0.8589743589743589,13.502095238095238,0.9191940901166145,1,1,True
COUGH,DYSPHAGIA,67,70,75,0.8589743589743589,13.502095238095238,0.9191940901166145,1,1,True
COUGH,EATING DISORDER,67,70,75,0.8589743589743589,13.502095238095238,0.9191940901166145,1,1,True
PALPITATIONS,SNEEZING,67,72,73,0.8589743589743589,13.486681887366819,0.918582470145578,1,1,True
COORDINATION ABNORMAL,COUGH,67,78,70,0.8271604938271605,12.982783882783883,0.899834287944379,1,1,True
BLOOD PRESSURE INCREASED,PYREXIA,67,71,85,0.7528089887640449,11.745816072908037,0.8518498349465728,1,2,False
BLOOD PRESSURE INCREASED,FATIGUE,67,71,88,0.7282608695652174,11.34539052496799,0.8357434014279157,1,1,True
COUGH,DYSARTHRIA,67,70,95,0.6836734693877551,10.659548872180451,0.8075623272487785,1,1,True
MOTOR DYSFUNCTION,PALPITATIONS,67,95,72,0.67,10.36345029239766,0.7947167363135063,1,1,True
ANXIETY,COUGH,67,115,70,0.5677966101694916,8.805714285714286,0.7255649118512093,2,1,False
BLOOD PRESSURE INCREASED,PAIN,67,71,116,0.5583333333333333,8.606847984458476,0.7159437111998376,1,2,False
CONFUSIONAL STATE,COUGH,67,221,70,0.29910714285714285,4.582159017453135,0.48994667702364003,2,1,False
CONFUSIONAL STATE,GASTROINTESTINAL DISORDER,67,221,84,0.2815126050420168,3.818465847877613,0.4253107394608203,2,1,False
BLOOD PRESSURE INCREASED,COUGH,66,71,70,0.88,14.049899396378269,0.9316403918616475,1,1,True
ADJUSTMENT DISORDER,COUGH,66,72,70,0.868421052631579,13.854761904761904,0.9246180675321002,1,1,True
CAROTID ARTERY THROMBOSIS,COUGH,66,72,70,0.868421052631579,13.854761904761904,0.9246180675321002,1,1,True
COUGH,HEMIPARESIS,66,70,72,0.868421052631579,13.854761904761904,0.9246180675321002,1,1,True
COUGH,HEMIPLEGIA,66,70,72,0.868421052631579,13.854761904761904,0.9246180675321002,1,1,True
COUGH,INFLUENZA,66,70,72,0.868421052631579,13.854761904761904,0.9246180675321002,1,1,True
COUGH,INFLUENZA LIKE ILLNESS,66,70,72,0.868421052631579,13.854761904761904,0.9246180675321002,1,1,True
COUGH,NEUROLOGIC NEGLECT SYNDROME,66,70,72,0.868421052631579,13.854761904761904,0.9246180675321002,1,1,True
COUGH,PERSONALITY DISORDER,66,70,72,0.868421052631579,13.854761904761904,0.9246180675321002,1,1,True
COUGH,RESPIRATORY TRACT CONGESTION,66,70,72,0.868421052631579,13.854761904761904,0.9246180675321002,1,1,True
COUGH,RHINORRHOEA,66,70,72,0.868421052631579,13.854761904761904,0.9246180675321002,1,1,True
COUGH,SENSORY LOSS,66,70,72,0.868421052631579,13.854761904761904,0.9246180675321002,1,1,True
COUGH,SINUS CONGESTION,66,70,72,0.868421052631579,13.854761904761904,0.9246180675321002,1,1,True
COUGH,SINUS DISORDER,66,70,72,0.868421052631579,13.854761904761904,0.9246180675321002,1,1,True
COUGH,SKIN HAEMORRHAGE,66,70,72,0.868421052631579,13.854761904761904,0.9246180675321002,1,1,True
ADJUSTMENT DISORDER,BLOOD PRESSURE INCREASED,66,72,71,0.8571428571428571,13.65962441314554,0.917527753998279,1,1,True
BLOOD PRESSURE INCREASED,CAROTID ARTERY THROMBOSIS,66,71,72,0.8571428571428571,13.65962441314554,0.917527753998279,1,1,True
BLOOD PRESSURE INCREASED,HEMIPARESIS,66,71,72,0.8571428571428571,13.65962441314554,0.917527753998279,1,1,True
BLOOD PRESSURE INCREASED,HEMIPLEGIA,66,71,72,0.8571428571428571,13.65962441314554,0.917527753998279,1,1,True
BLOOD PRESSURE INCREASED,INFLUENZA,66,71,72,0.8571428571428571,13.65962441314554,0.917527753998279,1,1,True
BLOOD PRESSURE INCREASED,INFLUENZA LIKE ILLNESS,66,71,72,0.8571428571428571,13.65962441314554,0.917527753998279,1,1,True
BLOOD PRESSURE INCREASED,NEUROLOGIC NEGLECT SYNDROME,66,71,72,0.8571428571428571,13.65962441314554,0.917527753998279,1,1,True
BLOOD PRESSURE INCREASED,PALPITATIONS,66,71,72,0.8571428571428571,13.65962441314554,0.917527753998279,1,1,True
BLOOD PRESSURE INCREASED,PERSONALITY DISORDER,66,71,72,0.8571428571428571,13.65962441314554,0.917527753998279,1,1,True
BLOOD PRESSURE INCREASED,RESPIRATORY TRACT CONGESTION,66,71,72,0.8571428571428571,13.65962441314554,0.917527753998279,1,1,True
BLOOD PRESSURE INCREASED,RHINORRHOEA,66,71,72,0.8571428571428571,13.65962441314554,0.917527753998279,1,1,True
BLOOD PRESSURE INCREASED,SENSORY LOSS,66,71,72,0.8571428571428571,13.65962441314554,0.917527753998279,1,1,True
BLOOD PRESSURE INCREASED,SINUS CONGESTION,66,71,72,0.8571428571428571,13.65962441314554,0.917527753998279,1,1,True
BLOOD PRESSURE INCREASED,SINUS DISORDER,66,71,72,0.8571428571428571,13.65962441314554,0.917527753998279,1,1,True
BLOOD PRESSURE INCREASED,SKIN HAEMORRHAGE,66,71,72,0.8571428571428571,13.65962441314554,0.917527753998279,1,1,True
COUGH,MUSCLE SPASTICITY,66,70,73,0.8571428571428571,13.664970645792563,0.9177365958568048,1,1,True
COUGH,PSORIASIS,66,70,73,0.8571428571428571,13.664970645792563,0.9177365958568048,1,1,True
COUGH,SKIN EXFOLIATION,66,70,73,0.8571428571428571,13.664970645792563,0.9177365958568048,1,1,True
ADJUSTMENT DISORDER,PALPITATIONS,66,72,72,0.8461538461538461,13.469907407407407,0.9105814739688979,1,1,True
BLOOD PRESSURE INCREASED,MUSCLE SPASTICITY,66,71,73,0.8461538461538461,13.47250627049971,0.910683868639995,1,1,True
BLOOD PRESSURE INCREASED,PSORIASIS,66,71,73,0.8461538461538461,13.47250627049971,0.910683868639995,1,1,True
BLOOD PRESSURE INCREASED,SKIN EXFOLIATION,66,71,73,0.8461538461538461,13.47250627049971,0.910683868639995,1,1,True
BLOOD PRESSURE INCREASED,SNEEZING,66,71,73,0.8461538461538461,13.47250627049971,0.910683868639995,1,1,True
CAROTID ARTERY THROMBOSIS,PALPITATIONS,66,72,72,0.8461538461538461,13.469907407407407,0.9105814739688979,1,1,True
COUGH,NASOPHARYNGITIS,66,70,74,0.8461538461538461,13.48030888030888,0.9109912222007573,1,1,True
HEMIPARESIS,PALPITATIONS,66,72,72,0.8461538461538461,13.469907407407407,0.9105814739688979,1,1,True
HEMIPLEGIA,PALPITATIONS,66,72,72,0.8461538461538461,13.469907407407407,0.9105814739688979,1,1,True
INFLUENZA,PALPITATIONS,66,72,72,0.8461538461538461,13.469907407407407,0.9105814739688979,1,1,True
INFLUENZA LIKE ILLNESS,PALPITATIONS,66,72,72,0.8461538461538461,13.469907407407407,0.9105814739688979,1,1,True
NEUROLOGIC NEGLECT SYNDROME,PALPITATIONS,66,72,72,0.8461538461538461,13.469907407407407,0.9105814739688979,1,1,True
PALPITATIONS,PERSONALITY DISORDER,66,72,72,0.8461538461538461,13.469907407407407,0.9105814739688979,1,1,True
PALPITATIONS,RESPIRATORY TRACT CONGESTION,66,72,72,0.8461538461538461,13.469907407407407,0.9105814739688979,1,1,True
PALPITATIONS,RHINORRHOEA,66,72,72,0.8461538461538461,13.469907407407407,0.9105814739688979,1,1,True
PALPITATIONS,SENSORY LOSS,66,72,72,0.8461538461538461,13.469907407407407,0.9105814739688979,1,1,True
PALPITATIONS,SINUS CONGESTION,66,72,72,0.8461538461538461,13.469907407407407,0.9105814739688979,1,1,True
PALPITATIONS,SINUS DISORDER,66,72,72,0.8461538461538461,13.469907407407407,0.9105814739688979,1,1,True
PALPITATIONS,SKIN HAEMORRHAGE,66,72,72,0.8461538461538461,13.469907407407407,0.9105814739688979,1,1,True
BLOOD PRESSURE INCREASED,CYSTITIS,66,71,74,0.8354430379746836,13.290445374952418,0.9039752282076131,1,1,True
BLOOD PRESSURE INCREASED,NASOPHARYNGITIS,66,71,74,0.8354430379746836,13.290445374952418,0.9039752282076131,1,1,True
MUSCLE SPASTICITY,PALPITATIONS,66,73,72,0.8354430379746836,13.285388127853881,0.903774299287525,1,1,True
PALPITATIONS,PSORIASIS,66,72,73,0.8354430379746836,13.285388127853881,0.903774299287525,1,1,True
PALPITATIONS,SKIN EXFOLIATION,66,72,73,0.8354430379746836,13.285388127853881,0.903774299287525,1,1,True
APHASIA,COUGH,66,76,70,0.825,13.125563909774437,0.897890848054326,1,1,True
BLOOD PRESSURE INCREASED,CEREBROVASCULAR ACCIDENT,66,71,75,0.825,13.113239436619718,0.8973973290645076,1,1,True
BLOOD PRESSURE INCREASED,DYSPHAGIA,66,71,75,0.825,13.113239436619718,0.8973973290645076,1,1,True
BLOOD PRESSURE INCREASED,EATING DISORDER,66,71,75,0.825,13.113239436619718,0.8973973290645076,1,1,True
CYSTITIS,PALPITATIONS,66,74,72,0.825,13.105855855855856,0.8971015351755357,1,1,True
NASOPHARYNGITIS,PALPITATIONS,66,74,72,0.825,13.105855855855856,0.8971015351755357,1,1,True
APHASIA,BLOOD PRESSURE INCREASED,66,76,71,0.8148148148148148,12.94069681245367,0.8909458752158882,1,1,True
CEREBROVASCULAR ACCIDENT,PALPITATIONS,66,75,72,0.8148148148148148,12.931111111111111,0.8905587061990204,1,1,True
DYSPHAGIA,PALPITATIONS,66,75,72,0.8148148148148148,12.931111111111111,0.8905587061990204,1,1,True
EATING DISORDER,PALPITATIONS,66,75,72,0.8148148148148148,12.931111111111111,0.8905587061990204,1,1,True
APHASIA,PALPITATIONS,66,76,72,0.8048780487804879,12.760964912280702,0.8841415432538541,1,1,True
BLOOD PRESSURE INCREASED,COORDINATION ABNORMAL,66,71,78,0.7951807228915663,12.608884073672806,0.8784060855306912,1,1,True
COORDINATION ABNORMAL,PALPITATIONS,66,78,72,0.7857142857142857,12.433760683760683,0.8716680990463651,1,1,True
COUGH,PNEUMONIA,66,70,81,0.7764705882352941,12.315343915343915,0.8672284836736615,1,1,True
AFFECT LABILITY,COUGH,66,82,70,0.7674418604651163,12.165156794425087,0.8614248409977247,1,1,True
BLOOD PRESSURE INCREASED,PNEUMONIA,66,71,81,0.7674418604651163,12.14188836724048,0.8604479980304185,1,1,True
AFFECT LABILITY,BLOOD PRESSURE INCREASED,66,82,71,0.7586206896551724,11.99381655788389,0.8546751984031546,1,1,True
PALPITATIONS,PNEUMONIA,66,72,81,0.7586206896551724,11.973251028806585,0.8538042902532562,1,1,True
AFFECT LABILITY,PALPITATIONS,66,82,72,0.75,11.827235772357724,0.848061606255343,1,1,True
COUGH,GASTROINTESTINAL DISORDER,66,70,84,0.75,11.875510204081632,0.8501202328775619,1,1,True
BLOOD PRESSURE INCREASED,GASTROINTESTINAL DISORDER,66,71,84,0.7415730337078652,11.70824949698189,0.8434303878403685,1,1,True
COUGH,PYREXIA,66,70,85,0.7415730337078652,11.735798319327731,0.8446133366606833,1,2,False
ADJUSTMENT DISORDER,GASTROINTESTINAL DISORDER,66,72,84,0.7333333333333333,11.545634920634921,0.8368751799687153,1,1,True
CAROTID ARTERY THROMBOSIS,GASTROINTESTINAL DISORDER,66,72,84,0.7333333333333333,11.545634920634921,0.8368751799687153,1,1,True
COUGH,VOMITING,66,70,86,0.7333333333333333,11.599335548172757,0.8391996265275277,1,2,False
GASTROINTESTINAL DISORDER,HEMIPARESIS,66,84,72,0.7333333333333333,11.545634920634921,0.8368751799687153,1,1,True
GASTROINTESTINAL DISORDER,HEMIPLEGIA,66,84,72,0.7333333333333333,11.545634920634921,0.8368751799687153,1,1,True
GASTROINTESTINAL DISORDER,INFLUENZA,66,84,72,0.7333333333333333,11.545634920634921,0.8368751799687153,1,1,True
GASTROINTESTINAL DISORDER,INFLUENZA LIKE ILLNESS,66,84,72,0.7333333333333333,11.545634920634921,0.8368751799687153,1,1,True
GASTROINTESTINAL DISORDER,NEUROLOGIC NEGLECT SYNDROME,66,84,72,0.7333333333333333,11.545634920634921,0.8368751799687153,1,1,True
GASTROINTESTINAL DISORDER,PALPITATIONS,66,84,72,0.7333333333333333,11.545634920634921,0.8368751799687153,1,1,True
GASTROINTESTINAL DISORDER,PERSONALITY DISORDER,66,84,72,0.7333333333333333,11.545634920634921,0.8368751799687153,1,1,True
GASTROINTESTINAL DISORDER,RESPIRATORY TRACT CONGESTION,66,84,72,0.7333333333333333,11.545634920634921,0.8368751799687153,1,1,True
GASTROINTESTINAL DISORDER,RHINORRHOEA,66,84,72,0.7333333333333333,11.545634920634921,0.8368751799687153,1,1,True
GASTROINTESTINAL DISORDER,SENSORY LOSS,66,84,72,0.7333333333333333,11.545634920634921,0.8368751799687153,1,1,True
GASTROINTESTINAL DISORDER,SINUS CONGESTION,66,84,72,0.7333333333333333,11.545634920634921,0.8368751799687153,1,1,True
GASTROINTESTINAL DISORDER,SINUS DISORDER,66,84,72,0.7333333333333333,11.545634920634921,0.8368751799687153,1,1,True
GASTROINTESTINAL DISORDER,SKIN HAEMORRHAGE,66,84,72,0.7333333333333333,11.545634920634921,0.8368751799687153,1,1,True
BLOOD PRESSURE INCREASED,VOMITING,66,71,86,0.7252747252747253,11.435964624959057,0.8325671849481208,1,2,False
GASTROINTESTINAL DISORDER,MUSCLE SPASTICITY,66,84,73,0.7252747252747253,11.38747553816047,0.8304500077016459,1,1,True
GASTROINTESTINAL DISORDER,PSORIASIS,66,84,73,0.7252747252747253,11.38747553816047,0.8304500077016459,1,1,True
GASTROINTESTINAL DISORDER,SKIN EXFOLIATION,66,84,73,0.7252747252747253,11.38747553816047,0.8304500077016459,1,1,True
GASTROINTESTINAL DISORDER,SNEEZING,66,84,73,0.7252747252747253,11.38747553816047,0.8304500077016459,1,1,True
CYSTITIS,GASTROINTESTINAL DISORDER,66,74,84,0.717391304347826,11.233590733590734,0.8241504872454061,1,1,True
GASTROINTESTINAL DISORDER,NASOPHARYNGITIS,66,84,74,0.717391304347826,11.233590733590734,0.8241504872454061,1,1,True
CEREBROVASCULAR ACCIDENT,GASTROINTESTINAL DISORDER,66,75,84,0.7096774193548387,11.083809523809524,0.8179724394837778,1,1,True
DYSPHAGIA,GASTROINTESTINAL DISORDER,66,75,84,0.7096774193548387,11.083809523809524,0.8179724394837778,1,1,True
EATING DISORDER,GASTROINTESTINAL DISORDER,66,75,84,0.7096774193548387,11.083809523809524,0.8179724394837778,1,1,True
APHASIA,GASTROINTESTINAL DISORDER,66,76,84,0.7021276595744681,10.93796992481203,0.8119118778379038,1,1,True
COORDINATION ABNORMAL,GASTROINTESTINAL DISORDER,66,78,84,0.6875,10.657509157509157,0.8001281624350305,1,1,True
COUGH,MUSCULAR WEAKNESS,66,70,94,0.673469387755102,10.612158054711246,0.798944959116233,1,2,False
BLOOD PRESSURE INCREASED,MUSCULAR WEAKNESS,66,71,94,0.6666666666666666,10.462691039856159,0.7925207983074308,1,2,False
COUGH,HEADACHE,66,70,95,0.6666666666666666,10.500451127819549,0.7942613598437532,1,2,False
COUGH,MOTOR DYSFUNCTION,66,70,95,0.6666666666666666,10.500451127819549,0.7942613598437532,1,1,True
AFFECT LABILITY,GASTROINTESTINAL DISORDER,66,82,84,0.66,10.137630662020905,0.7778140470371757,1,1,True
BLOOD PRESSURE INCREASED,DYSARTHRIA,66,71,95,0.66,10.352557449962935,0.7878610703465195,1,1,True
BLOOD PRESSURE INCREASED,MOTOR DYSFUNCTION,66,71,95,0.66,10.352557449962935,0.7878610703465195,1,1,True
DYSARTHRIA,PALPITATIONS,66,95,72,0.6534653465346535,10.208771929824561,0.7815885111781397,1,1,True
GASTROINTESTINAL DISORDER,PYREXIA,66,84,85,0.6407766990291263,9.77983193277311,0.7620779744647492,1,2,False
GASTROINTESTINAL DISORDER,VOMITING,66,84,86,0.6346153846153846,9.66611295681063,0.7570082337484522,1,2,False
FATIGUE,GASTROINTESTINAL DISORDER,66,88,84,0.6226415094339622,9.446428571428571,0.7471172214869827,1,1,True
COUGH,MALAISE,66,70,108,0.5892857142857143,9.236507936507936,0.7392030396353734,1,2,False
BLOOD PRESSURE INCREASED,MALAISE,66,71,108,0.584070796460177,9.10641627543036,0.7330769676041291,1,2,False
DYSARTHRIA,GASTROINTESTINAL DISORDER,66,95,84,0.584070796460177,8.750375939849624,0.714877441162685,1,1,True
GASTROINTESTINAL DISORDER,HEADACHE,66,84,95,0.584070796460177,8.750375939849624,0.714877441162685,1,2,False
ANXIETY,BLOOD PRESSURE INCREASED,66,115,71,0.55,8.552112676056337,0.7073463759061925,2,1,False
COUGH,PAIN,66,70,116,0.55,8.59950738916256,0.7098384701877773,1,2,False
GASTROINTESTINAL DISORDER,MALAISE,66,84,108,0.5238095238095238,7.697089947089947,0.6631264816015984,1,2,False
COUGH,NAUSEA,66,70,128,0.5,7.793303571428571,0.6708340225917673,1,2,False
ANXIETY,GASTROINTESTINAL DISORDER,66,115,84,0.49624060150375937,7.228571428571429,0.6387658470917174,2,1,False
BLOOD PRESSURE INCREASED,NAUSEA,66,71,128,0.49624060150375937,7.683538732394366,0.665028990412579,1,2,False
GASTROINTESTINAL DISORDER,PAIN,66,84,116,0.4925373134328358,7.166256157635468,0.6354556858335957,1,2,False
BLOOD PRESSURE INCREASED,CONFUSIONAL STATE,66,71,221,0.2920353982300885,4.450194378943343,0.47549676779668704,1,2,False
CONFUSIONAL STATE,PALPITATIONS,66,221,72,0.2907488986784141,4.388386123680242,0.4704940039871023,2,1,False
COGNITIVE DISORDER,DIZZINESS,45,70,123,0.30405405405405406,5.529616724738676,0.43729927121649054,3,3,True
COGNITIVE DISORDER,HYPONATRAEMIA,43,70,72,0.43434343434343436,9.026587301587302,0.5773368417599491,3,3,True
COGNITIVE DISORDER,NAUSEA,39,70,128,0.24528301886792453,4.605133928571429,0.35600447850692096,3,2,False
HYPONATRAEMIA,NAUSEA,38,72,128,0.2345679012345679,4.362413194444445,0.3370872938115602,3,2,False
DIZZINESS,NAUSEA,36,123,128,0.16744186046511628,2.419207317073171,0.1909660224410761,3,2,False
DIZZINESS,HYPONATRAEMIA,35,123,72,0.21875,4.181345980126468,0.31180670035429453,3,3,True
DIZZINESS,SYNCOPE,34,123,79,0.20238095238095238,3.701965627251209,0.2783868839842121,3,3,True
DRUG INTERACTION,SYNCOPE,33,70,79,0.28448275862068967,6.3135623869801085,0.40177094958566995,3,3,True
COGNITIVE DISORDER,HYPOTENSION,32,70,90,0.25,5.373968253968254,0.35500114222064705,3,3,True
HYPONATRAEMIA,HYPOTENSION,31,72,90,0.2366412213740458,5.06141975308642,0.3346487780387343,3,3,True
HYPOTENSION,SYNCOPE,31,90,79,0.2246376811594203,4.612939521800281,0.3129438834766182,3,3,True
DIZZINESS,DRUG INTERACTION,31,123,70,0.19135802469135801,3.8092915214866436,0.27121525056883267,3,3,True
DRUG INTERACTION,HYPONATRAEMIA,29,70,72,0.25663716814159293,6.087698412698413,0.36594826955081367,3,3,True
DIZZINESS,HYPOTENSION,29,123,90,0.15760869565217392,2.7716350496838302,0.19593164739353908,3,3,True
COGNITIVE DISORDER,DRUG INTERACTION,28,70,70,0.25,6.045714285714285,0.35748987854251013,3,3,True
DRUG INTERACTION,NAUSEA,27,70,128,0.15789473684210525,3.188169642857143,0.21608023669143372,3,2,False
HYPOTENSION,NAUSEA,27,90,128,0.14136125654450263,2.4796875,0.16738521390506467,3,2,False
COGNITIVE DISORDER,SYNCOPE,24,70,79,0.192,4.591681735985533,0.27157550369829075,3,3,True
COGNITIVE DISORDER,CONFUSIONAL STATE,23,70,221,0.08582089552238806,1.5729799612152553,0.07836883472530579,3,2,False
HYPONATRAEMIA,SYNCOPE,22,72,79,0.17054263565891473,4.09212376933896,0.23735963185306463,3,3,True
NAUSEA,SYNCOPE,22,128,79,0.11891891891891893,2.3018196202531644,0.13719444368008307,2,3,False
DIZZINESS,MOTOR DYSFUNCTION,22,123,95,0.11224489795918367,1.9919554985023535,0.11300238207964533,3,1,False
DRUG INTERACTION,HYPOTENSION,21,70,90,0.1510791366906475,3.526666666666667,0.20506997321339307,3,3,True
CONFUSIONAL STATE,DIZZINESS,21,221,123,0.06501547987616099,0.8173490784681603,-0.0340409777593295,2,3,False
COGNITIVE DISORDER,MOTOR DYSFUNCTION,20,70,95,0.13793103448275862,3.181954887218045,0.1824168592125876,3,1,False
ANXIETY,COGNITIVE DISORDER,20,115,70,0.12121212121212122,2.6285714285714286,0.15138067340965933,2,3,False
ANXIETY,HYPONATRAEMIA,20,115,72,0.11976047904191617,2.5555555555555554,0.14679335306885466,2,3,False
CONFUSIONAL STATE,HYPONATRAEMIA,19,221,72,0.06934306569343066,1.2633232780291603,0.036563726476481165,2,3,False
MOTOR DYSFUNCTION,SYNCOPE,18,95,79,0.11538461538461539,2.537508327781479,0.13717922204174096,1,3,False
HYPOTENSION,MOTOR DYSFUNCTION,18,90,95,0.10778443113772455,2.2273684210526317,0.11754581737974644,3,1,False
ANXIETY,DIZZINESS,17,115,123,0.07692307692307693,1.2715447154471544,0.03439388061647078,2,3,False
COGNITIVE DISORDER,GASTROINTESTINAL DISORDER,16,70,84,0.11594202898550725,2.8789115646258505,0.14687133816274636,3,1,False
GASTROINTESTINAL DISORDER,HYPOTENSION,16,84,90,0.10126582278481013,2.2391534391534393,0.11096060786348806,1,3,False
DRUG INTERACTION,MOTOR DYSFUNCTION,15,70,95,0.1,2.386466165413534,0.1159120221874609,3,1,False
HYPONATRAEMIA,MOTOR DYSFUNCTION,14,72,95,0.0915032679738562,2.165497076023392,0.09892080413907615,3,1,False
CONFUSIONAL STATE,DRUG INTERACTION,14,221,70,0.05054151624548736,0.9574660633484163,-0.005817542108444405,2,3,False
GASTROINTESTINAL DISORDER,HYPONATRAEMIA,13,84,72,0.09090909090909091,2.2741402116402116,0.1011125766202402,1,3,False
GASTROINTESTINAL DISORDER,SYNCOPE,13,84,79,0.08666666666666667,2.0726341169379143,0.08948164731410416,1,3,False
DIZZINESS,GASTROINTESTINAL DISORDER,13,123,84,0.06701030927835051,1.3312040263259775,0.035277883571203796,3,1,False
DIZZINESS,MUSCULAR WEAKNESS,13,123,94,0.06372549019607843,1.189586576716831,0.021472358273829074,3,2,False
DRUG INTERACTION,DYSARTHRIA,12,70,95,0.0784313725490196,1.909172932330827,0.07600911997238488,3,1,False
DYSARTHRIA,SYNCOPE,12,95,79,0.07407407407407407,1.691672218520986,0.06171222303654366,1,3,False
ANXIETY,DRUG INTERACTION,12,115,70,0.06936416184971098,1.5771428571428572,0.053647186015352955,2,3,False
DIZZINESS,HEADACHE,11,123,95,0.05314009661835749,0.9959777492511768,-0.00045820998686423346,3,2,False
AFFECT LABILITY,COGNITIVE DISORDER,10,82,70,0.07042253521126761,1.843205574912892,0.06505580187287772,1,3,False
AFFECT LABILITY,HYPONATRAEMIA,10,82,72,0.06944444444444445,1.7920054200542006,0.062035167868875286,1,3,False
DRUG INTERACTION,GASTROINTESTINAL DISORDER,10,70,84,0.06944444444444445,1.7993197278911566,0.06248147079696849,3,1,False
DIZZINESS,MALAISE,10,123,108,0.04524886877828054,0.7964468533574225,-0.024892851352025402,3,2,False
AFFECT LABILITY,DRUG INTERACTION,9,82,70,0.06293706293706294,1.6588850174216028,0.05083492617421974,1,3,False
HYPOTENSION,MALAISE,9,90,108,0.047619047619047616,0.9796296296296296,-0.0020942695414584776,3,2,False
AFFECT LABILITY,DIZZINESS,9,82,123,0.04591836734693878,0.9440809042236764,-0.0058788030091267394,1,3,False
DIZZINESS,PAIN,9,123,116,0.0391304347826087,0.667367535744323,-0.04233649757257156,3,2,False
CONFUSIONAL STATE,HEAD INJURY,8,221,76,0.02768166089965398,0.5039295070254822,-0.0709133260210045,2,4,False
HYPONATRAEMIA,VOMITING,7,72,86,0.046357615894039736,1.1960594315245479,0.01575910767838944,3,2,False
HYPOTENSION,PYREXIA,7,90,85,0.041666666666666664,0.9681045751633987,-0.0028745178508514783,3,2,False
COGNITIVE DISORDER,MUSCULAR WEAKNESS,6,70,94,0.0379746835443038,0.964741641337386,-0.002930610146011985,3,2,False
DRUG INTERACTION,MUSCULAR WEAKNESS,6,70,94,0.0379746835443038,0.964741641337386,-0.002930610146011985,3,2,False
HYPONATRAEMIA,MUSCULAR WEAKNESS,6,72,94,0.0375,0.9379432624113475,-0.005236512456490356,3,2,False
HYPONATRAEMIA,MALAISE,6,72,108,0.034482758620689655,0.816358024691358,-0.01673207572306214,3,2,False
HYPOTENSION,MUSCULAR WEAKNESS,6,90,94,0.033707865168539325,0.750354609929078,-0.023770183628534787,3,2,False
COGNITIVE DISORDER,PAIN,6,70,116,0.03333333333333333,0.7817733990147783,-0.02038364181585437,3,2,False
HYPONATRAEMIA,PAIN,6,72,116,0.03296703296703297,0.7600574712643678,-0.022752994691752876,3,2,False
COGNITIVE DISORDER,PALPITATIONS,5,70,72,0.0364963503649635,1.0496031746031746,0.0035678600494385543,3,1,False
HYPONATRAEMIA,PALPITATIONS,5,72,72,0.03597122302158273,1.0204475308641976,0.0014931259860265945,3,1,False
COGNITIVE DISORDER,PYREXIA,5,70,85,0.03333333333333333,0.8890756302521008,-0.00872671032587199,3,2,False
COGNITIVE DISORDER,VOMITING,5,70,86,0.033112582781456956,0.8787375415282392,-0.009600923510611446,3,2,False
HYPONATRAEMIA,PYREXIA,5,72,85,0.03289473684210526,0.8643790849673203,-0.010831971375994228,3,2,False
HYPOTENSION,PALPITATIONS,5,90,72,0.03184713375796178,0.816358024691358,-0.015131546692989353,3,1,False
COGNITIVE DISORDER,HEADACHE,5,70,95,0.03125,0.7954887218045112,-0.017097651862792496,3,2,False
HEADACHE,HYPONATRAEMIA,5,95,72,0.030864197530864196,0.7733918128654971,-0.01923322207922329,2,3,False
HYPOTENSION,VOMITING,5,90,86,0.029239766081871343,0.6834625322997416,-0.028709444731792426,3,2,False
COGNITIVE DISORDER,MALAISE,5,70,108,0.028901734104046242,0.6997354497354498,-0.02694788494848554,3,2,False
HEADACHE,HYPOTENSION,5,95,90,0.027777777777777776,0.6187134502923977,-0.0365160438972721,2,3,False
DIZZINESS,PALPITATIONS,5,123,72,0.02631578947368421,0.5973351400180669,-0.03946556021379336,3,1,False
ANXIETY,HYPOTENSION,5,115,90,0.025,0.5111111111111111,-0.052057920629535355,2,3,False
HYPOTENSION,PAIN,5,90,116,0.024875621890547265,0.5067049808429118,-0.0527829731769139,3,2,False
DIZZINESS,PYREXIA,5,123,85,0.024630541871921183,0.5059780009564802,-0.05295976894865021,3,2,False
DIZZINESS,VOMITING,5,123,86,0.024509803921568627,0.5000945358290793,-0.05393252174362049,3,2,False
HEAD INJURY,PYREXIA,4,76,85,0.025477707006369428,0.6551083591331269,-0.028358729066764413,4,2,False
FATIGUE,HEAD INJURY,4,88,76,0.025,0.6327751196172249,-0.030770788079239452,1,4,False
HEAD INJURY,MALAISE,4,76,108,0.022222222222222223,0.5155945419103314,-0.045437052955589176,4,2,False
DRUG INTERACTION,PAIN,4,70,116,0.02197802197802198,0.5211822660098522,-0.044724378882642093,3,2,False
HEAD INJURY,PAIN,4,76,116,0.02127659574468085,0.48003629764065336,-0.05076070238969803,4,2,False
DIZZINESS,HEAD INJURY,4,123,76,0.020512820512820513,0.45271715875053486,-0.055221682497742744,3,4,False
CONFUSIONAL STATE,HYPOTENSION,4,221,90,0.013029315960912053,0.21277023629964806,-0.12334413098227688,2,3,False
DRUG INTERACTION,HEAD INJURY,3,70,76,0.02097902097902098,0.5966165413533835,-0.02987030693750517,3,4,False
DRUG INTERACTION,PNEUMONIA,3,70,81,0.02027027027027027,0.5597883597883598,-0.03373861864848435,3,1,False
DRUG INTERACTION,VOMITING,3,70,86,0.0196078431372549,0.5272425249169436,-0.0374304497413701,3,2,False
FATIGUE,HYPONATRAEMIA,3,88,72,0.01910828025477707,0.5009469696969697,-0.04061906822047063,1,3,False
HEAD INJURY,HYPOTENSION,3,76,90,0.018404907975460124,0.46403508771929824,-0.04546435008611161,4,3,False
HEAD INJURY,MUSCULAR WEAKNESS,3,76,94,0.017964071856287425,0.4442889137737962,-0.04827536020951044,4,2,False
PAIN,SYNCOPE,3,116,79,0.015625,0.34635530336097775,-0.06515796091601628,2,3,False
DIZZINESS,FATIGUE,3,123,88,0.014423076923076924,0.2932372505543237,-0.07721041216071353,3,1,False
DIZZINESS,DYSARTHRIA,3,123,95,0.013953488372093023,0.2716302952503209,-0.082975004217053,3,1,False
