mean_fit_time,std_fit_time,mean_score_time,std_score_time,param_model__subsample,param_model__scale_pos_weight,param_model__reg_lambda,param_model__reg_alpha,param_model__n_estimators,param_model__min_child_weight,param_model__max_depth,param_model__learning_rate,param_model__gamma,param_model__colsample_bytree,params,split0_test_average_precision,split1_test_average_precision,split2_test_average_precision,mean_test_average_precision,std_test_average_precision,rank_test_average_precision,split0_test_roc_auc,split1_test_roc_auc,split2_test_roc_auc,mean_test_roc_auc,std_test_roc_auc,rank_test_roc_auc,split0_test_neg_brier_score,split1_test_neg_brier_score,split2_test_neg_brier_score,mean_test_neg_brier_score,std_test_neg_brier_score,rank_test_neg_brier_score
160.65811038017273,0.24671530220272614,21.10620371500651,0.07447301429931268,0.7,5.0,1.0,1.0,600,3,6,0.08,0.0,0.9,"{'model__subsample': 0.7, 'model__scale_pos_weight': 5.0, 'model__reg_lambda': 1.0, 'model__reg_alpha': 1.0, 'model__n_estimators': 600, 'model__min_child_weight': 3, 'model__max_depth': 6, 'model__learning_rate': 0.08, 'model__gamma': 0.0, 'model__colsample_bytree': 0.9}",0.15213891238788735,0.15158457827063382,0.15172539990944037,0.1518162968559872,0.00023525627098473258,1,0.7869980163478039,0.7888290471554896,0.7869287854894795,0.787585282997591,0.0008799280986880034,5,-0.04353820160031319,-0.04341098666191101,-0.043580908328294754,-0.04351003219683965,7.21733082965265e-05,5
271.0016649564107,1.6606487907690641,33.27870965003967,0.0529586773034749,1.0,5.0,1.0,0.5,1200,3,6,0.05,0.5,0.7,"{'model__subsample': 1.0, 'model__scale_pos_weight': 5.0, 'model__reg_lambda': 1.0, 'model__reg_alpha': 0.5, 'model__n_estimators': 1200, 'model__min_child_weight': 3, 'model__max_depth': 6, 'model__learning_rate': 0.05, 'model__gamma': 0.5, 'model__colsample_bytree': 0.7}",0.15017499909265117,0.14797229418235702,0.1490744050123833,0.14907389942913052,0.0008992505850871247,2,0.7852597554168099,0.7860769163920002,0.7842812637374392,0.7852059785154163,0.0007340577090395336,6,-0.043424107134342194,-0.04344085231423378,-0.04355716332793236,-0.04347404092550278,5.91726321968147e-05,3
224.6125326951345,0.2880764860678964,27.89192255338033,0.0463956815249955,0.8,40.0,5.0,1.0,900,20,6,0.08,0.5,1.0,"{'model__subsample': 0.8, 'model__scale_pos_weight': 40.0, 'model__reg_lambda': 5.0, 'model__reg_alpha': 1.0, 'model__n_estimators': 900, 'model__min_child_weight': 20, 'model__max_depth': 6, 'model__learning_rate': 0.08, 'model__gamma': 0.5, 'model__colsample_bytree': 1.0}",0.1454880551251466,0.1450410414945837,0.1456759523508577,0.14540168299019599,0.00026629940308556607,3,0.7886701096860309,0.7892833039300458,0.7887054547085455,0.7888862894415407,0.00028110223017771725,1,-0.22324194014072418,-0.22311395406723022,-0.22374793887138367,-0.22336794435977936,0.0002737297698937746,43
302.6393504142761,0.5800655728825018,35.98569846153259,0.0024998402560490866,0.7,30.0,10.0,0.1,1200,20,6,0.05,0.0,0.8,"{'model__subsample': 0.7, 'model__scale_pos_weight': 30.0, 'model__reg_lambda': 10.0, 'model__reg_alpha': 0.1, 'model__n_estimators': 1200, 'model__min_child_weight': 20, 'model__max_depth': 6, 'model__learning_rate': 0.05, 'model__gamma': 0.0, 'model__colsample_bytree': 0.8}",0.14524402190463803,0.1444801718279764,0.14543050171546948,0.14505156514936132,0.0004111458992899291,4,0.7882402559323831,0.7894784642416861,0.7884832623970481,0.7887339941903724,0.0005356863376046744,2,-0.18285615742206573,-0.18272314965724945,-0.1831374615430832,-0.18290558954079947,0.00017271602021363717,28
210.0807093779246,0.9690341047473965,26.67918308575948,0.09689282256201526,1.0,5.0,10.0,0.0,900,10,6,0.05,2.0,0.8,"{'model__subsample': 1.0, 'model__scale_pos_weight': 5.0, 'model__reg_lambda': 10.0, 'model__reg_alpha': 0.0, 'model__n_estimators': 900, 'model__min_child_weight': 10, 'model__max_depth': 6, 'model__learning_rate': 0.05, 'model__gamma': 2.0, 'model__colsample_bytree': 0.8}",0.14519142560926468,0.1436398953248034,0.1446746309848439,0.14450198397297065,0.0006450668176923984,5,0.782488464580314,0.7837141177552381,0.7823790578718254,0.7828605467357925,0.0006052162538540451,9,-0.04366301745176315,-0.04364757612347603,-0.04376719146966934,-0.043692595014969506,5.3123014128567666e-05,7
299.60675597190857,0.6361371862178378,35.553515911102295,0.057353710149416856,0.7,40.0,5.0,0.1,1200,20,6,0.05,0.0,1.0,"{'model__subsample': 0.7, 'model__scale_pos_weight': 40.0, 'model__reg_lambda': 5.0, 'model__reg_alpha': 0.1, 'model__n_estimators': 1200, 'model__min_child_weight': 20, 'model__max_depth': 6, 'model__learning_rate': 0.05, 'model__gamma': 0.0, 'model__colsample_bytree': 1.0}",0.14447535834574118,0.14356066929577127,0.14442461633896003,0.14415354799349084,0.00041974003896878386,6,0.7880828867899601,0.7893002327883732,0.7882381736382154,0.788540431072183,0.0005409882853042307,3,-0.22520102560520172,-0.22516068816184998,-0.22540421783924103,-0.2252553105354309,0.00010657334307113973,44
272.540297349294,0.9210639009374015,33.06971740722656,0.1788989456468048,0.7,30.0,10.0,0.1,1200,1,5,0.08,0.0,1.0,"{'model__subsample': 0.7, 'model__scale_pos_weight': 30.0, 'model__reg_lambda': 10.0, 'model__reg_alpha': 0.1, 'model__n_estimators': 1200, 'model__min_child_weight': 1, 'model__max_depth': 5, 'model__learning_rate': 0.08, 'model__gamma': 0.0, 'model__colsample_bytree': 1.0}",0.14341381448966253,0.14329911150860206,0.14332980652605506,0.14334757750810656,4.8484013298857883e-05,7,0.7875426014529499,0.7882220359785886,0.7873930948732273,0.7877192441015887,0.0003607287143436275,4,-0.1833535134792328,-0.1832575649023056,-0.18366692960262299,-0.18342600266138712,0.00017480632256593526,29
153.36179884274802,0.6005707127717176,20.7582053343455,0.2077687982133334,1.0,10.0,1.0,0.1,600,5,6,0.05,1.0,0.7,"{'model__subsample': 1.0, 'model__scale_pos_weight': 10.0, 'model__reg_lambda': 1.0, 'model__reg_alpha': 0.1, 'model__n_estimators': 600, 'model__min_child_weight': 5, 'model__max_depth': 6, 'model__learning_rate': 0.05, 'model__gamma': 1.0, 'model__colsample_bytree': 0.7}",0.1415906295049328,0.13963615204115232,0.1409141944241841,0.14071365865675642,0.0008104140853579397,8,0.7814750676028156,0.7823935243931971,0.7813366978024325,0.7817350965994817,0.00046899319118523183,12,-0.0739365965127945,-0.0739825889468193,-0.07416325062513351,-0.07402747869491577,9.782412372269729e-05,13
203.33313552538553,1.1193979701026482,25.546868562698364,0.2990813385334587,0.9,5.0,10.0,0.1,900,5,5,0.05,1.0,1.0,"{'model__subsample': 0.9, 'model__scale_pos_weight': 5.0, 'model__reg_lambda': 10.0, 'model__reg_alpha': 0.1, 'model__n_estimators': 900, 'model__min_child_weight': 5, 'model__max_depth': 5, 'model__learning_rate': 0.05, 'model__gamma': 1.0, 'model__colsample_bytree': 1.0}",0.14137941876048402,0.13978924719354827,0.14068191583827666,0.1406168605974363,0.0006508125901995243,9,0.7803331856337123,0.7818615177467746,0.7803428470267892,0.7808458501357588,0.0007181962859270219,14,-0.043906815350055695,-0.04381638392806053,-0.04398997873067856,-0.04390439266959826,7.089048318567185e-05,9
268.08068052927655,1.410922989662308,32.686371644337974,0.13441545471583455,1.0,40.0,10.0,1.0,1200,1,6,0.05,2.0,0.9,"{'model__subsample': 1.0, 'model__scale_pos_weight': 40.0, 'model__reg_lambda': 10.0, 'model__reg_alpha': 1.0, 'model__n_estimators': 1200, 'model__min_child_weight': 1, 'model__max_depth': 6, 'model__learning_rate': 0.05, 'model__gamma': 2.0, 'model__colsample_bytree': 0.9}",0.14025900042162842,0.14044273830367546,0.14083686482237887,0.1405128678492276,0.00024106766862325615,10,0.783722594114151,0.7852693709585523,0.7839016968274439,0.784297887300049,0.0006908230933851464,8,-0.22902502119541168,-0.22922541201114655,-0.22933492064476013,-0.22919511795043945,0.00012831657404563095,45
206.79362225532532,0.5117352868920946,25.902623494466145,0.07192218461590477,0.8,10.0,3.0,0.5,900,1,5,0.05,0.5,1.0,"{'model__subsample': 0.8, 'model__scale_pos_weight': 10.0, 'model__reg_lambda': 3.0, 'model__reg_alpha': 0.5, 'model__n_estimators': 900, 'model__min_child_weight': 1, 'model__max_depth': 5, 'model__learning_rate': 0.05, 'model__gamma': 0.5, 'model__colsample_bytree': 1.0}",0.1406428339755941,0.13890854373186695,0.13960851259272214,0.1397199634333944,0.0007123934445640313,11,0.7812296129113818,0.7829404628552891,0.781661990145746,0.7819440219708057,0.0007263646216612812,11,-0.07453425973653793,-0.07443134486675262,-0.07464887201786041,-0.074538158873717,8.88478768094599e-05,14
97.4727668762207,0.2814398235538092,14.345129092534384,0.11453948461348538,0.8,5.0,1.0,0.0,300,1,6,0.05,2.0,0.8,"{'model__subsample': 0.8, 'model__scale_pos_weight': 5.0, 'model__reg_lambda': 1.0, 'model__reg_alpha': 0.0, 'model__n_estimators': 300, 'model__min_child_weight': 1, 'model__max_depth': 6, 'model__learning_rate': 0.05, 'model__gamma': 2.0, 'model__colsample_bytree': 0.8}",0.13958421267995536,0.1386580517457803,0.1388832462792108,0.1390418369016488,0.0003943828580976939,12,0.7778056867969608,0.7798632089326201,0.777855310492855,0.778508068740812,0.0009584429499241152,16,-0.04351695626974106,-0.04340819641947746,-0.04358505457639694,-0.04350340242187182,7.283534861263276e-05,4
275.3455832004547,0.23276439316364378,32.9798317750295,0.04173671215100626,0.7,40.0,10.0,1.0,1200,5,5,0.05,0.5,0.9,"{'model__subsample': 0.7, 'model__scale_pos_weight': 40.0, 'model__reg_lambda': 10.0, 'model__reg_alpha': 1.0, 'model__n_estimators': 1200, 'model__min_child_weight': 5, 'model__max_depth': 5, 'model__learning_rate': 0.05, 'model__gamma': 0.5, 'model__colsample_bytree': 0.9}",0.13778713959526484,0.1372389107179784,0.13831639393580164,0.13778081474968162,0.0004399034166165908,13,0.7839562456037982,0.7854940635821156,0.7843568216261925,0.7846023769373688,0.0006513801203313016,7,-0.23114977777004242,-0.23125512897968292,-0.23157835006713867,-0.231327752272288,0.0001823442905260854,46
148.636336406072,0.23221259041178388,19.793189843495686,0.045299838908854584,0.8,10.0,5.0,0.1,600,3,5,0.05,0.0,0.7,"{'model__subsample': 0.8, 'model__scale_pos_weight': 10.0, 'model__reg_lambda': 5.0, 'model__reg_alpha': 0.1, 'model__n_estimators': 600, 'model__min_child_weight': 3, 'model__max_depth': 5, 'model__learning_rate': 0.05, 'model__gamma': 0.0, 'model__colsample_bytree': 0.7}",0.1358405564384764,0.13509258898090387,0.13496797379782433,0.13530037307240153,0.0003853403583859041,14,0.7782091449407651,0.7803128026460633,0.7784222890998161,0.7789814122288815,0.0009454480209075463,15,-0.07470289617776871,-0.074558787047863,-0.07486144453287125,-0.07470770925283432,0.0001236062635321491,15
202.86542439460754,0.2296049571688807,25.665157079696655,0.0327459008907223,0.9,40.0,1.0,1.0,900,10,5,0.05,1.0,0.7,"{'model__subsample': 0.9, 'model__scale_pos_weight': 40.0, 'model__reg_lambda': 1.0, 'model__reg_alpha': 1.0, 'model__n_estimators': 900, 'model__min_child_weight': 10, 'model__max_depth': 5, 'model__learning_rate': 0.05, 'model__gamma': 1.0, 'model__colsample_bytree': 0.7}",0.1343258128328613,0.13338488084869246,0.13466668568528806,0.1341257931222806,0.0005420712273281396,15,0.7810201973272246,0.7821158358344824,0.7812165423363682,0.7814508584993584,0.00047699334923761245,13,-0.2343483865261078,-0.23480242490768433,-0.2348206788301468,-0.23465716342131296,0.00021846537434374566,48
246.52782050768533,1.818369438237522,27.23864992459615,0.06606073249532918,0.7,40.0,3.0,0.1,1200,20,4,0.08,1.0,0.9,"{'model__subsample': 0.7, 'model__scale_pos_weight': 40.0, 'model__reg_lambda': 3.0, 'model__reg_alpha': 0.1, 'model__n_estimators': 1200, 'model__min_child_weight': 20, 'model__max_depth': 4, 'model__learning_rate': 0.08, 'model__gamma': 1.0, 'model__colsample_bytree': 0.9}",0.13422686208285456,0.13332290097322905,0.13474342244543683,0.1340977285005068,0.0005870700837312425,16,0.7816221870975137,0.7832224374198506,0.7821305083597404,0.7823250442923683,0.0006676243681129808,10,-0.23345404863357544,-0.23347985744476318,-0.2338150292634964,-0.23358297844727835,0.00016442264577267826,47
102.47892491022746,0.06883570327632274,14.649706363677979,0.042561217023822207,1.0,5.0,1.0,1.0,300,3,6,0.03,0.5,1.0,"{'model__subsample': 1.0, 'model__scale_pos_weight': 5.0, 'model__reg_lambda': 1.0, 'model__reg_alpha': 1.0, 'model__n_estimators': 300, 'model__min_child_weight': 3, 'model__max_depth': 6, 'model__learning_rate': 0.03, 'model__gamma': 0.5, 'model__colsample_bytree': 1.0}",0.13418554517423992,0.13279830727833747,0.13357589903383985,0.13351991716213907,0.0005677192512890531,17,0.7720602079340165,0.7747542964750154,0.772675727125385,0.7731634105114722,0.0011526504472980199,25,-0.043353330343961716,-0.04327909275889397,-0.04339729622006416,-0.04334323977430662,4.878100214309437e-05,2
356.48117685317993,0.8976672596084265,41.83200446764628,0.2511745832627989,0.7,40.0,3.0,0.0,1200,10,6,0.01,2.0,0.7,"{'model__subsample': 0.7, 'model__scale_pos_weight': 40.0, 'model__reg_lambda': 3.0, 'model__reg_alpha': 0.0, 'model__n_estimators': 1200, 'model__min_child_weight': 10, 'model__max_depth': 6, 'model__learning_rate': 0.01, 'model__gamma': 2.0, 'model__colsample_bytree': 0.7}",0.1320502254153217,0.13126952266478586,0.13148960554952158,0.13160311787654302,0.000328672057896541,18,0.7768790165513231,0.7791206197267946,0.7775389438059079,0.7778461933613419,0.0009405664662165905,18,-0.23909173905849457,-0.23921990394592285,-0.23934999108314514,-0.2392205446958542,0.00010543192109725282,50
204.38150318463644,0.6545036107265872,26.302269061406452,0.12315376390789685,1.0,20.0,1.0,0.1,900,3,5,0.03,1.0,0.8,"{'model__subsample': 1.0, 'model__scale_pos_weight': 20.0, 'model__reg_lambda': 1.0, 'model__reg_alpha': 0.1, 'model__n_estimators': 900, 'model__min_child_weight': 3, 'model__max_depth': 5, 'model__learning_rate': 0.03, 'model__gamma': 1.0, 'model__colsample_bytree': 0.8}",0.13152609698163387,0.13087377038543152,0.13119567183903139,0.13119851306869892,0.0002663187957664679,19,0.7758484947340082,0.7780507816659001,0.7766315487136526,0.776843608371187,0.0009114983658280158,19,-0.13758689165115356,-0.1376628279685974,-0.13779354095458984,-0.13768108685811362,8.534644666474917e-05,19
282.59783244132996,1.1103757013236182,33.48286557197571,0.06996341297866862,0.8,20.0,3.0,0.0,900,1,6,0.01,2.0,0.7,"{'model__subsample': 0.8, 'model__scale_pos_weight': 20.0, 'model__reg_lambda': 3.0, 'model__reg_alpha': 0.0, 'model__n_estimators': 900, 'model__min_child_weight': 1, 'model__max_depth': 6, 'model__learning_rate': 0.01, 'model__gamma': 2.0, 'model__colsample_bytree': 0.7}",0.13102638794489171,0.13065105383548706,0.13102008190675754,0.13089917456237876,0.0001754667354309482,20,0.7739901362341727,0.7762155494002045,0.7745578850970597,0.7749211902438123,0.0009441429666209429,23,-0.1378592997789383,-0.1379006952047348,-0.13797853887081146,-0.13791284461816153,4.943141000514064e-05,20
206.2882259686788,0.3996924608989075,25.98702375094096,0.019971922373638783,1.0,30.0,5.0,0.5,900,1,5,0.03,0.5,1.0,"{'model__subsample': 1.0, 'model__scale_pos_weight': 30.0, 'model__reg_lambda': 5.0, 'model__reg_alpha': 0.5, 'model__n_estimators': 900, 'model__min_child_weight': 1, 'model__max_depth': 5, 'model__learning_rate': 0.03, 'model__gamma': 0.5, 'model__colsample_bytree': 1.0}",0.13065300224048854,0.12999842996734917,0.13030538422930218,0.13031893881237996,0.0002673998382354509,21,0.7755440749030731,0.7779554741523739,0.7761979577980129,0.77656583561782,0.0010182377432314382,20,-0.19230251014232635,-0.19245634973049164,-0.19267505407333374,-0.1924779713153839,0.00015285693710688912,30
249.36130364735922,0.7548341007556966,27.3641517162323,0.030451832768154503,0.8,10.0,1.0,0.1,1200,10,4,0.03,1.0,1.0,"{'model__subsample': 0.8, 'model__scale_pos_weight': 10.0, 'model__reg_lambda': 1.0, 'model__reg_alpha': 0.1, 'model__n_estimators': 1200, 'model__min_child_weight': 10, 'model__max_depth': 4, 'model__learning_rate': 0.03, 'model__gamma': 1.0, 'model__colsample_bytree': 1.0}",0.1307696507301223,0.13016593647708108,0.1299843653292145,0.13030665084547263,0.0003356771170074082,22,0.7743376371868012,0.7766283410305495,0.7747044393566103,0.7752234725246536,0.00100461521558842,22,-0.07528230547904968,-0.07507471740245819,-0.0754295140504837,-0.07526217897733052,0.00014554259952816404,16
84.9894597530365,0.08393933899865777,12.932057539621988,0.09033116445140552,0.7,40.0,3.0,0.1,300,10,5,0.08,0.0,0.9,"{'model__subsample': 0.7, 'model__scale_pos_weight': 40.0, 'model__reg_lambda': 3.0, 'model__reg_alpha': 0.1, 'model__n_estimators': 300, 'model__min_child_weight': 10, 'model__max_depth': 5, 'model__learning_rate': 0.08, 'model__gamma': 0.0, 'model__colsample_bytree': 0.9}",0.13093140787057908,0.12846879514624665,0.13067007329185873,0.13002342543622816,0.0011044547506665042,23,0.7769528192267551,0.7789600880825637,0.7777480487203956,0.7778869853432381,0.000825332096290114,17,-0.23835748434066772,-0.23864129185676575,-0.23835411667823792,-0.23845096429189047,0.0001345889340450571,49
209.4846065044403,0.32953841382540017,25.74662446975708,0.07320734240447413,0.8,10.0,1.0,0.1,600,5,6,0.01,2.0,0.7,"{'model__subsample': 0.8, 'model__scale_pos_weight': 10.0, 'model__reg_lambda': 1.0, 'model__reg_alpha': 0.1, 'model__n_estimators': 600, 'model__min_child_weight': 5, 'model__max_depth': 6, 'model__learning_rate': 0.01, 'model__gamma': 2.0, 'model__colsample_bytree': 0.7}",0.12896299614625,0.12862165242929968,0.12901026372835694,0.12886497076796888,0.00017313081090919316,24,0.769280135171174,0.7719013503715739,0.769886346373226,0.7703559439719913,0.0011204414934231775,32,-0.07400674372911453,-0.07386819273233414,-0.07400371134281158,-0.07395954926808675,6.461068699119677e-05,12
183.26727215449014,0.6504225723947349,21.717242161432903,0.08711232998032709,0.9,30.0,5.0,1.0,900,20,4,0.05,0.0,0.8,"{'model__subsample': 0.9, 'model__scale_pos_weight': 30.0, 'model__reg_lambda': 5.0, 'model__reg_alpha': 1.0, 'model__n_estimators': 900, 'model__min_child_weight': 20, 'model__max_depth': 4, 'model__learning_rate': 0.05, 'model__gamma': 0.0, 'model__colsample_bytree': 0.8}",0.1286702309398452,0.12770704820897663,0.12810406134773925,0.128160446832187,0.00039523388468362685,25,0.7754066835364833,0.7774813386913533,0.7755742201722226,0.7761540808000197,0.0009410020416765285,21,-0.1929427683353424,-0.19306518137454987,-0.1934189647436142,-0.19314230481783548,0.0002019104982261718,31
194.22205638885498,0.2847909458930673,22.236250241597492,0.0750483870918425,0.9,10.0,1.0,0.1,900,3,4,0.03,2.0,1.0,"{'model__subsample': 0.9, 'model__scale_pos_weight': 10.0, 'model__reg_lambda': 1.0, 'model__reg_alpha': 0.1, 'model__n_estimators': 900, 'model__min_child_weight': 3, 'model__max_depth': 4, 'model__learning_rate': 0.03, 'model__gamma': 2.0, 'model__colsample_bytree': 1.0}",0.12797782706740105,0.12764811761608358,0.1276240464738805,0.12774999705245504,0.000161399590570446,26,0.7716856069483731,0.7743799783577806,0.772231165230748,0.7727655835123005,0.0011630739436801073,26,-0.07535112649202347,-0.07512536644935608,-0.07543110847473145,-0.07530253380537033,0.00012946166335324976,17
199.60310490926108,0.2033889997255438,22.42272941271464,0.045153084445059395,0.7,30.0,3.0,0.0,900,3,4,0.03,0.0,1.0,"{'model__subsample': 0.7, 'model__scale_pos_weight': 30.0, 'model__reg_lambda': 3.0, 'model__reg_alpha': 0.0, 'model__n_estimators': 900, 'model__min_child_weight': 3, 'model__max_depth': 4, 'model__learning_rate': 0.03, 'model__gamma': 0.0, 'model__colsample_bytree': 1.0}",0.1263061958714773,0.1255552953700043,0.12571455637332704,0.12585868253826957,0.0003230502069791167,27,0.7727530794265632,0.7752742334083667,0.7735489315010483,0.7738587481119926,0.0010523130393894583,24,-0.19457203149795532,-0.1946154534816742,-0.1948726773262024,-0.19468672076861063,0.00013268068975565007,32
204.63356765111288,0.7037462713664484,25.96194100379944,0.3118195031470749,0.9,40.0,3.0,0.0,600,1,6,0.01,0.5,0.7,"{'model__subsample': 0.9, 'model__scale_pos_weight': 40.0, 'model__reg_lambda': 3.0, 'model__reg_alpha': 0.0, 'model__n_estimators': 600, 'model__min_child_weight': 1, 'model__max_depth': 6, 'model__learning_rate': 0.01, 'model__gamma': 0.5, 'model__colsample_bytree': 0.7}",0.12562946437300457,0.12520139096277227,0.12567751271223923,0.1255027893493387,0.00021402165201124193,28,0.7696094931834943,0.7721137367953932,0.770484228083888,0.7707358193542584,0.0010377162882757335,30,-0.24556660652160645,-0.24604032933712006,-0.24576087296009064,-0.24578926960627237,0.00019443611396431125,54
136.53367177645364,0.33820636350899297,17.13958978652954,0.04949798931748559,1.0,5.0,10.0,0.1,600,3,4,0.03,1.0,0.8,"{'model__subsample': 1.0, 'model__scale_pos_weight': 5.0, 'model__reg_lambda': 10.0, 'model__reg_alpha': 0.1, 'model__n_estimators': 600, 'model__min_child_weight': 3, 'model__max_depth': 4, 'model__learning_rate': 0.03, 'model__gamma': 1.0, 'model__colsample_bytree': 0.8}",0.12507380739202967,0.12469494700031711,0.12479449084822515,0.12485441508019064,0.0001603682933846112,29,0.7672623962900131,0.769743626549481,0.7678806521236929,0.7682955583210624,0.0010545887870275774,43,-0.043794188648462296,-0.04367076978087425,-0.043844074010849,-0.04376967748006185,7.284315142391568e-05,8
75.17884437243144,0.8228533288119486,11.34466520945231,0.13085864246674817,0.9,30.0,1.0,0.0,300,1,4,0.08,0.5,1.0,"{'model__subsample': 0.9, 'model__scale_pos_weight': 30.0, 'model__reg_lambda': 1.0, 'model__reg_alpha': 0.0, 'model__n_estimators': 300, 'model__min_child_weight': 1, 'model__max_depth': 4, 'model__learning_rate': 0.08, 'model__gamma': 0.5, 'model__colsample_bytree': 1.0}",0.12368579764782209,0.1243454170629788,0.12520590245782137,0.12441237238954077,0.0006223835474271489,30,0.7707367542697956,0.7735077807193277,0.7719905030580256,0.7720783460157162,0.0011329707807098664,28,-0.19530755281448364,-0.1955794095993042,-0.19547905027866364,-0.19545533756415048,0.00011224451726900807,33
112.81354228655498,0.023535538967405904,13.008004585901896,0.04514179566766098,1.0,5.0,5.0,0.0,600,5,3,0.08,0.5,0.8,"{'model__subsample': 1.0, 'model__scale_pos_weight': 5.0, 'model__reg_lambda': 5.0, 'model__reg_alpha': 0.0, 'model__n_estimators': 600, 'model__min_child_weight': 5, 'model__max_depth': 3, 'model__learning_rate': 0.08, 'model__gamma': 0.5, 'model__colsample_bytree': 0.8}",0.12469860486091,0.12392016057281122,0.12406511028281614,0.12422795857217912,0.0003380173086591301,31,0.7686912114225877,0.7703046933280602,0.7685942725523597,0.7691967257676692,0.0007844502840840653,40,-0.044161587953567505,-0.04406498745083809,-0.04416203126311302,-0.04412953555583954,4.5642761567758706e-05,11
93.93287491798401,0.3430036606574607,13.851774374643961,0.06738856174943116,0.9,20.0,5.0,0.1,300,5,5,0.03,0.0,0.7,"{'model__subsample': 0.9, 'model__scale_pos_weight': 20.0, 'model__reg_lambda': 5.0, 'model__reg_alpha': 0.1, 'model__n_estimators': 300, 'model__min_child_weight': 5, 'model__max_depth': 5, 'model__learning_rate': 0.03, 'model__gamma': 0.0, 'model__colsample_bytree': 0.7}",0.12401709719672671,0.12372070900250388,0.12420142919286303,0.12397974513069787,0.00019802248690860164,32,0.7682087486759487,0.7708872549176311,0.7689036562187255,0.7693332199374351,0.0011348987217682015,39,-0.13961823284626007,-0.13972334563732147,-0.13981816172599792,-0.13971991340319315,8.16566976703565e-05,21
76.07195369402568,0.19985252181860197,11.502081791559855,0.01436993405665763,0.9,30.0,1.0,0.5,300,3,4,0.08,0.0,0.7,"{'model__subsample': 0.9, 'model__scale_pos_weight': 30.0, 'model__reg_lambda': 1.0, 'model__reg_alpha': 0.5, 'model__n_estimators': 300, 'model__min_child_weight': 3, 'model__max_depth': 4, 'model__learning_rate': 0.08, 'model__gamma': 0.0, 'model__colsample_bytree': 0.7}",0.1235302042848222,0.12299195896367988,0.12453027844953891,0.12368414723268033,0.0006373803331030522,33,0.7713994976619609,0.7732001594295117,0.7721889819438257,0.7722628796784328,0.0007369718930256979,27,-0.19510850310325623,-0.19575078785419464,-0.1955094337463379,-0.1954562415679296,0.000264895553259357,34
252.01214146614075,0.18977329971768225,29.225700219472248,0.03176177632488331,0.8,40.0,1.0,1.0,900,20,5,0.01,0.0,1.0,"{'model__subsample': 0.8, 'model__scale_pos_weight': 40.0, 'model__reg_lambda': 1.0, 'model__reg_alpha': 1.0, 'model__n_estimators': 900, 'model__min_child_weight': 20, 'model__max_depth': 5, 'model__learning_rate': 0.01, 'model__gamma': 0.0, 'model__colsample_bytree': 1.0}",0.12329173096834183,0.12260156441638062,0.12329156407655982,0.12306161982042742,0.0003253083030580028,34,0.7683272931575278,0.771421097720151,0.7694927333989179,0.7697470414255322,0.0012757771741772144,36,-0.2457597553730011,-0.24595226347446442,-0.24593864381313324,-0.24588355422019958,8.771540997053905e-05,55
247.4358785947164,0.6573817777214375,29.64577587445577,0.09939441154726138,0.9,40.0,1.0,0.5,900,5,5,0.01,0.5,0.8,"{'model__subsample': 0.9, 'model__scale_pos_weight': 40.0, 'model__reg_lambda': 1.0, 'model__reg_alpha': 0.5, 'model__n_estimators': 900, 'model__min_child_weight': 5, 'model__max_depth': 5, 'model__learning_rate': 0.01, 'model__gamma': 0.5, 'model__colsample_bytree': 0.8}",0.1231482777593732,0.12273791996488904,0.12325548690295672,0.12304722820907299,0.00022305028215941812,35,0.7683354965330786,0.7713189872118734,0.7694605486994339,0.7697050108147954,0.0012302101316439286,38,-0.2459719479084015,-0.24624332785606384,-0.24620062112808228,-0.24613863229751587,0.00011914621363279769,57
241.4337817033132,0.8170836326537135,28.76223357518514,0.10521505250399449,1.0,30.0,10.0,1.0,900,3,5,0.01,0.5,0.8,"{'model__subsample': 1.0, 'model__scale_pos_weight': 30.0, 'model__reg_lambda': 10.0, 'model__reg_alpha': 1.0, 'model__n_estimators': 900, 'model__min_child_weight': 3, 'model__max_depth': 5, 'model__learning_rate': 0.01, 'model__gamma': 0.5, 'model__colsample_bytree': 0.8}",0.1230888924615623,0.12278852004726955,0.12294152396946506,0.12293964549276563,0.0001226337183731728,36,0.7673470247599508,0.7704765014677021,0.7685995145646843,0.7688076802641124,0.0012860549067861997,42,-0.19738724827766418,-0.19750717282295227,-0.1975141316652298,-0.19746951758861542,5.8242516055735216e-05,36
278.8359038035075,0.4424885816833694,29.102476199467976,0.058257713923750794,0.9,5.0,5.0,1.0,1200,20,4,0.01,2.0,1.0,"{'model__subsample': 0.9, 'model__scale_pos_weight': 5.0, 'model__reg_lambda': 5.0, 'model__reg_alpha': 1.0, 'model__n_estimators': 1200, 'model__min_child_weight': 20, 'model__max_depth': 4, 'model__learning_rate': 0.01, 'model__gamma': 2.0, 'model__colsample_bytree': 1.0}",0.12313177505267749,0.12256489112533614,0.12274257897247692,0.12281308171683018,0.000236738004962579,37,0.7641495258823934,0.7671066714010327,0.7650401761641714,0.7654321244825324,0.001238653843977878,51,-0.043587177991867065,-0.043457645922899246,-0.04360654950141907,-0.043550457805395126,6.61026877663464e-05,6
93.59439158439636,0.42676758347006616,13.824032227198282,0.10467278273420541,0.8,40.0,1.0,0.0,300,10,5,0.03,2.0,0.7,"{'model__subsample': 0.8, 'model__scale_pos_weight': 40.0, 'model__reg_lambda': 1.0, 'model__reg_alpha': 0.0, 'model__n_estimators': 300, 'model__min_child_weight': 10, 'model__max_depth': 5, 'model__learning_rate': 0.03, 'model__gamma': 2.0, 'model__colsample_bytree': 0.7}",0.1225577140474911,0.12214692557420322,0.12270696473645687,0.1224705347860504,0.00023679968121241782,38,0.7684089620511958,0.7714507392659495,0.7692561149218973,0.769705272079681,0.0012817718908708449,37,-0.24594369530677795,-0.2461792677640915,-0.2461947798728943,-0.24610591431458792,0.00011488084044206437,56
91.16266592343648,0.27591290454587225,13.581997156143188,0.18515763486223435,1.0,40.0,10.0,1.0,300,20,5,0.03,0.5,0.8,"{'model__subsample': 1.0, 'model__scale_pos_weight': 40.0, 'model__reg_lambda': 10.0, 'model__reg_alpha': 1.0, 'model__n_estimators': 300, 'model__min_child_weight': 20, 'model__max_depth': 5, 'model__learning_rate': 0.03, 'model__gamma': 0.5, 'model__colsample_bytree': 0.8}",0.12223631845531743,0.12214648582894491,0.12287055317405868,0.12241778581944034,0.00032224854098072736,39,0.7675647808068826,0.770861685227934,0.7688316404484575,0.7690860354944248,0.0013579230022222578,41,-0.2466127574443817,-0.2467053383588791,-0.2465745061635971,-0.24663086732228598,5.4925656353875256e-05,59
141.52295970916748,0.685544941720058,17.475887298583984,0.05196995061721918,0.8,40.0,5.0,0.0,600,5,4,0.03,0.5,0.7,"{'model__subsample': 0.8, 'model__scale_pos_weight': 40.0, 'model__reg_lambda': 5.0, 'model__reg_alpha': 0.0, 'model__n_estimators': 600, 'model__min_child_weight': 5, 'model__max_depth': 4, 'model__learning_rate': 0.03, 'model__gamma': 0.5, 'model__colsample_bytree': 0.7}",0.1214458079195461,0.12158011807249644,0.12224447327071727,0.12175679975425328,0.0003491693937443181,40,0.7690424988160594,0.7719079986066644,0.7699924793256144,0.7703143255827793,0.0011917664822796085,33,-0.24476806819438934,-0.245041623711586,-0.24520382285118103,-0.24500450491905212,0.00017982191894258393,53
111.5961217880249,1.1415679508557508,12.960646867752075,0.10418833030840585,1.0,20.0,1.0,0.5,600,3,3,0.08,0.0,1.0,"{'model__subsample': 1.0, 'model__scale_pos_weight': 20.0, 'model__reg_lambda': 1.0, 'model__reg_alpha': 0.5, 'model__n_estimators': 600, 'model__min_child_weight': 3, 'model__max_depth': 3, 'model__learning_rate': 0.08, 'model__gamma': 0.0, 'model__colsample_bytree': 1.0}",0.1222020204949434,0.12107809590488669,0.12174822715609654,0.1216761145186422,0.0004616649545532638,41,0.7691839222648449,0.7709795188556141,0.7694746955133245,0.7698793788779278,0.000786921532888562,35,-0.14010249078273773,-0.14018596708774567,-0.14030689001083374,-0.14019844929377237,8.39111244592793e-05,22
120.62124562263489,0.519451177020838,13.117579539616903,0.026215483024845984,0.7,30.0,5.0,0.5,600,5,3,0.08,0.0,0.8,"{'model__subsample': 0.7, 'model__scale_pos_weight': 30.0, 'model__reg_lambda': 5.0, 'model__reg_alpha': 0.5, 'model__n_estimators': 600, 'model__min_child_weight': 5, 'model__max_depth': 3, 'model__learning_rate': 0.08, 'model__gamma': 0.0, 'model__colsample_bytree': 0.8}",0.12148792887934995,0.12079462719357116,0.1217108732561827,0.12133114310970126,0.00039013932980072017,42,0.7701476165405051,0.7726620745831119,0.7709608415667283,0.7712568442301152,0.0010476443399540078,29,-0.19589672982692719,-0.19585752487182617,-0.19600550830364227,-0.19591992100079855,6.260003691248292e-05,35
171.6646978855133,0.02791973285229756,16.704233407974243,0.04701100047128327,0.8,40.0,10.0,1.0,900,1,3,0.05,2.0,0.9,"{'model__subsample': 0.8, 'model__scale_pos_weight': 40.0, 'model__reg_lambda': 10.0, 'model__reg_alpha': 1.0, 'model__n_estimators': 900, 'model__min_child_weight': 1, 'model__max_depth': 3, 'model__learning_rate': 0.05, 'model__gamma': 2.0, 'model__colsample_bytree': 0.9}",0.12039841067800394,0.12018857447563917,0.12041951708232379,0.1203355007453223,0.00010424927375631225,43,0.7695951290285237,0.7722116240256102,0.7703141615360166,0.7707069715300502,0.0011037017368849043,31,-0.24390588700771332,-0.24419371783733368,-0.24417851865291595,-0.24409270783265433,0.00013224792191301823,51
111.79608170191447,0.7005327685807144,13.042784690856934,0.020060096424631035,1.0,40.0,5.0,0.1,600,20,3,0.08,0.5,0.7,"{'model__subsample': 1.0, 'model__scale_pos_weight': 40.0, 'model__reg_lambda': 5.0, 'model__reg_alpha': 0.1, 'model__n_estimators': 600, 'model__min_child_weight': 20, 'model__max_depth': 3, 'model__learning_rate': 0.08, 'model__gamma': 0.5, 'model__colsample_bytree': 0.7}",0.1201122207181031,0.12055712230674118,0.12004593351328939,0.12023842551271123,0.00022697170642208903,44,0.7692742125409815,0.77162511926818,0.7697507372079788,0.7702166896723801,0.0010147329317963508,34,-0.24390795826911926,-0.2443733513355255,-0.24456669390201569,-0.2442826678355535,0.0002764667326427601,52
68.8531363805135,0.4275042567254485,9.804797649383545,0.033536117446227386,0.9,5.0,3.0,0.1,300,5,3,0.08,1.0,0.9,"{'model__subsample': 0.9, 'model__scale_pos_weight': 5.0, 'model__reg_lambda': 3.0, 'model__reg_alpha': 0.1, 'model__n_estimators': 300, 'model__min_child_weight': 5, 'model__max_depth': 3, 'model__learning_rate': 0.08, 'model__gamma': 1.0, 'model__colsample_bytree': 0.9}",0.12013348829419382,0.11992564153005736,0.1192060675091705,0.11975506577780722,0.00039736582101391424,45,0.764318701867636,0.7667015177043712,0.7644872994755109,0.7651691730158393,0.0010857152701327618,52,-0.04399111494421959,-0.04383701831102371,-0.04398511350154877,-0.04393774891893069,7.126942240781197e-05,10
115.05427447954814,0.7315001361741954,13.218636353810629,0.031213317033209086,1.0,10.0,10.0,0.0,600,1,3,0.05,1.0,0.8,"{'model__subsample': 1.0, 'model__scale_pos_weight': 10.0, 'model__reg_lambda': 10.0, 'model__reg_alpha': 0.0, 'model__n_estimators': 600, 'model__min_child_weight': 1, 'model__max_depth': 3, 'model__learning_rate': 0.05, 'model__gamma': 1.0, 'model__colsample_bytree': 0.8}",0.1193544519945261,0.11931878593703785,0.11945384476477432,0.11937569423211275,5.71468647763711e-05,46,0.7650677116227266,0.767952726070336,0.765679322628566,0.7662332534405429,0.0012412242878362411,49,-0.07567975670099258,-0.07549399137496948,-0.07567760348320007,-0.07561711718638738,8.706753380643575e-05,18
120.13111130396526,0.2664904621225375,13.411850531895956,0.005151571982048,0.9,20.0,1.0,1.0,600,5,3,0.05,0.5,0.7,"{'model__subsample': 0.9, 'model__scale_pos_weight': 20.0, 'model__reg_lambda': 1.0, 'model__reg_alpha': 1.0, 'model__n_estimators': 600, 'model__min_child_weight': 5, 'model__max_depth': 3, 'model__learning_rate': 0.05, 'model__gamma': 0.5, 'model__colsample_bytree': 0.7}",0.11840262044247879,0.1187701600169918,0.1187282675925136,0.11863368268399473,0.00016427834793005742,47,0.7660869485136181,0.7686024757596795,0.7668743346585344,0.767187919643944,0.0010506255243822127,46,-0.14056164026260376,-0.14078190922737122,-0.14086323976516724,-0.14073559641838074,0.00012740806409348806,23
124.50740631421407,0.15084409844536362,13.355186382929483,0.033574182463699156,0.7,30.0,5.0,0.5,600,10,3,0.05,0.0,1.0,"{'model__subsample': 0.7, 'model__scale_pos_weight': 30.0, 'model__reg_lambda': 5.0, 'model__reg_alpha': 0.5, 'model__n_estimators': 600, 'model__min_child_weight': 10, 'model__max_depth': 3, 'model__learning_rate': 0.05, 'model__gamma': 0.0, 'model__colsample_bytree': 1.0}",0.11851227879660055,0.1185434215770757,0.11838415693027403,0.1184799524346501,6.892049616734416e-05,48,0.767264230635399,0.7697420739579898,0.7676690373975268,0.7682251139969717,0.0010853087951253804,44,-0.19745111465454102,-0.197525292634964,-0.19776706397533417,-0.19758115708827972,0.0001348990268944713,37
215.03755418459573,0.804230373952717,22.720450560251873,0.1017221924341507,1.0,20.0,10.0,0.5,900,10,4,0.01,0.0,1.0,"{'model__subsample': 1.0, 'model__scale_pos_weight': 20.0, 'model__reg_lambda': 10.0, 'model__reg_alpha': 0.5, 'model__n_estimators': 900, 'model__min_child_weight': 10, 'model__max_depth': 4, 'model__learning_rate': 0.01, 'model__gamma': 0.0, 'model__colsample_bytree': 1.0}",0.11752428768829462,0.11760090095032719,0.11765139861319666,0.11759219575060616,5.225662435838793e-05,49,0.7608355059689555,0.7641282127851947,0.7622120802656331,0.7623919330065944,0.0013502443731291615,54,-0.14145605266094208,-0.14146608114242554,-0.14156277477741241,-0.14149496952692667,4.8120034672274085e-05,25
114.94868119557698,0.6794864263378708,13.43411628405253,0.053824066026933334,1.0,30.0,3.0,0.1,600,20,3,0.05,1.0,0.8,"{'model__subsample': 1.0, 'model__scale_pos_weight': 30.0, 'model__reg_lambda': 3.0, 'model__reg_alpha': 0.1, 'model__n_estimators': 600, 'model__min_child_weight': 20, 'model__max_depth': 3, 'model__learning_rate': 0.05, 'model__gamma': 1.0, 'model__colsample_bytree': 0.8}",0.11756888833518034,0.11718045498727225,0.11796171103675669,0.11757035145306977,0.000318948124569369,50,0.7658195306914586,0.7678173020191632,0.7666394689184076,0.7667587672096765,0.0008199376525787082,48,-0.197868213057518,-0.19841055572032928,-0.19829915463924408,-0.19819264113903046,0.00023386995713020424,38
120.03094291687012,0.2933720499132095,13.42475938796997,0.0810241868746334,0.9,40.0,5.0,1.0,600,5,3,0.05,1.0,0.7,"{'model__subsample': 0.9, 'model__scale_pos_weight': 40.0, 'model__reg_lambda': 5.0, 'model__reg_alpha': 1.0, 'model__n_estimators': 600, 'model__min_child_weight': 5, 'model__max_depth': 3, 'model__learning_rate': 0.05, 'model__gamma': 1.0, 'model__colsample_bytree': 0.7}",0.11676694474281679,0.11742438577307326,0.1173592451689514,0.11718352522828047,0.00029576488435716926,51,0.7663612699559339,0.7691018399980067,0.7674039371093655,0.767622349021102,0.0011294420041973814,45,-0.24636435508728027,-0.24672125279903412,-0.24666887521743774,-0.2465848277012507,0.00015735730657051328,58
69.19803643226624,0.12683787387768994,9.761878490447998,0.027374836965036554,0.9,20.0,5.0,0.5,300,3,3,0.08,0.5,0.9,"{'model__subsample': 0.9, 'model__scale_pos_weight': 20.0, 'model__reg_lambda': 5.0, 'model__reg_alpha': 0.5, 'model__n_estimators': 300, 'model__min_child_weight': 3, 'model__max_depth': 3, 'model__learning_rate': 0.08, 'model__gamma': 0.5, 'model__colsample_bytree': 0.9}",0.11681014649879166,0.11723173611776314,0.1173000028792078,0.11711396183192087,0.0002166301074225258,52,0.7646938304179445,0.7670263851909279,0.7653412852827597,0.7656871669638775,0.000983167854519783,50,-0.1411309838294983,-0.14124654233455658,-0.14126554131507874,-0.14121435582637787,5.946095476857925e-05,24
220.7588492234548,0.40945949114966684,23.985811074574787,0.41563281251878087,0.9,30.0,10.0,0.0,900,5,4,0.01,2.0,0.9,"{'model__subsample': 0.9, 'model__scale_pos_weight': 30.0, 'model__reg_lambda': 10.0, 'model__reg_alpha': 0.0, 'model__n_estimators': 900, 'model__min_child_weight': 5, 'model__max_depth': 4, 'model__learning_rate': 0.01, 'model__gamma': 2.0, 'model__colsample_bytree': 0.9}",0.11711500381912876,0.11707468040589174,0.11697263559495014,0.11705410660665688,5.9914598806195014e-05,53,0.7616377169567166,0.7648780814368624,0.7627447747587048,0.763086857717428,0.0013448063191489215,53,-0.20020321011543274,-0.2002052217721939,-0.20035305619239807,-0.20025382936000824,7.016877221063029e-05,39
177.08680057525635,0.2268494950829644,16.97238024075826,0.16619799711488542,0.8,40.0,10.0,1.0,900,20,3,0.03,0.5,0.9,"{'model__subsample': 0.8, 'model__scale_pos_weight': 40.0, 'model__reg_lambda': 10.0, 'model__reg_alpha': 1.0, 'model__n_estimators': 900, 'model__min_child_weight': 20, 'model__max_depth': 3, 'model__learning_rate': 0.03, 'model__gamma': 0.5, 'model__colsample_bytree': 0.9}",0.11606263774278303,0.11674018762177521,0.11718914943026758,0.11666399159827527,0.000463041769899668,54,0.7657995803517419,0.7684357119027089,0.7668386657718644,0.7670246526754383,0.0010842019291400988,47,-0.24685823917388916,-0.24738620221614838,-0.24714846909046173,-0.2471309701601664,0.00021589488633593865,60
108.99013455708821,0.8306198333110753,14.690776904424032,0.13846161649453478,0.7,5.0,3.0,0.0,300,5,5,0.01,2.0,0.8,"{'model__subsample': 0.7, 'model__scale_pos_weight': 5.0, 'model__reg_lambda': 3.0, 'model__reg_alpha': 0.0, 'model__n_estimators': 300, 'model__min_child_weight': 5, 'model__max_depth': 5, 'model__learning_rate': 0.01, 'model__gamma': 2.0, 'model__colsample_bytree': 0.8}",0.11500197489768108,0.11413856388264042,0.11438093495006678,0.11450715791012943,0.0003636104343557967,55,0.750999834036491,0.7543011161013404,0.7522512488628369,0.7525173996668895,0.0013608191174920004,58,-0.043033067137002945,-0.04295840859413147,-0.04299905523657799,-0.042996843655904136,3.051931435152389e-05,1
71.2684227625529,0.11784650919376113,9.982209205627441,0.023645854418879005,0.9,30.0,5.0,0.1,300,5,3,0.05,0.5,0.8,"{'model__subsample': 0.9, 'model__scale_pos_weight': 30.0, 'model__reg_lambda': 5.0, 'model__reg_alpha': 0.1, 'model__n_estimators': 300, 'model__min_child_weight': 5, 'model__max_depth': 3, 'model__learning_rate': 0.05, 'model__gamma': 0.5, 'model__colsample_bytree': 0.8}",0.11281193266071934,0.11256525933897807,0.11379264547909357,0.11305661249293032,0.0005301071271953762,56,0.7602815064830417,0.7624273005732991,0.7611287733761056,0.7612791934774821,0.0008824502722984749,55,-0.20062972605228424,-0.201274573802948,-0.20097236335277557,-0.2009588877360026,0.00026343038241577953,40
75.39354753494263,0.6826209777695866,10.352699279785156,0.05356586209832198,0.7,30.0,1.0,0.1,300,10,3,0.03,0.5,0.7,"{'model__subsample': 0.7, 'model__scale_pos_weight': 30.0, 'model__reg_lambda': 1.0, 'model__reg_alpha': 0.1, 'model__n_estimators': 300, 'model__min_child_weight': 10, 'model__max_depth': 3, 'model__learning_rate': 0.03, 'model__gamma': 0.5, 'model__colsample_bytree': 0.7}",0.10873511327719478,0.10901073972516434,0.10851290458429022,0.10875291919554979,0.00020362996655475752,57,0.7541480934869702,0.756965050931754,0.7543881855133918,0.7551671099773719,0.001275109093861095,56,-0.2037167251110077,-0.20419947803020477,-0.20411963760852814,-0.2040119469165802,0.0002112826844103973,41
183.85815755526224,0.8165313372380256,18.146584113438923,0.07485613288968906,1.0,30.0,10.0,1.0,900,1,3,0.01,0.5,0.7,"{'model__subsample': 1.0, 'model__scale_pos_weight': 30.0, 'model__reg_lambda': 10.0, 'model__reg_alpha': 1.0, 'model__n_estimators': 900, 'model__min_child_weight': 1, 'model__max_depth': 3, 'model__learning_rate': 0.01, 'model__gamma': 0.5, 'model__colsample_bytree': 0.7}",0.10795366163018955,0.10863691281274641,0.10837923432243593,0.10832326958845728,0.00028172928282698876,58,0.7526383574245843,0.7558653786253007,0.7537778330519551,0.75409385636728,0.0013362433683876515,57,-0.2043672651052475,-0.20450752973556519,-0.20454628765583038,-0.2044736941655477,7.690211420200429e-05,42
93.30398686726888,0.7544450696846888,12.781151294708252,0.02870781632160068,0.7,20.0,3.0,0.5,300,3,4,0.01,0.5,0.7,"{'model__subsample': 0.7, 'model__scale_pos_weight': 20.0, 'model__reg_lambda': 3.0, 'model__reg_alpha': 0.5, 'model__n_estimators': 300, 'model__min_child_weight': 3, 'model__max_depth': 4, 'model__learning_rate': 0.01, 'model__gamma': 0.5, 'model__colsample_bytree': 0.7}",0.1064642499553054,0.10681307225952844,0.10606688917733514,0.10644807046405631,0.0003048427244669828,59,0.7448508069608576,0.7479505675846776,0.7452009164068263,0.7460007636507872,0.001386108627657562,59,-0.144866943359375,-0.14501410722732544,-0.14504754543304443,-0.1449761986732483,7.845198577299768e-05,26
92.64204740524292,0.16033815720167513,12.646705389022827,0.07376862857591482,0.9,20.0,10.0,1.0,300,20,4,0.01,2.0,0.7,"{'model__subsample': 0.9, 'model__scale_pos_weight': 20.0, 'model__reg_lambda': 10.0, 'model__reg_alpha': 1.0, 'model__n_estimators': 300, 'model__min_child_weight': 20, 'model__max_depth': 4, 'model__learning_rate': 0.01, 'model__gamma': 2.0, 'model__colsample_bytree': 0.7}",0.10598819899875819,0.10644898815901034,0.10663615059223606,0.10635777925000155,0.00027227390092155493,60,0.744513704378145,0.7475458559000934,0.7454392712123188,0.7458329438301856,0.0012687840138119356,60,-0.14497971534729004,-0.1450873762369156,-0.14504991471767426,-0.14503900210062662,4.4624587369612805e-05,27
