dataset,metric,value,column,n_rows,missing_n,blank_n,missing_or_blank_rate
ther_v2_2004q1,n_rows,11396.0,,,,,
ther_v2_2004q1,unique_caseid,11396.0,,,,,
ther_v2_2004q1,duplicate_caseid_rows,0.0,,,,,
ther_v2_2004q1,,,caseid,11396.0,0.0,0.0,0.0
ther_v2_2004q1,,,therapy_record_n,11396.0,0.0,0.0,0.0
ther_v2_2004q1,,,has_start_dt,11396.0,0.0,0.0,0.0
ther_v2_2004q1,,,has_end_dt,11396.0,0.0,0.0,0.0
ther_v2_2004q1,,,duration_known,11396.0,0.0,0.0,0.0
ther_v2_2004q2,n_rows,10268.0,,,,,
ther_v2_2004q2,unique_caseid,10268.0,,,,,
ther_v2_2004q2,duplicate_caseid_rows,0.0,,,,,
ther_v2_2004q2,,,caseid,10268.0,0.0,0.0,0.0
ther_v2_2004q2,,,therapy_record_n,10268.0,0.0,0.0,0.0
ther_v2_2004q2,,,has_start_dt,10268.0,0.0,0.0,0.0
ther_v2_2004q2,,,has_end_dt,10268.0,0.0,0.0,0.0
ther_v2_2004q2,,,duration_known,10268.0,0.0,0.0,0.0
ther_v2_2004q3,n_rows,14243.0,,,,,
ther_v2_2004q3,unique_caseid,14243.0,,,,,
ther_v2_2004q3,duplicate_caseid_rows,0.0,,,,,
ther_v2_2004q3,,,caseid,14243.0,0.0,0.0,0.0
ther_v2_2004q3,,,therapy_record_n,14243.0,0.0,0.0,0.0
ther_v2_2004q3,,,has_start_dt,14243.0,0.0,0.0,0.0
ther_v2_2004q3,,,has_end_dt,14243.0,0.0,0.0,0.0
ther_v2_2004q3,,,duration_known,14243.0,0.0,0.0,0.0
ther_v2_2004q4,n_rows,11799.0,,,,,
ther_v2_2004q4,unique_caseid,11799.0,,,,,
ther_v2_2004q4,duplicate_caseid_rows,0.0,,,,,
ther_v2_2004q4,,,caseid,11799.0,0.0,0.0,0.0
ther_v2_2004q4,,,therapy_record_n,11799.0,0.0,0.0,0.0
ther_v2_2004q4,,,has_start_dt,11799.0,0.0,0.0,0.0
ther_v2_2004q4,,,has_end_dt,11799.0,0.0,0.0,0.0
ther_v2_2004q4,,,duration_known,11799.0,0.0,0.0,0.0
ther_v2_2005q1,n_rows,11621.0,,,,,
ther_v2_2005q1,unique_caseid,11621.0,,,,,
ther_v2_2005q1,duplicate_caseid_rows,0.0,,,,,
ther_v2_2005q1,,,caseid,11621.0,0.0,0.0,0.0
ther_v2_2005q1,,,therapy_record_n,11621.0,0.0,0.0,0.0
ther_v2_2005q1,,,has_start_dt,11621.0,0.0,0.0,0.0
ther_v2_2005q1,,,has_end_dt,11621.0,0.0,0.0,0.0
ther_v2_2005q1,,,duration_known,11621.0,0.0,0.0,0.0
ther_v2_2005q2,n_rows,13153.0,,,,,
ther_v2_2005q2,unique_caseid,13153.0,,,,,
ther_v2_2005q2,duplicate_caseid_rows,0.0,,,,,
ther_v2_2005q2,,,caseid,13153.0,0.0,0.0,0.0
ther_v2_2005q2,,,therapy_record_n,13153.0,0.0,0.0,0.0
ther_v2_2005q2,,,has_start_dt,13153.0,0.0,0.0,0.0
ther_v2_2005q2,,,has_end_dt,13153.0,0.0,0.0,0.0
ther_v2_2005q2,,,duration_known,13153.0,0.0,0.0,0.0
ther_v2_2005q3,n_rows,13013.0,,,,,
ther_v2_2005q3,unique_caseid,13013.0,,,,,
ther_v2_2005q3,duplicate_caseid_rows,0.0,,,,,
ther_v2_2005q3,,,caseid,13013.0,0.0,0.0,0.0
ther_v2_2005q3,,,therapy_record_n,13013.0,0.0,0.0,0.0
ther_v2_2005q3,,,has_start_dt,13013.0,0.0,0.0,0.0
ther_v2_2005q3,,,has_end_dt,13013.0,0.0,0.0,0.0
ther_v2_2005q3,,,duration_known,13013.0,0.0,0.0,0.0
ther_v2_2005q4,n_rows,12750.0,,,,,
ther_v2_2005q4,unique_caseid,12750.0,,,,,
ther_v2_2005q4,duplicate_caseid_rows,0.0,,,,,
ther_v2_2005q4,,,caseid,12750.0,0.0,0.0,0.0
ther_v2_2005q4,,,therapy_record_n,12750.0,0.0,0.0,0.0
ther_v2_2005q4,,,has_start_dt,12750.0,0.0,0.0,0.0
ther_v2_2005q4,,,has_end_dt,12750.0,0.0,0.0,0.0
ther_v2_2005q4,,,duration_known,12750.0,0.0,0.0,0.0
ther_v2_2006q1,n_rows,13527.0,,,,,
ther_v2_2006q1,unique_caseid,13527.0,,,,,
ther_v2_2006q1,duplicate_caseid_rows,0.0,,,,,
ther_v2_2006q1,,,caseid,13527.0,0.0,0.0,0.0
ther_v2_2006q1,,,therapy_record_n,13527.0,0.0,0.0,0.0
ther_v2_2006q1,,,has_start_dt,13527.0,0.0,0.0,0.0
ther_v2_2006q1,,,has_end_dt,13527.0,0.0,0.0,0.0
ther_v2_2006q1,,,duration_known,13527.0,0.0,0.0,0.0
ther_v2_2006q2,n_rows,13100.0,,,,,
ther_v2_2006q2,unique_caseid,13100.0,,,,,
ther_v2_2006q2,duplicate_caseid_rows,0.0,,,,,
ther_v2_2006q2,,,caseid,13100.0,0.0,0.0,0.0
ther_v2_2006q2,,,therapy_record_n,13100.0,0.0,0.0,0.0
ther_v2_2006q2,,,has_start_dt,13100.0,0.0,0.0,0.0
ther_v2_2006q2,,,has_end_dt,13100.0,0.0,0.0,0.0
ther_v2_2006q2,,,duration_known,13100.0,0.0,0.0,0.0
ther_v2_2006q3,n_rows,11466.0,,,,,
ther_v2_2006q3,unique_caseid,11466.0,,,,,
ther_v2_2006q3,duplicate_caseid_rows,0.0,,,,,
ther_v2_2006q3,,,caseid,11466.0,0.0,0.0,0.0
ther_v2_2006q3,,,therapy_record_n,11466.0,0.0,0.0,0.0
ther_v2_2006q3,,,has_start_dt,11466.0,0.0,0.0,0.0
ther_v2_2006q3,,,has_end_dt,11466.0,0.0,0.0,0.0
ther_v2_2006q3,,,duration_known,11466.0,0.0,0.0,0.0
ther_v2_2006q4,n_rows,11379.0,,,,,
ther_v2_2006q4,unique_caseid,11379.0,,,,,
ther_v2_2006q4,duplicate_caseid_rows,0.0,,,,,
ther_v2_2006q4,,,caseid,11379.0,0.0,0.0,0.0
ther_v2_2006q4,,,therapy_record_n,11379.0,0.0,0.0,0.0
ther_v2_2006q4,,,has_start_dt,11379.0,0.0,0.0,0.0
ther_v2_2006q4,,,has_end_dt,11379.0,0.0,0.0,0.0
ther_v2_2006q4,,,duration_known,11379.0,0.0,0.0,0.0
ther_v2_2007q1,n_rows,12054.0,,,,,
ther_v2_2007q1,unique_caseid,12054.0,,,,,
ther_v2_2007q1,duplicate_caseid_rows,0.0,,,,,
ther_v2_2007q1,,,caseid,12054.0,0.0,0.0,0.0
ther_v2_2007q1,,,therapy_record_n,12054.0,0.0,0.0,0.0
ther_v2_2007q1,,,has_start_dt,12054.0,0.0,0.0,0.0
ther_v2_2007q1,,,has_end_dt,12054.0,0.0,0.0,0.0
ther_v2_2007q1,,,duration_known,12054.0,0.0,0.0,0.0
ther_v2_2007q2,n_rows,11080.0,,,,,
ther_v2_2007q2,unique_caseid,11080.0,,,,,
ther_v2_2007q2,duplicate_caseid_rows,0.0,,,,,
ther_v2_2007q2,,,caseid,11080.0,0.0,0.0,0.0
ther_v2_2007q2,,,therapy_record_n,11080.0,0.0,0.0,0.0
ther_v2_2007q2,,,has_start_dt,11080.0,0.0,0.0,0.0
ther_v2_2007q2,,,has_end_dt,11080.0,0.0,0.0,0.0
ther_v2_2007q2,,,duration_known,11080.0,0.0,0.0,0.0
ther_v2_2007q3,n_rows,11166.0,,,,,
ther_v2_2007q3,unique_caseid,11166.0,,,,,
ther_v2_2007q3,duplicate_caseid_rows,0.0,,,,,
ther_v2_2007q3,,,caseid,11166.0,0.0,0.0,0.0
ther_v2_2007q3,,,therapy_record_n,11166.0,0.0,0.0,0.0
ther_v2_2007q3,,,has_start_dt,11166.0,0.0,0.0,0.0
ther_v2_2007q3,,,has_end_dt,11166.0,0.0,0.0,0.0
ther_v2_2007q3,,,duration_known,11166.0,0.0,0.0,0.0
ther_v2_2007q4,n_rows,12283.0,,,,,
ther_v2_2007q4,unique_caseid,12283.0,,,,,
ther_v2_2007q4,duplicate_caseid_rows,0.0,,,,,
ther_v2_2007q4,,,caseid,12283.0,0.0,0.0,0.0
ther_v2_2007q4,,,therapy_record_n,12283.0,0.0,0.0,0.0
ther_v2_2007q4,,,has_start_dt,12283.0,0.0,0.0,0.0
ther_v2_2007q4,,,has_end_dt,12283.0,0.0,0.0,0.0
ther_v2_2007q4,,,duration_known,12283.0,0.0,0.0,0.0
ther_v2_2008q1,n_rows,11996.0,,,,,
ther_v2_2008q1,unique_caseid,11996.0,,,,,
ther_v2_2008q1,duplicate_caseid_rows,0.0,,,,,
ther_v2_2008q1,,,caseid,11996.0,0.0,0.0,0.0
ther_v2_2008q1,,,therapy_record_n,11996.0,0.0,0.0,0.0
ther_v2_2008q1,,,has_start_dt,11996.0,0.0,0.0,0.0
ther_v2_2008q1,,,has_end_dt,11996.0,0.0,0.0,0.0
ther_v2_2008q1,,,duration_known,11996.0,0.0,0.0,0.0
ther_v2_2008q2,n_rows,11611.0,,,,,
ther_v2_2008q2,unique_caseid,11611.0,,,,,
ther_v2_2008q2,duplicate_caseid_rows,0.0,,,,,
ther_v2_2008q2,,,caseid,11611.0,0.0,0.0,0.0
ther_v2_2008q2,,,therapy_record_n,11611.0,0.0,0.0,0.0
ther_v2_2008q2,,,has_start_dt,11611.0,0.0,0.0,0.0
ther_v2_2008q2,,,has_end_dt,11611.0,0.0,0.0,0.0
ther_v2_2008q2,,,duration_known,11611.0,0.0,0.0,0.0
ther_v2_2008q3,n_rows,11388.0,,,,,
ther_v2_2008q3,unique_caseid,11388.0,,,,,
ther_v2_2008q3,duplicate_caseid_rows,0.0,,,,,
ther_v2_2008q3,,,caseid,11388.0,0.0,0.0,0.0
ther_v2_2008q3,,,therapy_record_n,11388.0,0.0,0.0,0.0
ther_v2_2008q3,,,has_start_dt,11388.0,0.0,0.0,0.0
ther_v2_2008q3,,,has_end_dt,11388.0,0.0,0.0,0.0
ther_v2_2008q3,,,duration_known,11388.0,0.0,0.0,0.0
ther_v2_2008q4,n_rows,10957.0,,,,,
ther_v2_2008q4,unique_caseid,10957.0,,,,,
ther_v2_2008q4,duplicate_caseid_rows,0.0,,,,,
ther_v2_2008q4,,,caseid,10957.0,0.0,0.0,0.0
ther_v2_2008q4,,,therapy_record_n,10957.0,0.0,0.0,0.0
ther_v2_2008q4,,,has_start_dt,10957.0,0.0,0.0,0.0
ther_v2_2008q4,,,has_end_dt,10957.0,0.0,0.0,0.0
ther_v2_2008q4,,,duration_known,10957.0,0.0,0.0,0.0
ther_v2_2009q1,n_rows,9713.0,,,,,
ther_v2_2009q1,unique_caseid,9713.0,,,,,
ther_v2_2009q1,duplicate_caseid_rows,0.0,,,,,
ther_v2_2009q1,,,caseid,9713.0,0.0,0.0,0.0
ther_v2_2009q1,,,therapy_record_n,9713.0,0.0,0.0,0.0
ther_v2_2009q1,,,has_start_dt,9713.0,0.0,0.0,0.0
ther_v2_2009q1,,,has_end_dt,9713.0,0.0,0.0,0.0
ther_v2_2009q1,,,duration_known,9713.0,0.0,0.0,0.0
ther_v2_2009q2,n_rows,9752.0,,,,,
ther_v2_2009q2,unique_caseid,9752.0,,,,,
ther_v2_2009q2,duplicate_caseid_rows,0.0,,,,,
ther_v2_2009q2,,,caseid,9752.0,0.0,0.0,0.0
ther_v2_2009q2,,,therapy_record_n,9752.0,0.0,0.0,0.0
ther_v2_2009q2,,,has_start_dt,9752.0,0.0,0.0,0.0
ther_v2_2009q2,,,has_end_dt,9752.0,0.0,0.0,0.0
ther_v2_2009q2,,,duration_known,9752.0,0.0,0.0,0.0
ther_v2_2009q3,n_rows,9975.0,,,,,
ther_v2_2009q3,unique_caseid,9975.0,,,,,
ther_v2_2009q3,duplicate_caseid_rows,0.0,,,,,
ther_v2_2009q3,,,caseid,9975.0,0.0,0.0,0.0
ther_v2_2009q3,,,therapy_record_n,9975.0,0.0,0.0,0.0
ther_v2_2009q3,,,has_start_dt,9975.0,0.0,0.0,0.0
ther_v2_2009q3,,,has_end_dt,9975.0,0.0,0.0,0.0
ther_v2_2009q3,,,duration_known,9975.0,0.0,0.0,0.0
ther_v2_2009q4,n_rows,12378.0,,,,,
ther_v2_2009q4,unique_caseid,12378.0,,,,,
ther_v2_2009q4,duplicate_caseid_rows,0.0,,,,,
ther_v2_2009q4,,,caseid,12378.0,0.0,0.0,0.0
ther_v2_2009q4,,,therapy_record_n,12378.0,0.0,0.0,0.0
ther_v2_2009q4,,,has_start_dt,12378.0,0.0,0.0,0.0
ther_v2_2009q4,,,has_end_dt,12378.0,0.0,0.0,0.0
ther_v2_2009q4,,,duration_known,12378.0,0.0,0.0,0.0
ther_v2_2010q1,n_rows,11511.0,,,,,
ther_v2_2010q1,unique_caseid,11511.0,,,,,
ther_v2_2010q1,duplicate_caseid_rows,0.0,,,,,
ther_v2_2010q1,,,caseid,11511.0,0.0,0.0,0.0
ther_v2_2010q1,,,therapy_record_n,11511.0,0.0,0.0,0.0
ther_v2_2010q1,,,has_start_dt,11511.0,0.0,0.0,0.0
ther_v2_2010q1,,,has_end_dt,11511.0,0.0,0.0,0.0
ther_v2_2010q1,,,duration_known,11511.0,0.0,0.0,0.0
ther_v2_2010q2,n_rows,20391.0,,,,,
ther_v2_2010q2,unique_caseid,20391.0,,,,,
ther_v2_2010q2,duplicate_caseid_rows,0.0,,,,,
ther_v2_2010q2,,,caseid,20391.0,0.0,0.0,0.0
ther_v2_2010q2,,,therapy_record_n,20391.0,0.0,0.0,0.0
ther_v2_2010q2,,,has_start_dt,20391.0,0.0,0.0,0.0
ther_v2_2010q2,,,has_end_dt,20391.0,0.0,0.0,0.0
ther_v2_2010q2,,,duration_known,20391.0,0.0,0.0,0.0
ther_v2_2010q3,n_rows,27123.0,,,,,
ther_v2_2010q3,unique_caseid,27123.0,,,,,
ther_v2_2010q3,duplicate_caseid_rows,0.0,,,,,
ther_v2_2010q3,,,caseid,27123.0,0.0,0.0,0.0
ther_v2_2010q3,,,therapy_record_n,27123.0,0.0,0.0,0.0
ther_v2_2010q3,,,has_start_dt,27123.0,0.0,0.0,0.0
ther_v2_2010q3,,,has_end_dt,27123.0,0.0,0.0,0.0
ther_v2_2010q3,,,duration_known,27123.0,0.0,0.0,0.0
ther_v2_2010q4,n_rows,22129.0,,,,,
ther_v2_2010q4,unique_caseid,22129.0,,,,,
ther_v2_2010q4,duplicate_caseid_rows,0.0,,,,,
ther_v2_2010q4,,,caseid,22129.0,0.0,0.0,0.0
ther_v2_2010q4,,,therapy_record_n,22129.0,0.0,0.0,0.0
ther_v2_2010q4,,,has_start_dt,22129.0,0.0,0.0,0.0
ther_v2_2010q4,,,has_end_dt,22129.0,0.0,0.0,0.0
ther_v2_2010q4,,,duration_known,22129.0,0.0,0.0,0.0
ther_v2_2011q1,n_rows,23780.0,,,,,
ther_v2_2011q1,unique_caseid,23780.0,,,,,
ther_v2_2011q1,duplicate_caseid_rows,0.0,,,,,
ther_v2_2011q1,,,caseid,23780.0,0.0,0.0,0.0
ther_v2_2011q1,,,therapy_record_n,23780.0,0.0,0.0,0.0
ther_v2_2011q1,,,has_start_dt,23780.0,0.0,0.0,0.0
ther_v2_2011q1,,,has_end_dt,23780.0,0.0,0.0,0.0
ther_v2_2011q1,,,duration_known,23780.0,0.0,0.0,0.0
ther_v2_2011q2,n_rows,26331.0,,,,,
ther_v2_2011q2,unique_caseid,26331.0,,,,,
ther_v2_2011q2,duplicate_caseid_rows,0.0,,,,,
ther_v2_2011q2,,,caseid,26331.0,0.0,0.0,0.0
ther_v2_2011q2,,,therapy_record_n,26331.0,0.0,0.0,0.0
ther_v2_2011q2,,,has_start_dt,26331.0,0.0,0.0,0.0
ther_v2_2011q2,,,has_end_dt,26331.0,0.0,0.0,0.0
ther_v2_2011q2,,,duration_known,26331.0,0.0,0.0,0.0
ther_v2_2011q3,n_rows,25968.0,,,,,
ther_v2_2011q3,unique_caseid,25968.0,,,,,
ther_v2_2011q3,duplicate_caseid_rows,0.0,,,,,
ther_v2_2011q3,,,caseid,25968.0,0.0,0.0,0.0
ther_v2_2011q3,,,therapy_record_n,25968.0,0.0,0.0,0.0
ther_v2_2011q3,,,has_start_dt,25968.0,0.0,0.0,0.0
ther_v2_2011q3,,,has_end_dt,25968.0,0.0,0.0,0.0
ther_v2_2011q3,,,duration_known,25968.0,0.0,0.0,0.0
ther_v2_2011q4,n_rows,28165.0,,,,,
ther_v2_2011q4,unique_caseid,28165.0,,,,,
ther_v2_2011q4,duplicate_caseid_rows,0.0,,,,,
ther_v2_2011q4,,,caseid,28165.0,0.0,0.0,0.0
ther_v2_2011q4,,,therapy_record_n,28165.0,0.0,0.0,0.0
ther_v2_2011q4,,,has_start_dt,28165.0,0.0,0.0,0.0
ther_v2_2011q4,,,has_end_dt,28165.0,0.0,0.0,0.0
ther_v2_2011q4,,,duration_known,28165.0,0.0,0.0,0.0
ther_v2_2012q1,n_rows,30546.0,,,,,
ther_v2_2012q1,unique_caseid,30546.0,,,,,
ther_v2_2012q1,duplicate_caseid_rows,0.0,,,,,
ther_v2_2012q1,,,caseid,30546.0,0.0,0.0,0.0
ther_v2_2012q1,,,therapy_record_n,30546.0,0.0,0.0,0.0
ther_v2_2012q1,,,has_start_dt,30546.0,0.0,0.0,0.0
ther_v2_2012q1,,,has_end_dt,30546.0,0.0,0.0,0.0
ther_v2_2012q1,,,duration_known,30546.0,0.0,0.0,0.0
ther_v2_2012q2,n_rows,30202.0,,,,,
ther_v2_2012q2,unique_caseid,30202.0,,,,,
ther_v2_2012q2,duplicate_caseid_rows,0.0,,,,,
ther_v2_2012q2,,,caseid,30202.0,0.0,0.0,0.0
ther_v2_2012q2,,,therapy_record_n,30202.0,0.0,0.0,0.0
ther_v2_2012q2,,,has_start_dt,30202.0,0.0,0.0,0.0
ther_v2_2012q2,,,has_end_dt,30202.0,0.0,0.0,0.0
ther_v2_2012q2,,,duration_known,30202.0,0.0,0.0,0.0
ther_v2_2012q3,n_rows,17466.0,,,,,
ther_v2_2012q3,unique_caseid,17466.0,,,,,
ther_v2_2012q3,duplicate_caseid_rows,0.0,,,,,
ther_v2_2012q3,,,caseid,17466.0,0.0,0.0,0.0
ther_v2_2012q3,,,therapy_record_n,17466.0,0.0,0.0,0.0
ther_v2_2012q3,,,has_start_dt,17466.0,0.0,0.0,0.0
ther_v2_2012q3,,,has_end_dt,17466.0,0.0,0.0,0.0
ther_v2_2012q3,,,duration_known,17466.0,0.0,0.0,0.0
ther_v2_2012q4,n_rows,30110.0,,,,,
ther_v2_2012q4,unique_caseid,30110.0,,,,,
ther_v2_2012q4,duplicate_caseid_rows,0.0,,,,,
ther_v2_2012q4,,,caseid,30110.0,0.0,0.0,0.0
ther_v2_2012q4,,,therapy_record_n,30110.0,0.0,0.0,0.0
ther_v2_2012q4,,,has_start_dt,30110.0,0.0,0.0,0.0
ther_v2_2012q4,,,has_end_dt,30110.0,0.0,0.0,0.0
ther_v2_2012q4,,,duration_known,30110.0,0.0,0.0,0.0
ther_v2_2013q1,n_rows,29306.0,,,,,
ther_v2_2013q1,unique_caseid,29306.0,,,,,
ther_v2_2013q1,duplicate_caseid_rows,0.0,,,,,
ther_v2_2013q1,,,caseid,29306.0,0.0,0.0,0.0
ther_v2_2013q1,,,therapy_record_n,29306.0,0.0,0.0,0.0
ther_v2_2013q1,,,has_start_dt,29306.0,0.0,0.0,0.0
ther_v2_2013q1,,,has_end_dt,29306.0,0.0,0.0,0.0
ther_v2_2013q1,,,duration_known,29306.0,0.0,0.0,0.0
ther_v2_2013q2,n_rows,27601.0,,,,,
ther_v2_2013q2,unique_caseid,27601.0,,,,,
ther_v2_2013q2,duplicate_caseid_rows,0.0,,,,,
ther_v2_2013q2,,,caseid,27601.0,0.0,0.0,0.0
ther_v2_2013q2,,,therapy_record_n,27601.0,0.0,0.0,0.0
ther_v2_2013q2,,,has_start_dt,27601.0,0.0,0.0,0.0
ther_v2_2013q2,,,has_end_dt,27601.0,0.0,0.0,0.0
ther_v2_2013q2,,,duration_known,27601.0,0.0,0.0,0.0
ther_v2_2013q3,n_rows,28869.0,,,,,
ther_v2_2013q3,unique_caseid,28869.0,,,,,
ther_v2_2013q3,duplicate_caseid_rows,0.0,,,,,
ther_v2_2013q3,,,caseid,28869.0,0.0,0.0,0.0
ther_v2_2013q3,,,therapy_record_n,28869.0,0.0,0.0,0.0
ther_v2_2013q3,,,has_start_dt,28869.0,0.0,0.0,0.0
ther_v2_2013q3,,,has_end_dt,28869.0,0.0,0.0,0.0
ther_v2_2013q3,,,duration_known,28869.0,0.0,0.0,0.0
ther_v2_2013q4,n_rows,32581.0,,,,,
ther_v2_2013q4,unique_caseid,32581.0,,,,,
ther_v2_2013q4,duplicate_caseid_rows,0.0,,,,,
ther_v2_2013q4,,,caseid,32581.0,0.0,0.0,0.0
ther_v2_2013q4,,,therapy_record_n,32581.0,0.0,0.0,0.0
ther_v2_2013q4,,,has_start_dt,32581.0,0.0,0.0,0.0
ther_v2_2013q4,,,has_end_dt,32581.0,0.0,0.0,0.0
ther_v2_2013q4,,,duration_known,32581.0,0.0,0.0,0.0
ther_v2_2014q1,n_rows,38759.0,,,,,
ther_v2_2014q1,unique_caseid,38759.0,,,,,
ther_v2_2014q1,duplicate_caseid_rows,0.0,,,,,
ther_v2_2014q1,,,caseid,38759.0,0.0,0.0,0.0
ther_v2_2014q1,,,therapy_record_n,38759.0,0.0,0.0,0.0
ther_v2_2014q1,,,has_start_dt,38759.0,0.0,0.0,0.0
ther_v2_2014q1,,,has_end_dt,38759.0,0.0,0.0,0.0
ther_v2_2014q1,,,duration_known,38759.0,0.0,0.0,0.0
ther_v2_2014q2,n_rows,33972.0,,,,,
ther_v2_2014q2,unique_caseid,33972.0,,,,,
ther_v2_2014q2,duplicate_caseid_rows,0.0,,,,,
ther_v2_2014q2,,,caseid,33972.0,0.0,0.0,0.0
ther_v2_2014q2,,,therapy_record_n,33972.0,0.0,0.0,0.0
ther_v2_2014q2,,,has_start_dt,33972.0,0.0,0.0,0.0
ther_v2_2014q2,,,has_end_dt,33972.0,0.0,0.0,0.0
ther_v2_2014q2,,,duration_known,33972.0,0.0,0.0,0.0
ther_v2_2014q3,n_rows,34684.0,,,,,
ther_v2_2014q3,unique_caseid,34684.0,,,,,
ther_v2_2014q3,duplicate_caseid_rows,0.0,,,,,
ther_v2_2014q3,,,caseid,34684.0,0.0,0.0,0.0
ther_v2_2014q3,,,therapy_record_n,34684.0,0.0,0.0,0.0
ther_v2_2014q3,,,has_start_dt,34684.0,0.0,0.0,0.0
ther_v2_2014q3,,,has_end_dt,34684.0,0.0,0.0,0.0
ther_v2_2014q3,,,duration_known,34684.0,0.0,0.0,0.0
ther_v2_2014q4,n_rows,34059.0,,,,,
ther_v2_2014q4,unique_caseid,34059.0,,,,,
ther_v2_2014q4,duplicate_caseid_rows,0.0,,,,,
ther_v2_2014q4,,,caseid,34059.0,0.0,0.0,0.0
ther_v2_2014q4,,,therapy_record_n,34059.0,0.0,0.0,0.0
ther_v2_2014q4,,,has_start_dt,34059.0,0.0,0.0,0.0
ther_v2_2014q4,,,has_end_dt,34059.0,0.0,0.0,0.0
ther_v2_2014q4,,,duration_known,34059.0,0.0,0.0,0.0
ther_v2_2015q1,n_rows,43671.0,,,,,
ther_v2_2015q1,unique_caseid,43671.0,,,,,
ther_v2_2015q1,duplicate_caseid_rows,0.0,,,,,
ther_v2_2015q1,,,caseid,43671.0,0.0,0.0,0.0
ther_v2_2015q1,,,therapy_record_n,43671.0,0.0,0.0,0.0
ther_v2_2015q1,,,has_start_dt,43671.0,0.0,0.0,0.0
ther_v2_2015q1,,,has_end_dt,43671.0,0.0,0.0,0.0
ther_v2_2015q1,,,duration_known,43671.0,0.0,0.0,0.0
ther_v2_2015q2,n_rows,44278.0,,,,,
ther_v2_2015q2,unique_caseid,44278.0,,,,,
ther_v2_2015q2,duplicate_caseid_rows,0.0,,,,,
ther_v2_2015q2,,,caseid,44278.0,0.0,0.0,0.0
ther_v2_2015q2,,,therapy_record_n,44278.0,0.0,0.0,0.0
ther_v2_2015q2,,,has_start_dt,44278.0,0.0,0.0,0.0
ther_v2_2015q2,,,has_end_dt,44278.0,0.0,0.0,0.0
ther_v2_2015q2,,,duration_known,44278.0,0.0,0.0,0.0
ther_v2_2015q3,n_rows,58815.0,,,,,
ther_v2_2015q3,unique_caseid,58815.0,,,,,
ther_v2_2015q3,duplicate_caseid_rows,0.0,,,,,
ther_v2_2015q3,,,caseid,58815.0,0.0,0.0,0.0
ther_v2_2015q3,,,therapy_record_n,58815.0,0.0,0.0,0.0
ther_v2_2015q3,,,has_start_dt,58815.0,0.0,0.0,0.0
ther_v2_2015q3,,,has_end_dt,58815.0,0.0,0.0,0.0
ther_v2_2015q3,,,duration_known,58815.0,0.0,0.0,0.0
ther_v2_2015q4,n_rows,51502.0,,,,,
ther_v2_2015q4,unique_caseid,51502.0,,,,,
ther_v2_2015q4,duplicate_caseid_rows,0.0,,,,,
ther_v2_2015q4,,,caseid,51502.0,0.0,0.0,0.0
ther_v2_2015q4,,,therapy_record_n,51502.0,0.0,0.0,0.0
ther_v2_2015q4,,,has_start_dt,51502.0,0.0,0.0,0.0
ther_v2_2015q4,,,has_end_dt,51502.0,0.0,0.0,0.0
ther_v2_2015q4,,,duration_known,51502.0,0.0,0.0,0.0
ther_v2_2016q1,n_rows,50305.0,,,,,
ther_v2_2016q1,unique_caseid,50305.0,,,,,
ther_v2_2016q1,duplicate_caseid_rows,0.0,,,,,
ther_v2_2016q1,,,caseid,50305.0,0.0,0.0,0.0
ther_v2_2016q1,,,therapy_record_n,50305.0,0.0,0.0,0.0
ther_v2_2016q1,,,has_start_dt,50305.0,0.0,0.0,0.0
ther_v2_2016q1,,,has_end_dt,50305.0,0.0,0.0,0.0
ther_v2_2016q1,,,duration_known,50305.0,0.0,0.0,0.0
ther_v2_2016q2,n_rows,47959.0,,,,,
ther_v2_2016q2,unique_caseid,47959.0,,,,,
ther_v2_2016q2,duplicate_caseid_rows,0.0,,,,,
ther_v2_2016q2,,,caseid,47959.0,0.0,0.0,0.0
ther_v2_2016q2,,,therapy_record_n,47959.0,0.0,0.0,0.0
ther_v2_2016q2,,,has_start_dt,47959.0,0.0,0.0,0.0
ther_v2_2016q2,,,has_end_dt,47959.0,0.0,0.0,0.0
ther_v2_2016q2,,,duration_known,47959.0,0.0,0.0,0.0
ther_v2_2016q3,n_rows,53716.0,,,,,
ther_v2_2016q3,unique_caseid,53716.0,,,,,
ther_v2_2016q3,duplicate_caseid_rows,0.0,,,,,
ther_v2_2016q3,,,caseid,53716.0,0.0,0.0,0.0
ther_v2_2016q3,,,therapy_record_n,53716.0,0.0,0.0,0.0
ther_v2_2016q3,,,has_start_dt,53716.0,0.0,0.0,0.0
ther_v2_2016q3,,,has_end_dt,53716.0,0.0,0.0,0.0
ther_v2_2016q3,,,duration_known,53716.0,0.0,0.0,0.0
ther_v2_2016q4,n_rows,49142.0,,,,,
ther_v2_2016q4,unique_caseid,49142.0,,,,,
ther_v2_2016q4,duplicate_caseid_rows,0.0,,,,,
ther_v2_2016q4,,,caseid,49142.0,0.0,0.0,0.0
ther_v2_2016q4,,,therapy_record_n,49142.0,0.0,0.0,0.0
ther_v2_2016q4,,,has_start_dt,49142.0,0.0,0.0,0.0
ther_v2_2016q4,,,has_end_dt,49142.0,0.0,0.0,0.0
ther_v2_2016q4,,,duration_known,49142.0,0.0,0.0,0.0
ther_v2_2017q1,n_rows,51251.0,,,,,
ther_v2_2017q1,unique_caseid,51251.0,,,,,
ther_v2_2017q1,duplicate_caseid_rows,0.0,,,,,
ther_v2_2017q1,,,caseid,51251.0,0.0,0.0,0.0
ther_v2_2017q1,,,therapy_record_n,51251.0,0.0,0.0,0.0
ther_v2_2017q1,,,has_start_dt,51251.0,0.0,0.0,0.0
ther_v2_2017q1,,,has_end_dt,51251.0,0.0,0.0,0.0
ther_v2_2017q1,,,duration_known,51251.0,0.0,0.0,0.0
ther_v2_2017q2,n_rows,48191.0,,,,,
ther_v2_2017q2,unique_caseid,48191.0,,,,,
ther_v2_2017q2,duplicate_caseid_rows,0.0,,,,,
ther_v2_2017q2,,,caseid,48191.0,0.0,0.0,0.0
ther_v2_2017q2,,,therapy_record_n,48191.0,0.0,0.0,0.0
ther_v2_2017q2,,,has_start_dt,48191.0,0.0,0.0,0.0
ther_v2_2017q2,,,has_end_dt,48191.0,0.0,0.0,0.0
ther_v2_2017q2,,,duration_known,48191.0,0.0,0.0,0.0
ther_v2_2017q3,n_rows,52185.0,,,,,
ther_v2_2017q3,unique_caseid,52185.0,,,,,
ther_v2_2017q3,duplicate_caseid_rows,0.0,,,,,
ther_v2_2017q3,,,caseid,52185.0,0.0,0.0,0.0
ther_v2_2017q3,,,therapy_record_n,52185.0,0.0,0.0,0.0
ther_v2_2017q3,,,has_start_dt,52185.0,0.0,0.0,0.0
ther_v2_2017q3,,,has_end_dt,52185.0,0.0,0.0,0.0
ther_v2_2017q3,,,duration_known,52185.0,0.0,0.0,0.0
ther_v2_2017q4,n_rows,46666.0,,,,,
ther_v2_2017q4,unique_caseid,46666.0,,,,,
ther_v2_2017q4,duplicate_caseid_rows,0.0,,,,,
ther_v2_2017q4,,,caseid,46666.0,0.0,0.0,0.0
ther_v2_2017q4,,,therapy_record_n,46666.0,0.0,0.0,0.0
ther_v2_2017q4,,,has_start_dt,46666.0,0.0,0.0,0.0
ther_v2_2017q4,,,has_end_dt,46666.0,0.0,0.0,0.0
ther_v2_2017q4,,,duration_known,46666.0,0.0,0.0,0.0
ther_v2_2018q1,n_rows,58082.0,,,,,
ther_v2_2018q1,unique_caseid,58082.0,,,,,
ther_v2_2018q1,duplicate_caseid_rows,0.0,,,,,
ther_v2_2018q1,,,caseid,58082.0,0.0,0.0,0.0
ther_v2_2018q1,,,therapy_record_n,58082.0,0.0,0.0,0.0
ther_v2_2018q1,,,has_start_dt,58082.0,0.0,0.0,0.0
ther_v2_2018q1,,,has_end_dt,58082.0,0.0,0.0,0.0
ther_v2_2018q1,,,duration_known,58082.0,0.0,0.0,0.0
ther_v2_2018q2,n_rows,62431.0,,,,,
ther_v2_2018q2,unique_caseid,62431.0,,,,,
ther_v2_2018q2,duplicate_caseid_rows,0.0,,,,,
ther_v2_2018q2,,,caseid,62431.0,0.0,0.0,0.0
ther_v2_2018q2,,,therapy_record_n,62431.0,0.0,0.0,0.0
ther_v2_2018q2,,,has_start_dt,62431.0,0.0,0.0,0.0
ther_v2_2018q2,,,has_end_dt,62431.0,0.0,0.0,0.0
ther_v2_2018q2,,,duration_known,62431.0,0.0,0.0,0.0
ther_v2_2018q3,n_rows,67282.0,,,,,
ther_v2_2018q3,unique_caseid,67282.0,,,,,
ther_v2_2018q3,duplicate_caseid_rows,0.0,,,,,
ther_v2_2018q3,,,caseid,67282.0,0.0,0.0,0.0
ther_v2_2018q3,,,therapy_record_n,67282.0,0.0,0.0,0.0
ther_v2_2018q3,,,has_start_dt,67282.0,0.0,0.0,0.0
ther_v2_2018q3,,,has_end_dt,67282.0,0.0,0.0,0.0
ther_v2_2018q3,,,duration_known,67282.0,0.0,0.0,0.0
ther_v2_2018q4,n_rows,63002.0,,,,,
ther_v2_2018q4,unique_caseid,63002.0,,,,,
ther_v2_2018q4,duplicate_caseid_rows,0.0,,,,,
ther_v2_2018q4,,,caseid,63002.0,0.0,0.0,0.0
ther_v2_2018q4,,,therapy_record_n,63002.0,0.0,0.0,0.0
ther_v2_2018q4,,,has_start_dt,63002.0,0.0,0.0,0.0
ther_v2_2018q4,,,has_end_dt,63002.0,0.0,0.0,0.0
ther_v2_2018q4,,,duration_known,63002.0,0.0,0.0,0.0
ther_v2_2019q1,n_rows,59016.0,,,,,
ther_v2_2019q1,unique_caseid,59016.0,,,,,
ther_v2_2019q1,duplicate_caseid_rows,0.0,,,,,
ther_v2_2019q1,,,caseid,59016.0,0.0,0.0,0.0
ther_v2_2019q1,,,therapy_record_n,59016.0,0.0,0.0,0.0
ther_v2_2019q1,,,has_start_dt,59016.0,0.0,0.0,0.0
ther_v2_2019q1,,,has_end_dt,59016.0,0.0,0.0,0.0
ther_v2_2019q1,,,duration_known,59016.0,0.0,0.0,0.0
ther_v2_2019q2,n_rows,63323.0,,,,,
ther_v2_2019q2,unique_caseid,63323.0,,,,,
ther_v2_2019q2,duplicate_caseid_rows,0.0,,,,,
ther_v2_2019q2,,,caseid,63323.0,0.0,0.0,0.0
ther_v2_2019q2,,,therapy_record_n,63323.0,0.0,0.0,0.0
ther_v2_2019q2,,,has_start_dt,63323.0,0.0,0.0,0.0
ther_v2_2019q2,,,has_end_dt,63323.0,0.0,0.0,0.0
ther_v2_2019q2,,,duration_known,63323.0,0.0,0.0,0.0
ther_v2_2019q3,n_rows,63193.0,,,,,
ther_v2_2019q3,unique_caseid,63193.0,,,,,
ther_v2_2019q3,duplicate_caseid_rows,0.0,,,,,
ther_v2_2019q3,,,caseid,63193.0,0.0,0.0,0.0
ther_v2_2019q3,,,therapy_record_n,63193.0,0.0,0.0,0.0
ther_v2_2019q3,,,has_start_dt,63193.0,0.0,0.0,0.0
ther_v2_2019q3,,,has_end_dt,63193.0,0.0,0.0,0.0
ther_v2_2019q3,,,duration_known,63193.0,0.0,0.0,0.0
ther_v2_2019q4,n_rows,63057.0,,,,,
ther_v2_2019q4,unique_caseid,63057.0,,,,,
ther_v2_2019q4,duplicate_caseid_rows,0.0,,,,,
ther_v2_2019q4,,,caseid,63057.0,0.0,0.0,0.0
ther_v2_2019q4,,,therapy_record_n,63057.0,0.0,0.0,0.0
ther_v2_2019q4,,,has_start_dt,63057.0,0.0,0.0,0.0
ther_v2_2019q4,,,has_end_dt,63057.0,0.0,0.0,0.0
ther_v2_2019q4,,,duration_known,63057.0,0.0,0.0,0.0
ther_v2_2020q1,n_rows,65062.0,,,,,
ther_v2_2020q1,unique_caseid,65062.0,,,,,
ther_v2_2020q1,duplicate_caseid_rows,0.0,,,,,
ther_v2_2020q1,,,caseid,65062.0,0.0,0.0,0.0
ther_v2_2020q1,,,therapy_record_n,65062.0,0.0,0.0,0.0
ther_v2_2020q1,,,has_start_dt,65062.0,0.0,0.0,0.0
ther_v2_2020q1,,,has_end_dt,65062.0,0.0,0.0,0.0
ther_v2_2020q1,,,duration_known,65062.0,0.0,0.0,0.0
ther_v2_2020q2,n_rows,56571.0,,,,,
ther_v2_2020q2,unique_caseid,56571.0,,,,,
ther_v2_2020q2,duplicate_caseid_rows,0.0,,,,,
ther_v2_2020q2,,,caseid,56571.0,0.0,0.0,0.0
ther_v2_2020q2,,,therapy_record_n,56571.0,0.0,0.0,0.0
ther_v2_2020q2,,,has_start_dt,56571.0,0.0,0.0,0.0
ther_v2_2020q2,,,has_end_dt,56571.0,0.0,0.0,0.0
ther_v2_2020q2,,,duration_known,56571.0,0.0,0.0,0.0
ther_v2_2020q3,n_rows,57459.0,,,,,
ther_v2_2020q3,unique_caseid,57459.0,,,,,
ther_v2_2020q3,duplicate_caseid_rows,0.0,,,,,
ther_v2_2020q3,,,caseid,57459.0,0.0,0.0,0.0
ther_v2_2020q3,,,therapy_record_n,57459.0,0.0,0.0,0.0
ther_v2_2020q3,,,has_start_dt,57459.0,0.0,0.0,0.0
ther_v2_2020q3,,,has_end_dt,57459.0,0.0,0.0,0.0
ther_v2_2020q3,,,duration_known,57459.0,0.0,0.0,0.0
ther_v2_2020q4,n_rows,59885.0,,,,,
ther_v2_2020q4,unique_caseid,59885.0,,,,,
ther_v2_2020q4,duplicate_caseid_rows,0.0,,,,,
ther_v2_2020q4,,,caseid,59885.0,0.0,0.0,0.0
ther_v2_2020q4,,,therapy_record_n,59885.0,0.0,0.0,0.0
ther_v2_2020q4,,,has_start_dt,59885.0,0.0,0.0,0.0
ther_v2_2020q4,,,has_end_dt,59885.0,0.0,0.0,0.0
ther_v2_2020q4,,,duration_known,59885.0,0.0,0.0,0.0
ther_v2_2021q1,n_rows,57748.0,,,,,
ther_v2_2021q1,unique_caseid,57748.0,,,,,
ther_v2_2021q1,duplicate_caseid_rows,0.0,,,,,
ther_v2_2021q1,,,caseid,57748.0,0.0,0.0,0.0
ther_v2_2021q1,,,therapy_record_n,57748.0,0.0,0.0,0.0
ther_v2_2021q1,,,has_start_dt,57748.0,0.0,0.0,0.0
ther_v2_2021q1,,,has_end_dt,57748.0,0.0,0.0,0.0
ther_v2_2021q1,,,duration_known,57748.0,0.0,0.0,0.0
ther_v2_2021q2,n_rows,59559.0,,,,,
ther_v2_2021q2,unique_caseid,59559.0,,,,,
ther_v2_2021q2,duplicate_caseid_rows,0.0,,,,,
ther_v2_2021q2,,,caseid,59559.0,0.0,0.0,0.0
ther_v2_2021q2,,,therapy_record_n,59559.0,0.0,0.0,0.0
ther_v2_2021q2,,,has_start_dt,59559.0,0.0,0.0,0.0
ther_v2_2021q2,,,has_end_dt,59559.0,0.0,0.0,0.0
ther_v2_2021q2,,,duration_known,59559.0,0.0,0.0,0.0
ther_v2_2021q3,n_rows,78535.0,,,,,
ther_v2_2021q3,unique_caseid,78535.0,,,,,
ther_v2_2021q3,duplicate_caseid_rows,0.0,,,,,
ther_v2_2021q3,,,caseid,78535.0,0.0,0.0,0.0
ther_v2_2021q3,,,therapy_record_n,78535.0,0.0,0.0,0.0
ther_v2_2021q3,,,has_start_dt,78535.0,0.0,0.0,0.0
ther_v2_2021q3,,,has_end_dt,78535.0,0.0,0.0,0.0
ther_v2_2021q3,,,duration_known,78535.0,0.0,0.0,0.0
ther_v2_2021q4,n_rows,57692.0,,,,,
ther_v2_2021q4,unique_caseid,57692.0,,,,,
ther_v2_2021q4,duplicate_caseid_rows,0.0,,,,,
ther_v2_2021q4,,,caseid,57692.0,0.0,0.0,0.0
ther_v2_2021q4,,,therapy_record_n,57692.0,0.0,0.0,0.0
ther_v2_2021q4,,,has_start_dt,57692.0,0.0,0.0,0.0
ther_v2_2021q4,,,has_end_dt,57692.0,0.0,0.0,0.0
ther_v2_2021q4,,,duration_known,57692.0,0.0,0.0,0.0
ther_v2_2022q1,n_rows,61946.0,,,,,
ther_v2_2022q1,unique_caseid,61946.0,,,,,
ther_v2_2022q1,duplicate_caseid_rows,0.0,,,,,
ther_v2_2022q1,,,caseid,61946.0,0.0,0.0,0.0
ther_v2_2022q1,,,therapy_record_n,61946.0,0.0,0.0,0.0
ther_v2_2022q1,,,has_start_dt,61946.0,0.0,0.0,0.0
ther_v2_2022q1,,,has_end_dt,61946.0,0.0,0.0,0.0
ther_v2_2022q1,,,duration_known,61946.0,0.0,0.0,0.0
ther_v2_2022q2,n_rows,70350.0,,,,,
ther_v2_2022q2,unique_caseid,70350.0,,,,,
ther_v2_2022q2,duplicate_caseid_rows,0.0,,,,,
ther_v2_2022q2,,,caseid,70350.0,0.0,0.0,0.0
ther_v2_2022q2,,,therapy_record_n,70350.0,0.0,0.0,0.0
ther_v2_2022q2,,,has_start_dt,70350.0,0.0,0.0,0.0
ther_v2_2022q2,,,has_end_dt,70350.0,0.0,0.0,0.0
ther_v2_2022q2,,,duration_known,70350.0,0.0,0.0,0.0
ther_v2_2022q3,n_rows,70383.0,,,,,
ther_v2_2022q3,unique_caseid,70383.0,,,,,
ther_v2_2022q3,duplicate_caseid_rows,0.0,,,,,
ther_v2_2022q3,,,caseid,70383.0,0.0,0.0,0.0
ther_v2_2022q3,,,therapy_record_n,70383.0,0.0,0.0,0.0
ther_v2_2022q3,,,has_start_dt,70383.0,0.0,0.0,0.0
ther_v2_2022q3,,,has_end_dt,70383.0,0.0,0.0,0.0
ther_v2_2022q3,,,duration_known,70383.0,0.0,0.0,0.0
ther_v2_2022q4,n_rows,63434.0,,,,,
ther_v2_2022q4,unique_caseid,63434.0,,,,,
ther_v2_2022q4,duplicate_caseid_rows,0.0,,,,,
ther_v2_2022q4,,,caseid,63434.0,0.0,0.0,0.0
ther_v2_2022q4,,,therapy_record_n,63434.0,0.0,0.0,0.0
ther_v2_2022q4,,,has_start_dt,63434.0,0.0,0.0,0.0
ther_v2_2022q4,,,has_end_dt,63434.0,0.0,0.0,0.0
ther_v2_2022q4,,,duration_known,63434.0,0.0,0.0,0.0
ther_v2_2023q1,n_rows,58395.0,,,,,
ther_v2_2023q1,unique_caseid,58395.0,,,,,
ther_v2_2023q1,duplicate_caseid_rows,0.0,,,,,
ther_v2_2023q1,,,caseid,58395.0,0.0,0.0,0.0
ther_v2_2023q1,,,therapy_record_n,58395.0,0.0,0.0,0.0
ther_v2_2023q1,,,has_start_dt,58395.0,0.0,0.0,0.0
ther_v2_2023q1,,,has_end_dt,58395.0,0.0,0.0,0.0
ther_v2_2023q1,,,duration_known,58395.0,0.0,0.0,0.0
ther_v2_2023q2,n_rows,55624.0,,,,,
ther_v2_2023q2,unique_caseid,55624.0,,,,,
ther_v2_2023q2,duplicate_caseid_rows,0.0,,,,,
ther_v2_2023q2,,,caseid,55624.0,0.0,0.0,0.0
ther_v2_2023q2,,,therapy_record_n,55624.0,0.0,0.0,0.0
ther_v2_2023q2,,,has_start_dt,55624.0,0.0,0.0,0.0
ther_v2_2023q2,,,has_end_dt,55624.0,0.0,0.0,0.0
ther_v2_2023q2,,,duration_known,55624.0,0.0,0.0,0.0
ther_v2_2023q3,n_rows,52221.0,,,,,
ther_v2_2023q3,unique_caseid,52221.0,,,,,
ther_v2_2023q3,duplicate_caseid_rows,0.0,,,,,
ther_v2_2023q3,,,caseid,52221.0,0.0,0.0,0.0
ther_v2_2023q3,,,therapy_record_n,52221.0,0.0,0.0,0.0
ther_v2_2023q3,,,has_start_dt,52221.0,0.0,0.0,0.0
ther_v2_2023q3,,,has_end_dt,52221.0,0.0,0.0,0.0
ther_v2_2023q3,,,duration_known,52221.0,0.0,0.0,0.0
ther_v2_2023q4,n_rows,56660.0,,,,,
ther_v2_2023q4,unique_caseid,56660.0,,,,,
ther_v2_2023q4,duplicate_caseid_rows,0.0,,,,,
ther_v2_2023q4,,,caseid,56660.0,0.0,0.0,0.0
ther_v2_2023q4,,,therapy_record_n,56660.0,0.0,0.0,0.0
ther_v2_2023q4,,,has_start_dt,56660.0,0.0,0.0,0.0
ther_v2_2023q4,,,has_end_dt,56660.0,0.0,0.0,0.0
ther_v2_2023q4,,,duration_known,56660.0,0.0,0.0,0.0
ther_v2_2024q1,n_rows,57862.0,,,,,
ther_v2_2024q1,unique_caseid,57862.0,,,,,
ther_v2_2024q1,duplicate_caseid_rows,0.0,,,,,
ther_v2_2024q1,,,caseid,57862.0,0.0,0.0,0.0
ther_v2_2024q1,,,therapy_record_n,57862.0,0.0,0.0,0.0
ther_v2_2024q1,,,has_start_dt,57862.0,0.0,0.0,0.0
ther_v2_2024q1,,,has_end_dt,57862.0,0.0,0.0,0.0
ther_v2_2024q1,,,duration_known,57862.0,0.0,0.0,0.0
ther_v2_2024q2,n_rows,55383.0,,,,,
ther_v2_2024q2,unique_caseid,55383.0,,,,,
ther_v2_2024q2,duplicate_caseid_rows,0.0,,,,,
ther_v2_2024q2,,,caseid,55383.0,0.0,0.0,0.0
ther_v2_2024q2,,,therapy_record_n,55383.0,0.0,0.0,0.0
ther_v2_2024q2,,,has_start_dt,55383.0,0.0,0.0,0.0
ther_v2_2024q2,,,has_end_dt,55383.0,0.0,0.0,0.0
ther_v2_2024q2,,,duration_known,55383.0,0.0,0.0,0.0
ther_v2_2024q3,n_rows,54698.0,,,,,
ther_v2_2024q3,unique_caseid,54698.0,,,,,
ther_v2_2024q3,duplicate_caseid_rows,0.0,,,,,
ther_v2_2024q3,,,caseid,54698.0,0.0,0.0,0.0
ther_v2_2024q3,,,therapy_record_n,54698.0,0.0,0.0,0.0
ther_v2_2024q3,,,has_start_dt,54698.0,0.0,0.0,0.0
ther_v2_2024q3,,,has_end_dt,54698.0,0.0,0.0,0.0
ther_v2_2024q3,,,duration_known,54698.0,0.0,0.0,0.0
ther_v2_2024q4,n_rows,53848.0,,,,,
ther_v2_2024q4,unique_caseid,53848.0,,,,,
ther_v2_2024q4,duplicate_caseid_rows,0.0,,,,,
ther_v2_2024q4,,,caseid,53848.0,0.0,0.0,0.0
ther_v2_2024q4,,,therapy_record_n,53848.0,0.0,0.0,0.0
ther_v2_2024q4,,,has_start_dt,53848.0,0.0,0.0,0.0
ther_v2_2024q4,,,has_end_dt,53848.0,0.0,0.0,0.0
ther_v2_2024q4,,,duration_known,53848.0,0.0,0.0,0.0
ther_v2_2025q1,n_rows,52653.0,,,,,
ther_v2_2025q1,unique_caseid,52653.0,,,,,
ther_v2_2025q1,duplicate_caseid_rows,0.0,,,,,
ther_v2_2025q1,,,caseid,52653.0,0.0,0.0,0.0
ther_v2_2025q1,,,therapy_record_n,52653.0,0.0,0.0,0.0
ther_v2_2025q1,,,has_start_dt,52653.0,0.0,0.0,0.0
ther_v2_2025q1,,,has_end_dt,52653.0,0.0,0.0,0.0
ther_v2_2025q1,,,duration_known,52653.0,0.0,0.0,0.0
ther_v2_2025q2,n_rows,51030.0,,,,,
ther_v2_2025q2,unique_caseid,51030.0,,,,,
ther_v2_2025q2,duplicate_caseid_rows,0.0,,,,,
ther_v2_2025q2,,,caseid,51030.0,0.0,0.0,0.0
ther_v2_2025q2,,,therapy_record_n,51030.0,0.0,0.0,0.0
ther_v2_2025q2,,,has_start_dt,51030.0,0.0,0.0,0.0
ther_v2_2025q2,,,has_end_dt,51030.0,0.0,0.0,0.0
ther_v2_2025q2,,,duration_known,51030.0,0.0,0.0,0.0
ther_v2_2025q3,n_rows,57010.0,,,,,
ther_v2_2025q3,unique_caseid,57010.0,,,,,
ther_v2_2025q3,duplicate_caseid_rows,0.0,,,,,
ther_v2_2025q3,,,caseid,57010.0,0.0,0.0,0.0
ther_v2_2025q3,,,therapy_record_n,57010.0,0.0,0.0,0.0
ther_v2_2025q3,,,has_start_dt,57010.0,0.0,0.0,0.0
ther_v2_2025q3,,,has_end_dt,57010.0,0.0,0.0,0.0
ther_v2_2025q3,,,duration_known,57010.0,0.0,0.0,0.0
ther_v2_2025q4,n_rows,51332.0,,,,,
ther_v2_2025q4,unique_caseid,51332.0,,,,,
ther_v2_2025q4,duplicate_caseid_rows,0.0,,,,,
ther_v2_2025q4,,,caseid,51332.0,0.0,0.0,0.0
ther_v2_2025q4,,,therapy_record_n,51332.0,0.0,0.0,0.0
ther_v2_2025q4,,,has_start_dt,51332.0,0.0,0.0,0.0
ther_v2_2025q4,,,has_end_dt,51332.0,0.0,0.0,0.0
ther_v2_2025q4,,,duration_known,51332.0,0.0,0.0,0.0
